WS_ID,Name,ISIN,Instrument_Type,Country,Primary_Ticker,Primary_Exchange,Primary_MIC,Primary_Currency,Yahoo_Symbol,Alpha_Symbol,Primary_Universe_Index,Index_Tags,Active,Universe_Status,Mapping_Status,Scalable_Tradeability_Status,Source_ID,Source_AsOf,Last_Validated,Share_Class,Notes,G3_Segment
WS:XLON:LGEN.L,LEGAL & GENERAL GRP,,UNKNOWN,GB,LGEN.L,London SE,XLON,GBP,,,EU_STOXX600,EU_STOXX600,True,ACTIVE_VERIFIED,UNMAPPED,NOT_VERIFIED,SRC_STOXX_SXXP_SLPUBLIC,2026-08-03,2026-08-22 18:43:59.282,,,EU_STOXX600
WS:XWAR:INGP.WA,ING BANK SLASKI BSK,,UNKNOWN,PL,INGP.WA,Warsaw SE,XWAR,PLN,,,EU_STOXX600,EU_STOXX600,True,ACTIVE_VERIFIED,UNMAPPED,NOT_VERIFIED,SRC_STOXX_SXXP_SLPUBLIC,2026-08-03,2026-08-22 18:43:59.282,,,EU_STOXX600
WS:XLON:INF.L,INFORMA,,UNKNOWN,GB,INF.L,London SE,XLON,GBP,,,EU_STOXX600,EU_STOXX600,True,ACTIVE_VERIFIED,UNMAPPED,NOT_VERIFIED,SRC_STOXX_SXXP_SLPUBLIC,2026-08-03,2026-08-22 18:43:59.282,,,EU_STOXX600
WS:XLON:NWG.L,NATWEST GROUP,,UNKNOWN,GB,NWG.L,London SE,XLON,GBP,,,EU_STOXX600,EU_STOXX600,True,ACTIVE_VERIFIED,UNMAPPED,NOT_VERIFIED,SRC_STOXX_SXXP_SLPUBLIC,2026-08-03,2026-08-22 18:43:59.282,,,EU_STOXX600
WS:XSWX:VZN.S,VZ HOLDING 'N',,UNKNOWN,CH,VZN.S,Six Swiss Exchange,XSWX,CHF,,,EU_STOXX600,EU_STOXX600,True,ACTIVE_VERIFIED,UNMAPPED,NOT_VERIFIED,SRC_STOXX_SXXP_SLPUBLIC,2026-08-03,2026-08-22 18:43:59.282,,,EU_STOXX600
WS:XCSE:ISS.CO,ISS AS,,UNKNOWN,DK,ISS.CO,NASDAQ Copenhagen,XCSE,DKK,,,EU_STOXX600,EU_STOXX600,True,ACTIVE_VERIFIED,UNMAPPED,NOT_VERIFIED,SRC_STOXX_SXXP_SLPUBLIC,2026-08-03,2026-08-22 18:43:59.282,,,EU_STOXX600
WS:XETR:MRCG.DE,MERCK,,UNKNOWN,DE,MRCG.DE,XETRA,XETR,EUR,,,EU_STOXX600,EU_STOXX600,True,ACTIVE_VERIFIED,UNMAPPED,NOT_VERIFIED,SRC_STOXX_SXXP_SLPUBLIC,2026-08-03,2026-08-22 18:43:59.282,,,EU_STOXX600
WS:XAMS:HEIN.AS,HEINEKEN,,UNKNOWN,NL,HEIN.AS,Euronext Amsterdam,XAMS,EUR,,,EU_STOXX600,EU_STOXX600,True,ACTIVE_VERIFIED,UNMAPPED,NOT_VERIFIED,SRC_STOXX_SXXP_SLPUBLIC,2026-08-03,2026-08-22 18:43:59.282,,,EU_STOXX600
WS:XLON:WISEA.L,WISE GROUP A,,UNKNOWN,GB,WISEa.L,London SE,XLON,GBP,,,EU_STOXX600,EU_STOXX600,True,ACTIVE_VERIFIED,UNMAPPED,NOT_VERIFIED,SRC_STOXX_SXXP_SLPUBLIC,2026-08-03,2026-08-22 18:43:59.282,,,EU_STOXX600
WS:XLON:HLN.L,HALEON,,UNKNOWN,GB,HLN.L,London SE,XLON,GBP,,,EU_STOXX600,EU_STOXX600,True,ACTIVE_VERIFIED,UNMAPPED,NOT_VERIFIED,SRC_STOXX_SXXP_SLPUBLIC,2026-08-03,2026-08-22 18:43:59.282,,,EU_STOXX600
WS:XSWX:GF.S,GEORG FISCHER,,UNKNOWN,CH,GF.S,Six Swiss Exchange,XSWX,CHF,,,EU_STOXX600,EU_STOXX600,True,ACTIVE_VERIFIED,UNMAPPED,NOT_VERIFIED,SRC_STOXX_SXXP_SLPUBLIC,2026-08-03,2026-08-22 18:43:59.282,,,EU_STOXX600
WS:XMIL:TRN.MI,TERNA,,UNKNOWN,IT,TRN.MI,Borsa Italiana,XMIL,EUR,,,EU_STOXX600,EU_STOXX600,True,ACTIVE_VERIFIED,UNMAPPED,NOT_VERIFIED,SRC_STOXX_SXXP_SLPUBLIC,2026-08-03,2026-08-22 18:43:59.282,,,EU_STOXX600
WS:XAMS:WLSNC.AS,WOLTERS KLUWER,,UNKNOWN,NL,WLSNc.AS,Euronext Amsterdam,XAMS,EUR,,,EU_STOXX600,EU_STOXX600,True,ACTIVE_VERIFIED,UNMAPPED,NOT_VERIFIED,SRC_STOXX_SXXP_SLPUBLIC,2026-08-03,2026-08-22 18:43:59.282,,,EU_STOXX600
WS:XSTO:SAVE.ST,NORDNET,,UNKNOWN,SE,SAVE.ST,NASDAQ Stockholm,XSTO,SEK,,,EU_STOXX600,EU_STOXX600,True,ACTIVE_VERIFIED,UNMAPPED,NOT_VERIFIED,SRC_STOXX_SXXP_SLPUBLIC,2026-08-03,2026-08-22 18:43:59.282,,,EU_STOXX600
WS:XMIL:BMPS.MI,BANCA MONTE DEI PASCHI,,UNKNOWN,IT,BMPS.MI,Borsa Italiana,XMIL,EUR,,,EU_STOXX600,EU_STOXX600,True,ACTIVE_VERIFIED,UNMAPPED,NOT_VERIFIED,SRC_STOXX_SXXP_SLPUBLIC,2026-08-03,2026-08-22 18:43:59.282,,,EU_STOXX600
WS:XHEL:STERV.HE,STORA ENSO R,,UNKNOWN,FI,STERV.HE,NASDAQ Helsinki,XHEL,EUR,,,EU_STOXX600,EU_STOXX600,True,ACTIVE_VERIFIED,UNMAPPED,NOT_VERIFIED,SRC_STOXX_SXXP_SLPUBLIC,2026-08-03,2026-08-22 18:43:59.282,,,EU_STOXX600
WS:XBRU:SYENS.BR,SYENSQO,,UNKNOWN,BE,SYENS.BR,Euronext Brussels,XBRU,EUR,,,EU_STOXX600,EU_STOXX600,True,ACTIVE_VERIFIED,UNMAPPED,NOT_VERIFIED,SRC_STOXX_SXXP_SLPUBLIC,2026-08-03,2026-08-22 18:43:59.282,,,EU_STOXX600
WS:XLON:LMPL.L,LONDONMETRIC PROPERTY PLC,,UNKNOWN,GB,LMPL.L,London SE,XLON,GBP,,,EU_STOXX600,EU_STOXX600,True,ACTIVE_VERIFIED,UNMAPPED,NOT_VERIFIED,SRC_STOXX_SXXP_SLPUBLIC,2026-08-03,2026-08-22 18:43:59.282,,,EU_STOXX600
WS:XSTO:WIHL.ST,WIHLBORGS FASTIGHETER,,UNKNOWN,SE,WIHL.ST,NASDAQ Stockholm,XSTO,SEK,,,EU_STOXX600,EU_STOXX600,True,ACTIVE_VERIFIED,UNMAPPED,NOT_VERIFIED,SRC_STOXX_SXXP_SLPUBLIC,2026-08-03,2026-08-22 18:43:59.282,,,EU_STOXX600
WS:XWAR:PZU.WA,PZU GROUP,,UNKNOWN,PL,PZU.WA,Warsaw SE,XWAR,PLN,,,EU_STOXX600,EU_STOXX600,True,ACTIVE_VERIFIED,UNMAPPED,NOT_VERIFIED,SRC_STOXX_SXXP_SLPUBLIC,2026-08-03,2026-08-22 18:43:59.282,,,EU_STOXX600
WS:XAMS:AALB.AS,AALBERTS,,UNKNOWN,NL,AALB.AS,Euronext Amsterdam,XAMS,EUR,,,EU_STOXX600,EU_STOXX600,True,ACTIVE_VERIFIED,UNMAPPED,NOT_VERIFIED,SRC_STOXX_SXXP_SLPUBLIC,2026-08-03,2026-08-22 18:43:59.282,,,EU_STOXX600
WS:XLON:BAES.L,BAE SYSTEMS,,UNKNOWN,GB,BAES.L,London SE,XLON,GBP,,,EU_STOXX600,EU_STOXX600,True,ACTIVE_VERIFIED,UNMAPPED,NOT_VERIFIED,SRC_STOXX_SXXP_SLPUBLIC,2026-08-03,2026-08-22 18:43:59.282,,,EU_STOXX600
WS:XCSE:FLS.CO,FLSMIDTH & COMPANY,,UNKNOWN,DK,FLS.CO,NASDAQ Copenhagen,XCSE,DKK,,,EU_STOXX600,EU_STOXX600,True,ACTIVE_VERIFIED,UNMAPPED,NOT_VERIFIED,SRC_STOXX_SXXP_SLPUBLIC,2026-08-03,2026-08-22 18:43:59.282,,,EU_STOXX600
WS:XSTO:EQTAB.ST,EQT,,UNKNOWN,SE,EQTAB.ST,NASDAQ Stockholm,XSTO,SEK,,,EU_STOXX600,EU_STOXX600,True,ACTIVE_VERIFIED,UNMAPPED,NOT_VERIFIED,SRC_STOXX_SXXP_SLPUBLIC,2026-08-03,2026-08-22 18:43:59.282,,,EU_STOXX600
WS:XLON:CTEC.L,CONVATEC PLC,,UNKNOWN,GB,CTEC.L,London SE,XLON,GBP,,,EU_STOXX600,EU_STOXX600,True,ACTIVE_VERIFIED,UNMAPPED,NOT_VERIFIED,SRC_STOXX_SXXP_SLPUBLIC,2026-08-03,2026-08-22 18:43:59.282,,,EU_STOXX600
WS:XSTO:AXFO.ST,AXFOOD,,UNKNOWN,SE,AXFO.ST,NASDAQ Stockholm,XSTO,SEK,,,EU_STOXX600,EU_STOXX600,True,ACTIVE_VERIFIED,UNMAPPED,NOT_VERIFIED,SRC_STOXX_SXXP_SLPUBLIC,2026-08-03,2026-08-22 18:43:59.282,,,EU_STOXX600
WS:XCSE:RILBA.CO,RINGKJOBING LANDBOBANK,,UNKNOWN,DK,RILBA.CO,NASDAQ Copenhagen,XCSE,DKK,,,EU_STOXX600,EU_STOXX600,True,ACTIVE_VERIFIED,UNMAPPED,NOT_VERIFIED,SRC_STOXX_SXXP_SLPUBLIC,2026-08-03,2026-08-22 18:43:59.282,,,EU_STOXX600
WS:XETR:P911_P.DE,DR ING HC F PORSCHE PREF.,,UNKNOWN,DE,P911_p.DE,XETRA,XETR,EUR,,,EU_STOXX600,EU_STOXX600,True,ACTIVE_VERIFIED,UNMAPPED,NOT_VERIFIED,SRC_STOXX_SXXP_SLPUBLIC,2026-08-03,2026-08-22 18:43:59.282,,,EU_STOXX600
WS:XSWX:KNIN.S,KUEHNE + NAGEL,,UNKNOWN,CH,KNIN.S,Six Swiss Exchange,XSWX,CHF,,,EU_STOXX600,EU_STOXX600,True,ACTIVE_VERIFIED,UNMAPPED,NOT_VERIFIED,SRC_STOXX_SXXP_SLPUBLIC,2026-08-03,2026-08-22 18:43:59.282,,,EU_STOXX600
WS:XSWX:SCHP.S,SCHINDLER P,,UNKNOWN,CH,SCHP.S,Six Swiss Exchange,XSWX,CHF,,,EU_STOXX600,EU_STOXX600,True,ACTIVE_VERIFIED,UNMAPPED,NOT_VERIFIED,SRC_STOXX_SXXP_SLPUBLIC,2026-08-03,2026-08-22 18:43:59.282,,,EU_STOXX600
WS:XTSE:ATRL,AtkinsRéalis Group Inc.,,UNKNOWN,Canada,ATRL,Toronto Stock Exchange,XTSE,CAD,,,CA_TSX,CA_TSX,True,ACTIVE_VERIFIED,UNMAPPED,NOT_VERIFIED,SRC_TMX_TSX_COMPOSITE,,2026-08-22 18:43:59.282,,,CA_TSX
WS:XTSE:WCN,Waste Connections Inc.,,UNKNOWN,Canada,WCN,Toronto Stock Exchange,XTSE,CAD,,,CA_TSX,CA_TSX,True,ACTIVE_VERIFIED,UNMAPPED,NOT_VERIFIED,SRC_TMX_TSX_COMPOSITE,,2026-08-22 18:43:59.282,,,CA_TSX
WS:XTSE:RCH,Richelieu Hardware Ltd.,,UNKNOWN,Canada,RCH,Toronto Stock Exchange,XTSE,CAD,,,CA_TSX,CA_TSX,True,ACTIVE_VERIFIED,UNMAPPED,NOT_VERIFIED,SRC_TMX_TSX_COMPOSITE,,2026-08-22 18:43:59.282,,,CA_TSX
WS:XTSE:GFL,GFL Environmental Inc. subordinate voting shares,,UNKNOWN,Canada,GFL,Toronto Stock Exchange,XTSE,CAD,,,CA_TSX,CA_TSX,True,ACTIVE_VERIFIED,UNMAPPED,NOT_VERIFIED,SRC_TMX_TSX_COMPOSITE,,2026-08-22 18:43:59.282,,,CA_TSX
WS:XTSE:ONEX,ONEX Corporation Subordinate Voting Shares,,UNKNOWN,Canada,ONEX,Toronto Stock Exchange,XTSE,CAD,,,CA_TSX,CA_TSX,True,ACTIVE_VERIFIED,UNMAPPED,NOT_VERIFIED,SRC_TMX_TSX_COMPOSITE,,2026-08-22 18:43:59.282,,,CA_TSX
WS:XTSE:SES,Secure Waste Infrastructure Corp.,,UNKNOWN,Canada,SES,Toronto Stock Exchange,XTSE,CAD,,,CA_TSX,CA_TSX,True,ACTIVE_VERIFIED,UNMAPPED,NOT_VERIFIED,SRC_TMX_TSX_COMPOSITE,,2026-08-22 18:43:59.282,,,CA_TSX
WS:XTSE:EDR,Endeavour Silver Corp.,,UNKNOWN,Canada,EDR,Toronto Stock Exchange,XTSE,CAD,,,CA_TSX,CA_TSX,True,ACTIVE_VERIFIED,UNMAPPED,NOT_VERIFIED,SRC_TMX_TSX_COMPOSITE,,2026-08-22 18:43:59.282,,,CA_TSX
WS:XTSE:LB,Laurentian Bank of Canada,,UNKNOWN,Canada,LB,Toronto Stock Exchange,XTSE,CAD,,,CA_TSX,CA_TSX,True,ACTIVE_VERIFIED,UNMAPPED,NOT_VERIFIED,SRC_TMX_TSX_COMPOSITE,,2026-08-22 18:43:59.282,,,CA_TSX
WS:XTSE:SKE,Skeena Resources Limited,,UNKNOWN,Canada,SKE,Toronto Stock Exchange,XTSE,CAD,,,CA_TSX,CA_TSX,True,ACTIVE_VERIFIED,UNMAPPED,NOT_VERIFIED,SRC_TMX_TSX_COMPOSITE,,2026-08-22 18:43:59.282,,,CA_TSX
WS:XTSE:CCA,Cogeco Communications Inc. Subordinate Voting Shares,,UNKNOWN,Canada,CCA,Toronto Stock Exchange,XTSE,CAD,,,CA_TSX,CA_TSX,True,ACTIVE_VERIFIED,UNMAPPED,NOT_VERIFIED,SRC_TMX_TSX_COMPOSITE,,2026-08-22 18:43:59.282,,,CA_TSX
WS:XTSE:TXG,Torex Gold Resources Inc.,,UNKNOWN,Canada,TXG,Toronto Stock Exchange,XTSE,CAD,,,CA_TSX,CA_TSX,True,ACTIVE_VERIFIED,UNMAPPED,NOT_VERIFIED,SRC_TMX_TSX_COMPOSITE,,2026-08-22 18:43:59.282,,,CA_TSX
WS:XTSE:MAU,Montage Gold Corp.,,UNKNOWN,Canada,MAU,Toronto Stock Exchange,XTSE,CAD,,,CA_TSX,CA_TSX,True,ACTIVE_VERIFIED,UNMAPPED,NOT_VERIFIED,SRC_TMX_TSX_COMPOSITE,,2026-08-22 18:43:59.282,,,CA_TSX
WS:XTSE:TECK.B,Teck Resources Limited Class B Subordinate Voting Shares,,UNKNOWN,Canada,TECK.B,Toronto Stock Exchange,XTSE,CAD,,,CA_TSX,CA_TSX,True,ACTIVE_VERIFIED,UNMAPPED,NOT_VERIFIED,SRC_TMX_TSX_COMPOSITE,,2026-08-22 18:43:59.282,,,CA_TSX
WS:XTSE:NXE,NexGen Energy Ltd.,,UNKNOWN,Canada,NXE,Toronto Stock Exchange,XTSE,CAD,,,CA_TSX,CA_TSX,True,ACTIVE_VERIFIED,UNMAPPED,NOT_VERIFIED,SRC_TMX_TSX_COMPOSITE,,2026-08-22 18:43:59.282,,,CA_TSX
WS:XTSE:MG,Magna International Inc.,,UNKNOWN,Canada,MG,Toronto Stock Exchange,XTSE,CAD,,,CA_TSX,CA_TSX,True,ACTIVE_VERIFIED,UNMAPPED,NOT_VERIFIED,SRC_TMX_TSX_COMPOSITE,,2026-08-22 18:43:59.282,,,CA_TSX
WS:XTSE:NTR,Nutrien Ltd.,,UNKNOWN,Canada,NTR,Toronto Stock Exchange,XTSE,CAD,,,CA_TSX,CA_TSX,True,ACTIVE_VERIFIED,UNMAPPED,NOT_VERIFIED,SRC_TMX_TSX_COMPOSITE,,2026-08-22 18:43:59.282,,,CA_TSX
WS:XTSE:TSU,Trisura Group Ltd.,,UNKNOWN,Canada,TSU,Toronto Stock Exchange,XTSE,CAD,,,CA_TSX,CA_TSX,True,ACTIVE_VERIFIED,UNMAPPED,NOT_VERIFIED,SRC_TMX_TSX_COMPOSITE,,2026-08-22 18:43:59.282,,,CA_TSX
WS:XTSE:ABRA,AbraSilver Resource Corp.,,UNKNOWN,Canada,ABRA,Toronto Stock Exchange,XTSE,CAD,,,CA_TSX,CA_TSX,True,ACTIVE_VERIFIED,UNMAPPED,NOT_VERIFIED,SRC_TMX_TSX_COMPOSITE,,2026-08-22 18:43:59.282,,,CA_TSX
WS:XTSE:BIR,Birchcliff Energy Ltd.,,UNKNOWN,Canada,BIR,Toronto Stock Exchange,XTSE,CAD,,,CA_TSX,CA_TSX,True,ACTIVE_VERIFIED,UNMAPPED,NOT_VERIFIED,SRC_TMX_TSX_COMPOSITE,,2026-08-22 18:43:59.282,,,CA_TSX
WS:XTSE:ERO,Ero Copper Corp.,,UNKNOWN,Canada,ERO,Toronto Stock Exchange,XTSE,CAD,,,CA_TSX,CA_TSX,True,ACTIVE_VERIFIED,UNMAPPED,NOT_VERIFIED,SRC_TMX_TSX_COMPOSITE,,2026-08-22 18:43:59.282,,,CA_TSX
WS:XTSE:BDT,Bird Construction Inc.,,UNKNOWN,Canada,BDT,Toronto Stock Exchange,XTSE,CAD,,,CA_TSX,CA_TSX,True,ACTIVE_VERIFIED,UNMAPPED,NOT_VERIFIED,SRC_TMX_TSX_COMPOSITE,,2026-08-22 18:43:59.282,,,CA_TSX
WS:XTSE:SXGC,Southern Cross Gold Consolidated Ltd.,,UNKNOWN,Canada,SXGC,Toronto Stock Exchange,XTSE,CAD,,,CA_TSX,CA_TSX,True,ACTIVE_VERIFIED,UNMAPPED,NOT_VERIFIED,SRC_TMX_TSX_COMPOSITE,,2026-08-22 18:43:59.282,,,CA_TSX
WS:XTSE:WSP,WSP Global Inc.,,UNKNOWN,Canada,WSP,Toronto Stock Exchange,XTSE,CAD,,,CA_TSX,CA_TSX,True,ACTIVE_VERIFIED,UNMAPPED,NOT_VERIFIED,SRC_TMX_TSX_COMPOSITE,,2026-08-22 18:43:59.282,,,CA_TSX
WS:XTSE:TOU,Tourmaline Oil Corp.,,UNKNOWN,Canada,TOU,Toronto Stock Exchange,XTSE,CAD,,,CA_TSX,CA_TSX,True,ACTIVE_VERIFIED,UNMAPPED,NOT_VERIFIED,SRC_TMX_TSX_COMPOSITE,,2026-08-22 18:43:59.282,,,CA_TSX
WS:XTSE:IAU,i-80 Gold Corp.,,UNKNOWN,Canada,IAU,Toronto Stock Exchange,XTSE,CAD,,,CA_TSX,CA_TSX,True,ACTIVE_VERIFIED,UNMAPPED,NOT_VERIFIED,SRC_TMX_TSX_COMPOSITE,,2026-08-22 18:43:59.282,,,CA_TSX
WS:XTSE:FTT,Finning International Inc.,,UNKNOWN,Canada,FTT,Toronto Stock Exchange,XTSE,CAD,,,CA_TSX,CA_TSX,True,ACTIVE_VERIFIED,UNMAPPED,NOT_VERIFIED,SRC_TMX_TSX_COMPOSITE,,2026-08-22 18:43:59.282,,,CA_TSX
WS:XTSE:WCP,Whitecap Resources Inc.,,UNKNOWN,Canada,WCP,Toronto Stock Exchange,XTSE,CAD,,,CA_TSX,CA_TSX,True,ACTIVE_VERIFIED,UNMAPPED,NOT_VERIFIED,SRC_TMX_TSX_COMPOSITE,,2026-08-22 18:43:59.282,,,CA_TSX
WS:XTSE:SOBO,South Bow Corporation,,UNKNOWN,Canada,SOBO,Toronto Stock Exchange,XTSE,CAD,,,CA_TSX,CA_TSX,True,ACTIVE_VERIFIED,UNMAPPED,NOT_VERIFIED,SRC_TMX_TSX_COMPOSITE,,2026-08-22 18:43:59.282,,,CA_TSX
WS:XTSE:EFX,Enerflex Ltd.,,UNKNOWN,Canada,EFX,Toronto Stock Exchange,XTSE,CAD,,,CA_TSX,CA_TSX,True,ACTIVE_VERIFIED,UNMAPPED,NOT_VERIFIED,SRC_TMX_TSX_COMPOSITE,,2026-08-22 18:43:59.282,,,CA_TSX
WS:XTSE:CLS,Celestica Inc.,,UNKNOWN,Canada,CLS,Toronto Stock Exchange,XTSE,CAD,,,CA_TSX,CA_TSX,True,ACTIVE_VERIFIED,UNMAPPED,NOT_VERIFIED,SRC_TMX_TSX_COMPOSITE,,2026-08-22 18:43:59.282,,,CA_TSX
WS:XTKS:6471,NSK LTD.,,COMMON_STOCK,Japan,6471,Tokyo Stock Exchange,XTKS,JPY,,,JP_N225,JP_N225,True,ACTIVE_VERIFIED,UNMAPPED,NOT_VERIFIED,SRC_NIKKEI225,2026-07-31,2026-08-22 18:43:59.282,,,JP_N225
WS:XTKS:1963,JGC HOLDINGS CORP.,,COMMON_STOCK,Japan,1963,Tokyo Stock Exchange,XTKS,JPY,,,JP_N225,JP_N225,True,ACTIVE_VERIFIED,UNMAPPED,NOT_VERIFIED,SRC_NIKKEI225,2026-07-31,2026-08-22 18:43:59.282,,,JP_N225
WS:XTKS:6504,"FUJI ELECTRIC CO., LTD.",,COMMON_STOCK,Japan,6504,Tokyo Stock Exchange,XTKS,JPY,,,JP_N225,JP_N225,True,ACTIVE_VERIFIED,UNMAPPED,NOT_VERIFIED,SRC_NIKKEI225,2026-07-31,2026-08-22 18:43:59.282,,,JP_N225
WS:XTKS:5101,"THE YOKOHAMA RUBBER CO., LTD.",,COMMON_STOCK,Japan,5101,Tokyo Stock Exchange,XTKS,JPY,,,JP_N225,JP_N225,True,ACTIVE_VERIFIED,UNMAPPED,NOT_VERIFIED,SRC_NIKKEI225,2026-07-31,2026-08-22 18:43:59.282,,,JP_N225
WS:XTKS:6113,"AMADA CO., LTD.",,COMMON_STOCK,Japan,6113,Tokyo Stock Exchange,XTKS,JPY,,,JP_N225,JP_N225,True,ACTIVE_VERIFIED,UNMAPPED,NOT_VERIFIED,SRC_NIKKEI225,2026-07-31,2026-08-22 18:43:59.282,,,JP_N225
WS:XTKS:6305,"HITACHI CONST. MACH. CO., LTD.",,COMMON_STOCK,Japan,6305,Tokyo Stock Exchange,XTKS,JPY,,,JP_N225,JP_N225,True,ACTIVE_VERIFIED,UNMAPPED,NOT_VERIFIED,SRC_NIKKEI225,2026-07-31,2026-08-22 18:43:59.282,,,JP_N225
WS:XTKS:2503,"KIRIN HOLDINGS CO., LTD.",,COMMON_STOCK,Japan,2503,Tokyo Stock Exchange,XTKS,JPY,,,JP_N225,JP_N225,True,ACTIVE_VERIFIED,UNMAPPED,NOT_VERIFIED,SRC_NIKKEI225,2026-07-31,2026-08-22 18:43:59.282,,,JP_N225
WS:XTKS:4704,TREND MICRO INC.,,COMMON_STOCK,Japan,4704,Tokyo Stock Exchange,XTKS,JPY,,,JP_N225,JP_N225,True,ACTIVE_VERIFIED,UNMAPPED,NOT_VERIFIED,SRC_NIKKEI225,2026-07-31,2026-08-22 18:43:59.282,,,JP_N225
WS:XTKS:7186,"YOKOHAMA FINANCIAL GROUP, INC.",,COMMON_STOCK,Japan,7186,Tokyo Stock Exchange,XTKS,JPY,,,JP_N225,JP_N225,True,ACTIVE_VERIFIED,UNMAPPED,NOT_VERIFIED,SRC_NIKKEI225,2026-07-31,2026-08-22 18:43:59.282,,,JP_N225
WS:XTKS:9843,"NITORI HOLDINGS CO., LTD.",,COMMON_STOCK,Japan,9843,Tokyo Stock Exchange,XTKS,JPY,,,JP_N225,JP_N225,True,ACTIVE_VERIFIED,UNMAPPED,NOT_VERIFIED,SRC_NIKKEI225,2026-07-31,2026-08-22 18:43:59.282,,,JP_N225
WS:XTKS:8795,"T&D HOLDINGS, INC.",,COMMON_STOCK,Japan,8795,Tokyo Stock Exchange,XTKS,JPY,,,JP_N225,JP_N225,True,ACTIVE_VERIFIED,UNMAPPED,NOT_VERIFIED,SRC_NIKKEI225,2026-07-31,2026-08-22 18:43:59.282,,,JP_N225
WS:XTKS:3402,"TORAY INDUSTRIES, INC.",,COMMON_STOCK,Japan,3402,Tokyo Stock Exchange,XTKS,JPY,,,JP_N225,JP_N225,True,ACTIVE_VERIFIED,UNMAPPED,NOT_VERIFIED,SRC_NIKKEI225,2026-07-31,2026-08-22 18:43:59.282,,,JP_N225
WS:XTKS:9147,"NIPPON EXPRESS HOLDINGS, INC.",,COMMON_STOCK,Japan,9147,Tokyo Stock Exchange,XTKS,JPY,,,JP_N225,JP_N225,True,ACTIVE_VERIFIED,UNMAPPED,NOT_VERIFIED,SRC_NIKKEI225,2026-07-31,2026-08-22 18:43:59.282,,,JP_N225
WS:XTKS:9532,"OSAKA GAS CO., LTD.",,COMMON_STOCK,Japan,9532,Tokyo Stock Exchange,XTKS,JPY,,,JP_N225,JP_N225,True,ACTIVE_VERIFIED,UNMAPPED,NOT_VERIFIED,SRC_NIKKEI225,2026-07-31,2026-08-22 18:43:59.282,,,JP_N225
WS:XTKS:9983,"FAST RETAILING CO., LTD.",,COMMON_STOCK,Japan,9983,Tokyo Stock Exchange,XTKS,JPY,,,JP_N225,JP_N225,True,ACTIVE_VERIFIED,UNMAPPED,NOT_VERIFIED,SRC_NIKKEI225,2026-07-31,2026-08-22 18:43:59.282,,,JP_N225
WS:XTKS:7270,SUBARU CORP.,,COMMON_STOCK,Japan,7270,Tokyo Stock Exchange,XTKS,JPY,,,JP_N225,JP_N225,True,ACTIVE_VERIFIED,UNMAPPED,NOT_VERIFIED,SRC_NIKKEI225,2026-07-31,2026-08-22 18:43:59.282,,,JP_N225
WS:XTKS:4902,"KONICA MINOLTA, INC.",,COMMON_STOCK,Japan,4902,Tokyo Stock Exchange,XTKS,JPY,,,JP_N225,JP_N225,True,ACTIVE_VERIFIED,UNMAPPED,NOT_VERIFIED,SRC_NIKKEI225,2026-07-31,2026-08-22 18:43:59.282,,,JP_N225
WS:XTKS:3382,"SEVEN & I HOLDINGS CO., LTD.",,COMMON_STOCK,Japan,3382,Tokyo Stock Exchange,XTKS,JPY,,,JP_N225,JP_N225,True,ACTIVE_VERIFIED,UNMAPPED,NOT_VERIFIED,SRC_NIKKEI225,2026-07-31,2026-08-22 18:43:59.282,,,JP_N225
WS:XTKS:4151,"KYOWA KIRIN CO., LTD.",,COMMON_STOCK,Japan,4151,Tokyo Stock Exchange,XTKS,JPY,,,JP_N225,JP_N225,True,ACTIVE_VERIFIED,UNMAPPED,NOT_VERIFIED,SRC_NIKKEI225,2026-07-31,2026-08-22 18:43:59.282,,,JP_N225
WS:XTKS:7532,PAN PACIFIC INTERNATIONAL HOLDINGS CORP.,,COMMON_STOCK,Japan,7532,Tokyo Stock Exchange,XTKS,JPY,,,JP_N225,JP_N225,True,ACTIVE_VERIFIED,UNMAPPED,NOT_VERIFIED,SRC_NIKKEI225,2026-07-31,2026-08-22 18:43:59.282,,,JP_N225
WS:XTKS:7912,"DAI NIPPON PRINTING CO., LTD.",,COMMON_STOCK,Japan,7912,Tokyo Stock Exchange,XTKS,JPY,,,JP_N225,JP_N225,True,ACTIVE_VERIFIED,UNMAPPED,NOT_VERIFIED,SRC_NIKKEI225,2026-07-31,2026-08-22 18:43:59.282,,,JP_N225
WS:XTKS:5706,"MITSUI KINZOKU CO., LTD.",,COMMON_STOCK,Japan,5706,Tokyo Stock Exchange,XTKS,JPY,,,JP_N225,JP_N225,True,ACTIVE_VERIFIED,UNMAPPED,NOT_VERIFIED,SRC_NIKKEI225,2026-07-31,2026-08-22 18:43:59.282,,,JP_N225
WS:XTKS:8253,"CREDIT SAISON CO., LTD.",,COMMON_STOCK,Japan,8253,Tokyo Stock Exchange,XTKS,JPY,,,JP_N225,JP_N225,True,ACTIVE_VERIFIED,UNMAPPED,NOT_VERIFIED,SRC_NIKKEI225,2026-07-31,2026-08-22 18:43:59.282,,,JP_N225
WS:XTKS:8830,"SUMITOMO REALTY & DEVELOPMENT CO., LTD.",,COMMON_STOCK,Japan,8830,Tokyo Stock Exchange,XTKS,JPY,,,JP_N225,JP_N225,True,ACTIVE_VERIFIED,UNMAPPED,NOT_VERIFIED,SRC_NIKKEI225,2026-07-31,2026-08-22 18:43:59.282,,,JP_N225
WS:XTKS:5803,FUJIKURA LTD.,,COMMON_STOCK,Japan,5803,Tokyo Stock Exchange,XTKS,JPY,,,JP_N225,JP_N225,True,ACTIVE_VERIFIED,UNMAPPED,NOT_VERIFIED,SRC_NIKKEI225,2026-07-31,2026-08-22 18:43:59.282,,,JP_N225
WS:XTKS:5411,"JFE HOLDINGS, INC.",,COMMON_STOCK,Japan,5411,Tokyo Stock Exchange,XTKS,JPY,,,JP_N225,JP_N225,True,ACTIVE_VERIFIED,UNMAPPED,NOT_VERIFIED,SRC_NIKKEI225,2026-07-31,2026-08-22 18:43:59.282,,,JP_N225
WS:XTKS:3861,OJI HOLDINGS CORP.,,COMMON_STOCK,Japan,3861,Tokyo Stock Exchange,XTKS,JPY,,,JP_N225,JP_N225,True,ACTIVE_VERIFIED,UNMAPPED,NOT_VERIFIED,SRC_NIKKEI225,2026-07-31,2026-08-22 18:43:59.282,,,JP_N225
WS:XTKS:8604,"NOMURA HOLDINGS, INC.",,COMMON_STOCK,Japan,8604,Tokyo Stock Exchange,XTKS,JPY,,,JP_N225,JP_N225,True,ACTIVE_VERIFIED,UNMAPPED,NOT_VERIFIED,SRC_NIKKEI225,2026-07-31,2026-08-22 18:43:59.282,,,JP_N225
WS:XTKS:6501,"HITACHI, LTD.",,COMMON_STOCK,Japan,6501,Tokyo Stock Exchange,XTKS,JPY,,,JP_N225,JP_N225,True,ACTIVE_VERIFIED,UNMAPPED,NOT_VERIFIED,SRC_NIKKEI225,2026-07-31,2026-08-22 18:43:59.282,,,JP_N225
WS:XTKS:5406,"KOBE STEEL, LTD.",,COMMON_STOCK,Japan,5406,Tokyo Stock Exchange,XTKS,JPY,,,JP_N225,JP_N225,True,ACTIVE_VERIFIED,UNMAPPED,NOT_VERIFIED,SRC_NIKKEI225,2026-07-31,2026-08-22 18:43:59.282,,,JP_N225
WS:XHKG:941,CHINA MOBILE,,UNKNOWN,Hong Kong,941,Hong Kong Exchanges and Clearing,XHKG,HKD,,,HK_HSI,HK_HSI,True,ACTIVE_VERIFIED,UNMAPPED,NOT_VERIFIED,SRC_HSI,,2026-08-22 18:43:59.282,HSI_TYPE_R,,HK_HSI
WS:XHKG:1928,SANDS CHINA LTD,,UNKNOWN,Hong Kong,1928,Hong Kong Exchanges and Clearing,XHKG,HKD,,,HK_HSI,HK_HSI,True,ACTIVE_VERIFIED,UNMAPPED,NOT_VERIFIED,SRC_HSI,,2026-08-22 18:43:59.282,HSI_TYPE_O,,HK_HSI
WS:XHKG:6160,BEONE MEDICINES,,UNKNOWN,Hong Kong,6160,Hong Kong Exchanges and Clearing,XHKG,HKD,,,HK_HSI,HK_HSI,True,ACTIVE_VERIFIED,UNMAPPED,NOT_VERIFIED,SRC_HSI,,2026-08-22 18:43:59.282,HSI_TYPE_O,,HK_HSI
WS:XHKG:1099,SINOPHARM,,UNKNOWN,Hong Kong,1099,Hong Kong Exchanges and Clearing,XHKG,HKD,,,HK_HSI,HK_HSI,True,ACTIVE_VERIFIED,UNMAPPED,NOT_VERIFIED,SRC_HSI,,2026-08-22 18:43:59.282,HSI_TYPE_H,,HK_HSI
WS:XHKG:669,TECHTRONIC IND,,UNKNOWN,Hong Kong,669,Hong Kong Exchanges and Clearing,XHKG,HKD,,,HK_HSI,HK_HSI,True,ACTIVE_VERIFIED,UNMAPPED,NOT_VERIFIED,SRC_HSI,,2026-08-22 18:43:59.282,HSI_TYPE_O,,HK_HSI
WS:XHKG:175,GEELY AUTO,,UNKNOWN,Hong Kong,175,Hong Kong Exchanges and Clearing,XHKG,HKD,,,HK_HSI,HK_HSI,True,ACTIVE_VERIFIED,UNMAPPED,NOT_VERIFIED,SRC_HSI,,2026-08-22 18:43:59.282,HSI_TYPE_O,,HK_HSI
WS:XHKG:2020,ANTA SPORTS,,UNKNOWN,Hong Kong,2020,Hong Kong Exchanges and Clearing,XHKG,HKD,,,HK_HSI,HK_HSI,True,ACTIVE_VERIFIED,UNMAPPED,NOT_VERIFIED,SRC_HSI,,2026-08-22 18:43:59.282,HSI_TYPE_O,,HK_HSI
WS:XHKG:1044,HENGAN INT'L,,UNKNOWN,Hong Kong,1044,Hong Kong Exchanges and Clearing,XHKG,HKD,,,HK_HSI,HK_HSI,True,ACTIVE_VERIFIED,UNMAPPED,NOT_VERIFIED,SRC_HSI,,2026-08-22 18:43:59.282,HSI_TYPE_O,,HK_HSI
WS:XHKG:868,XINYI GLASS,,UNKNOWN,Hong Kong,868,Hong Kong Exchanges and Clearing,XHKG,HKD,,,HK_HSI,HK_HSI,True,ACTIVE_VERIFIED,UNMAPPED,NOT_VERIFIED,SRC_HSI,,2026-08-22 18:43:59.282,HSI_TYPE_O,,HK_HSI
WS:XHKG:9633,NONGFU SPRING,,UNKNOWN,Hong Kong,9633,Hong Kong Exchanges and Clearing,XHKG,HKD,,,HK_HSI,HK_HSI,True,ACTIVE_VERIFIED,UNMAPPED,NOT_VERIFIED,SRC_HSI,,2026-08-22 18:43:59.282,HSI_TYPE_H,,HK_HSI
WS:XHKG:960,LONGFOR GROUP,,UNKNOWN,Hong Kong,960,Hong Kong Exchanges and Clearing,XHKG,HKD,,,HK_HSI,HK_HSI,True,ACTIVE_VERIFIED,UNMAPPED,NOT_VERIFIED,SRC_HSI,,2026-08-22 18:43:59.282,HSI_TYPE_O,,HK_HSI
WS:XHKG:1398,ICBC,,UNKNOWN,Hong Kong,1398,Hong Kong Exchanges and Clearing,XHKG,HKD,,,HK_HSI,HK_HSI,True,ACTIVE_VERIFIED,UNMAPPED,NOT_VERIFIED,SRC_HSI,,2026-08-22 18:43:59.282,HSI_TYPE_H,,HK_HSI
WS:XHKG:241,ALI HEALTH,,UNKNOWN,Hong Kong,241,Hong Kong Exchanges and Clearing,XHKG,HKD,,,HK_HSI,HK_HSI,True,ACTIVE_VERIFIED,UNMAPPED,NOT_VERIFIED,SRC_HSI,,2026-08-22 18:43:59.282,HSI_TYPE_O,,HK_HSI
WS:XHKG:857,PETROCHINA,,UNKNOWN,Hong Kong,857,Hong Kong Exchanges and Clearing,XHKG,HKD,,,HK_HSI,HK_HSI,True,ACTIVE_VERIFIED,UNMAPPED,NOT_VERIFIED,SRC_HSI,,2026-08-22 18:43:59.282,HSI_TYPE_H,,HK_HSI
WS:XHKG:16,SHK PPT,,UNKNOWN,Hong Kong,16,Hong Kong Exchanges and Clearing,XHKG,HKD,,,HK_HSI,HK_HSI,True,ACTIVE_VERIFIED,UNMAPPED,NOT_VERIFIED,SRC_HSI,,2026-08-22 18:43:59.282,HSI_TYPE_O,,HK_HSI
WS:XHKG:700,TENCENT,,UNKNOWN,Hong Kong,700,Hong Kong Exchanges and Clearing,XHKG,HKD,,,HK_HSI,HK_HSI,True,ACTIVE_VERIFIED,UNMAPPED,NOT_VERIFIED,SRC_HSI,,2026-08-22 18:43:59.282,HSI_TYPE_O,,HK_HSI
WS:XHKG:388,HKEX,,UNKNOWN,Hong Kong,388,Hong Kong Exchanges and Clearing,XHKG,HKD,,,HK_HSI,HK_HSI,True,ACTIVE_VERIFIED,UNMAPPED,NOT_VERIFIED,SRC_HSI,,2026-08-22 18:43:59.282,HSI_TYPE_O,,HK_HSI
WS:XHKG:2382,SUNNY OPTICAL,,UNKNOWN,Hong Kong,2382,Hong Kong Exchanges and Clearing,XHKG,HKD,,,HK_HSI,HK_HSI,True,ACTIVE_VERIFIED,UNMAPPED,NOT_VERIFIED,SRC_HSI,,2026-08-22 18:43:59.282,HSI_TYPE_O,,HK_HSI
WS:XHKG:288,WH GROUP,,UNKNOWN,Hong Kong,288,Hong Kong Exchanges and Clearing,XHKG,HKD,,,HK_HSI,HK_HSI,True,ACTIVE_VERIFIED,UNMAPPED,NOT_VERIFIED,SRC_HSI,,2026-08-22 18:43:59.282,HSI_TYPE_O,,HK_HSI
WS:XHKG:939,CCB,,UNKNOWN,Hong Kong,939,Hong Kong Exchanges and Clearing,XHKG,HKD,,,HK_HSI,HK_HSI,True,ACTIVE_VERIFIED,UNMAPPED,NOT_VERIFIED,SRC_HSI,,2026-08-22 18:43:59.282,HSI_TYPE_H,,HK_HSI
WS:XHKG:3968,CM BANK,,UNKNOWN,Hong Kong,3968,Hong Kong Exchanges and Clearing,XHKG,HKD,,,HK_HSI,HK_HSI,True,ACTIVE_VERIFIED,UNMAPPED,NOT_VERIFIED,SRC_HSI,,2026-08-22 18:43:59.282,HSI_TYPE_H,,HK_HSI
WS:XHKG:2359,WUXI APPTEC,,UNKNOWN,Hong Kong,2359,Hong Kong Exchanges and Clearing,XHKG,HKD,,,HK_HSI,HK_HSI,True,ACTIVE_VERIFIED,UNMAPPED,NOT_VERIFIED,SRC_HSI,,2026-08-22 18:43:59.282,HSI_TYPE_H,,HK_HSI
WS:XHKG:1299,AIA,,UNKNOWN,Hong Kong,1299,Hong Kong Exchanges and Clearing,XHKG,HKD,,,HK_HSI,HK_HSI,True,ACTIVE_VERIFIED,UNMAPPED,NOT_VERIFIED,SRC_HSI,,2026-08-22 18:43:59.282,HSI_TYPE_O,,HK_HSI
WS:XHKG:285,BYD ELECTRONIC,,UNKNOWN,Hong Kong,285,Hong Kong Exchanges and Clearing,XHKG,HKD,,,HK_HSI,HK_HSI,True,ACTIVE_VERIFIED,UNMAPPED,NOT_VERIFIED,SRC_HSI,,2026-08-22 18:43:59.282,HSI_TYPE_O,,HK_HSI
WS:XHKG:300,MIDEA GROUP,,UNKNOWN,Hong Kong,300,Hong Kong Exchanges and Clearing,XHKG,HKD,,,HK_HSI,HK_HSI,True,ACTIVE_VERIFIED,UNMAPPED,NOT_VERIFIED,SRC_HSI,,2026-08-22 18:43:59.282,HSI_TYPE_H,,HK_HSI
WS:XHKG:2313,SHENZHOU INTL,,UNKNOWN,Hong Kong,2313,Hong Kong Exchanges and Clearing,XHKG,HKD,,,HK_HSI,HK_HSI,True,ACTIVE_VERIFIED,UNMAPPED,NOT_VERIFIED,SRC_HSI,,2026-08-22 18:43:59.282,HSI_TYPE_O,,HK_HSI
WS:XHKG:1876,BUD APAC,,UNKNOWN,Hong Kong,1876,Hong Kong Exchanges and Clearing,XHKG,HKD,,,HK_HSI,HK_HSI,True,ACTIVE_VERIFIED,UNMAPPED,NOT_VERIFIED,SRC_HSI,,2026-08-22 18:43:59.282,HSI_TYPE_O,,HK_HSI
WS:XHKG:322,TINGYI,,UNKNOWN,Hong Kong,322,Hong Kong Exchanges and Clearing,XHKG,HKD,,,HK_HSI,HK_HSI,True,ACTIVE_VERIFIED,UNMAPPED,NOT_VERIFIED,SRC_HSI,,2026-08-22 18:43:59.282,HSI_TYPE_O,,HK_HSI
WS:XHKG:6181,LAOPU GOLD,,UNKNOWN,Hong Kong,6181,Hong Kong Exchanges and Clearing,XHKG,HKD,,,HK_HSI,HK_HSI,True,ACTIVE_VERIFIED,UNMAPPED,NOT_VERIFIED,SRC_HSI,,2026-08-22 18:43:59.282,HSI_TYPE_H,,HK_HSI
WS:XHKG:27,GALAXY ENT,,UNKNOWN,Hong Kong,27,Hong Kong Exchanges and Clearing,XHKG,HKD,,,HK_HSI,HK_HSI,True,ACTIVE_VERIFIED,UNMAPPED,NOT_VERIFIED,SRC_HSI,,2026-08-22 18:43:59.282,HSI_TYPE_O,,HK_HSI
WS:XSHE:300628,YEALINK NETWORK TECHNOLOGY CORPORATION LIMITED,,COMMON_STOCK,China,300628,Shenzhen Stock Exchange,XSHE,CNY,,,CN_CSI300,CN_CSI300,True,ACTIVE_VERIFIED,UNMAPPED,NOT_VERIFIED,SRC_CSI300,2026-08-21,2026-08-22 18:43:59.282,A_SHARE,,CN_CSI300
WS:XSHG:600918,"ZHONGTAI SECURITIES CO., LTD.",,COMMON_STOCK,China,600918,Shanghai Stock Exchange,XSHG,CNY,,,CN_CSI300,CN_CSI300,True,ACTIVE_VERIFIED,UNMAPPED,NOT_VERIFIED,SRC_CSI300,2026-08-21,2026-08-22 18:43:59.282,A_SHARE,,CN_CSI300
WS:XSHE:000657,China Tungsten and Hightech Materials Co Ltd,,COMMON_STOCK,China,000657,Shenzhen Stock Exchange,XSHE,CNY,,,CN_CSI300,CN_CSI300,True,ACTIVE_VERIFIED,UNMAPPED,NOT_VERIFIED,SRC_CSI300,2026-08-21,2026-08-22 18:43:59.282,A_SHARE,,CN_CSI300
WS:XSHE:300408,"CHAOZHOU THREE-CIRCLE(GROUP)CO.,LTD",,COMMON_STOCK,China,300408,Shenzhen Stock Exchange,XSHE,CNY,,,CN_CSI300,CN_CSI300,True,ACTIVE_VERIFIED,UNMAPPED,NOT_VERIFIED,SRC_CSI300,2026-08-21,2026-08-22 18:43:59.282,A_SHARE,,CN_CSI300
WS:XSHE:002625,"Kuang-Chi Technologies Co., Ltd.",,COMMON_STOCK,China,002625,Shenzhen Stock Exchange,XSHE,CNY,,,CN_CSI300,CN_CSI300,True,ACTIVE_VERIFIED,UNMAPPED,NOT_VERIFIED,SRC_CSI300,2026-08-21,2026-08-22 18:43:59.282,A_SHARE,,CN_CSI300
WS:XSHE:300033,"Hithink Royalflush Information Network Co.,Ltd.",,COMMON_STOCK,China,300033,Shenzhen Stock Exchange,XSHE,CNY,,,CN_CSI300,CN_CSI300,True,ACTIVE_VERIFIED,UNMAPPED,NOT_VERIFIED,SRC_CSI300,2026-08-21,2026-08-22 18:43:59.282,A_SHARE,,CN_CSI300
WS:XSHG:600150,China CSSC Holdings Limited,,COMMON_STOCK,China,600150,Shanghai Stock Exchange,XSHG,CNY,,,CN_CSI300,CN_CSI300,True,ACTIVE_VERIFIED,UNMAPPED,NOT_VERIFIED,SRC_CSI300,2026-08-21,2026-08-22 18:43:59.282,A_SHARE,,CN_CSI300
WS:XSHG:601211,"GUOTAI HAITONG SECURITIES CO., LTD.",,COMMON_STOCK,China,601211,Shanghai Stock Exchange,XSHG,CNY,,,CN_CSI300,CN_CSI300,True,ACTIVE_VERIFIED,UNMAPPED,NOT_VERIFIED,SRC_CSI300,2026-08-21,2026-08-22 18:43:59.282,A_SHARE,,CN_CSI300
WS:XSHE:301165,"Ruijie Networks Co., Ltd.",,COMMON_STOCK,China,301165,Shenzhen Stock Exchange,XSHE,CNY,,,CN_CSI300,CN_CSI300,True,ACTIVE_VERIFIED,UNMAPPED,NOT_VERIFIED,SRC_CSI300,2026-08-21,2026-08-22 18:43:59.282,A_SHARE,,CN_CSI300
WS:XSHG:601006,Daqin Railway Co Ltd,,COMMON_STOCK,China,601006,Shanghai Stock Exchange,XSHG,CNY,,,CN_CSI300,CN_CSI300,True,ACTIVE_VERIFIED,UNMAPPED,NOT_VERIFIED,SRC_CSI300,2026-08-21,2026-08-22 18:43:59.282,A_SHARE,,CN_CSI300
WS:XSHE:300413,"Mango Excellent Media Co., Ltd.",,COMMON_STOCK,China,300413,Shenzhen Stock Exchange,XSHE,CNY,,,CN_CSI300,CN_CSI300,True,ACTIVE_VERIFIED,UNMAPPED,NOT_VERIFIED,SRC_CSI300,2026-08-21,2026-08-22 18:43:59.282,A_SHARE,,CN_CSI300
WS:XSHG:600519,Kweichow Moutai Co Ltd,,COMMON_STOCK,China,600519,Shanghai Stock Exchange,XSHG,CNY,,,CN_CSI300,CN_CSI300,True,ACTIVE_VERIFIED,UNMAPPED,NOT_VERIFIED,SRC_CSI300,2026-08-21,2026-08-22 18:43:59.282,A_SHARE,,CN_CSI300
WS:XSHG:601878,"ZHESHANG SECURITIES CO., LTD.",,COMMON_STOCK,China,601878,Shanghai Stock Exchange,XSHG,CNY,,,CN_CSI300,CN_CSI300,True,ACTIVE_VERIFIED,UNMAPPED,NOT_VERIFIED,SRC_CSI300,2026-08-21,2026-08-22 18:43:59.282,A_SHARE,,CN_CSI300
WS:XSHG:600460,Hangzhou Silan Microelectronics Co Ltd,,COMMON_STOCK,China,600460,Shanghai Stock Exchange,XSHG,CNY,,,CN_CSI300,CN_CSI300,True,ACTIVE_VERIFIED,UNMAPPED,NOT_VERIFIED,SRC_CSI300,2026-08-21,2026-08-22 18:43:59.282,A_SHARE,,CN_CSI300
WS:XSHE:300433,"Lens Technology Co., Ltd.",,COMMON_STOCK,China,300433,Shenzhen Stock Exchange,XSHE,CNY,,,CN_CSI300,CN_CSI300,True,ACTIVE_VERIFIED,UNMAPPED,NOT_VERIFIED,SRC_CSI300,2026-08-21,2026-08-22 18:43:59.282,A_SHARE,,CN_CSI300
WS:XSHG:600066,Zhengzhou Yutong Bus Co Ltd,,COMMON_STOCK,China,600066,Shanghai Stock Exchange,XSHG,CNY,,,CN_CSI300,CN_CSI300,True,ACTIVE_VERIFIED,UNMAPPED,NOT_VERIFIED,SRC_CSI300,2026-08-21,2026-08-22 18:43:59.282,A_SHARE,,CN_CSI300
WS:XSHE:000338,Wei Chai Power Co Ltd,,COMMON_STOCK,China,000338,Shenzhen Stock Exchange,XSHE,CNY,,,CN_CSI300,CN_CSI300,True,ACTIVE_VERIFIED,UNMAPPED,NOT_VERIFIED,SRC_CSI300,2026-08-21,2026-08-22 18:43:59.282,A_SHARE,,CN_CSI300
WS:XSHG:600031,Sany Heavy Industry Co Ltd,,COMMON_STOCK,China,600031,Shanghai Stock Exchange,XSHG,CNY,,,CN_CSI300,CN_CSI300,True,ACTIVE_VERIFIED,UNMAPPED,NOT_VERIFIED,SRC_CSI300,2026-08-21,2026-08-22 18:43:59.282,A_SHARE,,CN_CSI300
WS:XSHG:600016,China Minsheng Banking Corp Ltd,,COMMON_STOCK,China,600016,Shanghai Stock Exchange,XSHG,CNY,,,CN_CSI300,CN_CSI300,True,ACTIVE_VERIFIED,UNMAPPED,NOT_VERIFIED,SRC_CSI300,2026-08-21,2026-08-22 18:43:59.282,A_SHARE,,CN_CSI300
WS:XSHE:000157,Zoomlion Heavy Industry Science & Technology Co Ltd,,COMMON_STOCK,China,000157,Shenzhen Stock Exchange,XSHE,CNY,,,CN_CSI300,CN_CSI300,True,ACTIVE_VERIFIED,UNMAPPED,NOT_VERIFIED,SRC_CSI300,2026-08-21,2026-08-22 18:43:59.282,A_SHARE,,CN_CSI300
WS:XSHG:603259,"WuXi AppTec Co., Ltd.",,COMMON_STOCK,China,603259,Shanghai Stock Exchange,XSHG,CNY,,,CN_CSI300,CN_CSI300,True,ACTIVE_VERIFIED,UNMAPPED,NOT_VERIFIED,SRC_CSI300,2026-08-21,2026-08-22 18:43:59.282,A_SHARE,,CN_CSI300
WS:XSHG:601689,"Ningbo Tuopu Group Co., Ltd.",,COMMON_STOCK,China,601689,Shanghai Stock Exchange,XSHG,CNY,,,CN_CSI300,CN_CSI300,True,ACTIVE_VERIFIED,UNMAPPED,NOT_VERIFIED,SRC_CSI300,2026-08-21,2026-08-22 18:43:59.282,A_SHARE,,CN_CSI300
WS:XSHG:601816,"Beijing-Shanghai High Speed Railway Co.,Ltd",,COMMON_STOCK,China,601816,Shanghai Stock Exchange,XSHG,CNY,,,CN_CSI300,CN_CSI300,True,ACTIVE_VERIFIED,UNMAPPED,NOT_VERIFIED,SRC_CSI300,2026-08-21,2026-08-22 18:43:59.282,A_SHARE,,CN_CSI300
WS:XSHG:600436,Zhangzhou Pientzehuang Pharmaceutical Co Ltd,,COMMON_STOCK,China,600436,Shanghai Stock Exchange,XSHG,CNY,,,CN_CSI300,CN_CSI300,True,ACTIVE_VERIFIED,UNMAPPED,NOT_VERIFIED,SRC_CSI300,2026-08-21,2026-08-22 18:43:59.282,A_SHARE,,CN_CSI300
WS:XSHE:300750,"Contemporary Amperex Technology Co., Limited.",,COMMON_STOCK,China,300750,Shenzhen Stock Exchange,XSHE,CNY,,,CN_CSI300,CN_CSI300,True,ACTIVE_VERIFIED,UNMAPPED,NOT_VERIFIED,SRC_CSI300,2026-08-21,2026-08-22 18:43:59.282,A_SHARE,,CN_CSI300
WS:XSHG:600115,"China Eastern Airlines Co., Ltd.",,COMMON_STOCK,China,600115,Shanghai Stock Exchange,XSHG,CNY,,,CN_CSI300,CN_CSI300,True,ACTIVE_VERIFIED,UNMAPPED,NOT_VERIFIED,SRC_CSI300,2026-08-21,2026-08-22 18:43:59.282,A_SHARE,,CN_CSI300
WS:XSHE:002027,"Focus Media Information Technology Co., Ltd.",,COMMON_STOCK,China,002027,Shenzhen Stock Exchange,XSHE,CNY,,,CN_CSI300,CN_CSI300,True,ACTIVE_VERIFIED,UNMAPPED,NOT_VERIFIED,SRC_CSI300,2026-08-21,2026-08-22 18:43:59.282,A_SHARE,,CN_CSI300
WS:XSHG:688111,"Beijing Kingsoft Office Software, Inc.",,COMMON_STOCK,China,688111,Shanghai Stock Exchange,XSHG,CNY,,,CN_CSI300,CN_CSI300,True,ACTIVE_VERIFIED,UNMAPPED,NOT_VERIFIED,SRC_CSI300,2026-08-21,2026-08-22 18:43:59.282,A_SHARE,,CN_CSI300
WS:XSHG:601066,"China Securities Co., Ltd.",,COMMON_STOCK,China,601066,Shanghai Stock Exchange,XSHG,CNY,,,CN_CSI300,CN_CSI300,True,ACTIVE_VERIFIED,UNMAPPED,NOT_VERIFIED,SRC_CSI300,2026-08-21,2026-08-22 18:43:59.282,A_SHARE,,CN_CSI300
WS:XSHE:300476,"Victory Giant Technology (HuiZhou)Co.,Ltd.",,COMMON_STOCK,China,300476,Shenzhen Stock Exchange,XSHE,CNY,,,CN_CSI300,CN_CSI300,True,ACTIVE_VERIFIED,UNMAPPED,NOT_VERIFIED,SRC_CSI300,2026-08-21,2026-08-22 18:43:59.282,A_SHARE,,CN_CSI300
WS:ISIN:INE467B01029,Tata Consultancy Services Ltd.,INE467B01029,COMMON_STOCK,India,TCS,National Stock Exchange of India,XNSE,INR,,,IN_NIFTY50,IN_NIFTY50,True,ACTIVE_VERIFIED,UNMAPPED,NOT_VERIFIED,SRC_NIFTY50,,2026-08-22 18:43:59.282,,,IN_NIFTY50
WS:ISIN:INE758T01015,Eternal Ltd.,INE758T01015,COMMON_STOCK,India,ETERNAL,National Stock Exchange of India,XNSE,INR,,,IN_NIFTY50,IN_NIFTY50,True,ACTIVE_VERIFIED,UNMAPPED,NOT_VERIFIED,SRC_NIFTY50,,2026-08-22 18:43:59.282,,,IN_NIFTY50
WS:ISIN:INE238A01034,Axis Bank Ltd.,INE238A01034,COMMON_STOCK,India,AXISBANK,National Stock Exchange of India,XNSE,INR,,,IN_NIFTY50,IN_NIFTY50,True,ACTIVE_VERIFIED,UNMAPPED,NOT_VERIFIED,SRC_NIFTY50,,2026-08-22 18:43:59.282,,,IN_NIFTY50
WS:ISIN:INE280A01028,Titan Company Ltd.,INE280A01028,COMMON_STOCK,India,TITAN,National Stock Exchange of India,XNSE,INR,,,IN_NIFTY50,IN_NIFTY50,True,ACTIVE_VERIFIED,UNMAPPED,NOT_VERIFIED,SRC_NIFTY50,,2026-08-22 18:43:59.282,,,IN_NIFTY50
WS:ISIN:INE397D01024,Bharti Airtel Ltd.,INE397D01024,COMMON_STOCK,India,BHARTIARTL,National Stock Exchange of India,XNSE,INR,,,IN_NIFTY50,IN_NIFTY50,True,ACTIVE_VERIFIED,UNMAPPED,NOT_VERIFIED,SRC_NIFTY50,,2026-08-22 18:43:59.282,,,IN_NIFTY50
WS:ISIN:INE123W01016,SBI Life Insurance Company Ltd.,INE123W01016,COMMON_STOCK,India,SBILIFE,National Stock Exchange of India,XNSE,INR,,,IN_NIFTY50,IN_NIFTY50,True,ACTIVE_VERIFIED,UNMAPPED,NOT_VERIFIED,SRC_NIFTY50,,2026-08-22 18:43:59.282,,,IN_NIFTY50
WS:ISIN:INE027H01010,Max Healthcare Institute Ltd.,INE027H01010,COMMON_STOCK,India,MAXHEALTH,National Stock Exchange of India,XNSE,INR,,,IN_NIFTY50,IN_NIFTY50,True,ACTIVE_VERIFIED,UNMAPPED,NOT_VERIFIED,SRC_NIFTY50,,2026-08-22 18:43:59.282,,,IN_NIFTY50
WS:ISIN:INE021A01026,Asian Paints Ltd.,INE021A01026,COMMON_STOCK,India,ASIANPAINT,National Stock Exchange of India,XNSE,INR,,,IN_NIFTY50,IN_NIFTY50,True,ACTIVE_VERIFIED,UNMAPPED,NOT_VERIFIED,SRC_NIFTY50,,2026-08-22 18:43:59.282,,,IN_NIFTY50
WS:ISIN:INE030A01027,Hindustan Unilever Ltd.,INE030A01027,COMMON_STOCK,India,HINDUNILVR,National Stock Exchange of India,XNSE,INR,,,IN_NIFTY50,IN_NIFTY50,True,ACTIVE_VERIFIED,UNMAPPED,NOT_VERIFIED,SRC_NIFTY50,,2026-08-22 18:43:59.282,,,IN_NIFTY50
WS:ISIN:INE239A01024,Nestle India Ltd.,INE239A01024,COMMON_STOCK,India,NESTLEIND,National Stock Exchange of India,XNSE,INR,,,IN_NIFTY50,IN_NIFTY50,True,ACTIVE_VERIFIED,UNMAPPED,NOT_VERIFIED,SRC_NIFTY50,,2026-08-22 18:43:59.282,,,IN_NIFTY50
WS:ISIN:INE263A01024,Bharat Electronics Ltd.,INE263A01024,COMMON_STOCK,India,BEL,National Stock Exchange of India,XNSE,INR,,,IN_NIFTY50,IN_NIFTY50,True,ACTIVE_VERIFIED,UNMAPPED,NOT_VERIFIED,SRC_NIFTY50,,2026-08-22 18:43:59.282,,,IN_NIFTY50
WS:ISIN:INE795G01014,HDFC Life Insurance Company Ltd.,INE795G01014,COMMON_STOCK,India,HDFCLIFE,National Stock Exchange of India,XNSE,INR,,,IN_NIFTY50,IN_NIFTY50,True,ACTIVE_VERIFIED,UNMAPPED,NOT_VERIFIED,SRC_NIFTY50,,2026-08-22 18:43:59.282,,,IN_NIFTY50
WS:ISIN:INE090A01021,ICICI Bank Ltd.,INE090A01021,COMMON_STOCK,India,ICICIBANK,National Stock Exchange of India,XNSE,INR,,,IN_NIFTY50,IN_NIFTY50,True,ACTIVE_VERIFIED,UNMAPPED,NOT_VERIFIED,SRC_NIFTY50,,2026-08-22 18:43:59.282,,,IN_NIFTY50
WS:ISIN:INE018A01030,Larsen & Toubro Ltd.,INE018A01030,COMMON_STOCK,India,LT,National Stock Exchange of India,XNSE,INR,,,IN_NIFTY50,IN_NIFTY50,True,ACTIVE_VERIFIED,UNMAPPED,NOT_VERIFIED,SRC_NIFTY50,,2026-08-22 18:43:59.282,,,IN_NIFTY50
WS:ISIN:INE059A01026,Cipla Ltd.,INE059A01026,COMMON_STOCK,India,CIPLA,National Stock Exchange of India,XNSE,INR,,,IN_NIFTY50,IN_NIFTY50,True,ACTIVE_VERIFIED,UNMAPPED,NOT_VERIFIED,SRC_NIFTY50,,2026-08-22 18:43:59.282,,,IN_NIFTY50
WS:ISIN:INE646L01027,InterGlobe Aviation Ltd.,INE646L01027,COMMON_STOCK,India,INDIGO,National Stock Exchange of India,XNSE,INR,,,IN_NIFTY50,IN_NIFTY50,True,ACTIVE_VERIFIED,UNMAPPED,NOT_VERIFIED,SRC_NIFTY50,,2026-08-22 18:43:59.282,,,IN_NIFTY50
WS:ISIN:INE237A01036,Kotak Mahindra Bank Ltd.,INE237A01036,COMMON_STOCK,India,KOTAKBANK,National Stock Exchange of India,XNSE,INR,,,IN_NIFTY50,IN_NIFTY50,True,ACTIVE_VERIFIED,UNMAPPED,NOT_VERIFIED,SRC_NIFTY50,,2026-08-22 18:43:59.282,,,IN_NIFTY50
WS:ISIN:INE752E01010,Power Grid Corporation of India Ltd.,INE752E01010,COMMON_STOCK,India,POWERGRID,National Stock Exchange of India,XNSE,INR,,,IN_NIFTY50,IN_NIFTY50,True,ACTIVE_VERIFIED,UNMAPPED,NOT_VERIFIED,SRC_NIFTY50,,2026-08-22 18:43:59.282,,,IN_NIFTY50
WS:ISIN:INE733E01010,NTPC Ltd.,INE733E01010,COMMON_STOCK,India,NTPC,National Stock Exchange of India,XNSE,INR,,,IN_NIFTY50,IN_NIFTY50,True,ACTIVE_VERIFIED,UNMAPPED,NOT_VERIFIED,SRC_NIFTY50,,2026-08-22 18:43:59.282,,,IN_NIFTY50
WS:ISIN:INE040A01034,HDFC Bank Ltd.,INE040A01034,COMMON_STOCK,India,HDFCBANK,National Stock Exchange of India,XNSE,INR,,,IN_NIFTY50,IN_NIFTY50,True,ACTIVE_VERIFIED,UNMAPPED,NOT_VERIFIED,SRC_NIFTY50,,2026-08-22 18:43:59.282,,,IN_NIFTY50
WS:ISIN:INE009A01021,Infosys Ltd.,INE009A01021,COMMON_STOCK,India,INFY,National Stock Exchange of India,XNSE,INR,,,IN_NIFTY50,IN_NIFTY50,True,ACTIVE_VERIFIED,UNMAPPED,NOT_VERIFIED,SRC_NIFTY50,,2026-08-22 18:43:59.282,,,IN_NIFTY50
WS:ISIN:INE213A01029,Oil & Natural Gas Corporation Ltd.,INE213A01029,COMMON_STOCK,India,ONGC,National Stock Exchange of India,XNSE,INR,,,IN_NIFTY50,IN_NIFTY50,True,ACTIVE_VERIFIED,UNMAPPED,NOT_VERIFIED,SRC_NIFTY50,,2026-08-22 18:43:59.282,,,IN_NIFTY50
WS:ISIN:INE860A01027,HCL Technologies Ltd.,INE860A01027,COMMON_STOCK,India,HCLTECH,National Stock Exchange of India,XNSE,INR,,,IN_NIFTY50,IN_NIFTY50,True,ACTIVE_VERIFIED,UNMAPPED,NOT_VERIFIED,SRC_NIFTY50,,2026-08-22 18:43:59.282,,,IN_NIFTY50
WS:ISIN:INE019A01038,JSW Steel Ltd.,INE019A01038,COMMON_STOCK,India,JSWSTEEL,National Stock Exchange of India,XNSE,INR,,,IN_NIFTY50,IN_NIFTY50,True,ACTIVE_VERIFIED,UNMAPPED,NOT_VERIFIED,SRC_NIFTY50,,2026-08-22 18:43:59.282,,,IN_NIFTY50
WS:ISIN:INE481G01011,UltraTech Cement Ltd.,INE481G01011,COMMON_STOCK,India,ULTRACEMCO,National Stock Exchange of India,XNSE,INR,,,IN_NIFTY50,IN_NIFTY50,True,ACTIVE_VERIFIED,UNMAPPED,NOT_VERIFIED,SRC_NIFTY50,,2026-08-22 18:43:59.282,,,IN_NIFTY50
WS:ISIN:INE081A01020,Tata Steel Ltd.,INE081A01020,COMMON_STOCK,India,TATASTEEL,National Stock Exchange of India,XNSE,INR,,,IN_NIFTY50,IN_NIFTY50,True,ACTIVE_VERIFIED,UNMAPPED,NOT_VERIFIED,SRC_NIFTY50,,2026-08-22 18:43:59.282,,,IN_NIFTY50
WS:ISIN:INE047A01021,Grasim Industries Ltd.,INE047A01021,COMMON_STOCK,India,GRASIM,National Stock Exchange of India,XNSE,INR,,,IN_NIFTY50,IN_NIFTY50,True,ACTIVE_VERIFIED,UNMAPPED,NOT_VERIFIED,SRC_NIFTY50,,2026-08-22 18:43:59.282,,,IN_NIFTY50
WS:ISIN:INE721A01047,Shriram Finance Ltd.,INE721A01047,COMMON_STOCK,India,SHRIRAMFIN,National Stock Exchange of India,XNSE,INR,,,IN_NIFTY50,IN_NIFTY50,True,ACTIVE_VERIFIED,UNMAPPED,NOT_VERIFIED,SRC_NIFTY50,,2026-08-22 18:43:59.282,,,IN_NIFTY50
WS:ISIN:INE585B01010,Maruti Suzuki India Ltd.,INE585B01010,COMMON_STOCK,India,MARUTI,National Stock Exchange of India,XNSE,INR,,,IN_NIFTY50,IN_NIFTY50,True,ACTIVE_VERIFIED,UNMAPPED,NOT_VERIFIED,SRC_NIFTY50,,2026-08-22 18:43:59.282,,,IN_NIFTY50
WS:ISIN:INE101A01026,Mahindra & Mahindra Ltd.,INE101A01026,COMMON_STOCK,India,M&M,National Stock Exchange of India,XNSE,INR,,,IN_NIFTY50,IN_NIFTY50,True,ACTIVE_VERIFIED,UNMAPPED,NOT_VERIFIED,SRC_NIFTY50,,2026-08-22 18:43:59.282,,,IN_NIFTY50
WS:ISIN:TW0006505001,FORMOSA PETROCHEMICAL CORP,TW0006505001,COMMON_STOCK,Taiwan,6505,Taiwan Stock Exchange,XTAI,TWD,,,TW_TW50,TW_TW50,True,ACTIVE_VERIFIED,UNMAPPED,NOT_VERIFIED,SRC_FTSE_TW50_CW_20260630,2026-06-30,2026-08-22 18:43:59.282,,,TW_TW50
WS:ISIN:TW0002301009,LITE-ON TECHNOLOGY CORP.,TW0002301009,COMMON_STOCK,Taiwan,2301,Taiwan Stock Exchange,XTAI,TWD,,,TW_TW50,TW_TW50,True,ACTIVE_VERIFIED,UNMAPPED,NOT_VERIFIED,SRC_FTSE_TW50_CW_20260630,2026-06-30,2026-08-22 18:43:59.282,,,TW_TW50
WS:XTAI:3711,"ASE TECHNOLOGY HOLDING CO., LTD.",,COMMON_STOCK,Taiwan,3711,Taiwan Stock Exchange,XTAI,TWD,,,TW_TW50,TW_TW50,True,ACTIVE_VERIFIED,UNMAPPED,NOT_VERIFIED,SRC_FTSE_TW50_CW_20260630,2026-06-30,2026-08-22 18:43:59.282,,,TW_TW50
WS:ISIN:TW0002884004,"E.SUN FINANCIAL HOLDING COMPANY,LTD.",TW0002884004,COMMON_STOCK,Taiwan,2884,Taiwan Stock Exchange,XTAI,TWD,,,TW_TW50,TW_TW50,True,ACTIVE_VERIFIED,UNMAPPED,NOT_VERIFIED,SRC_FTSE_TW50_CW_20260630,2026-06-30,2026-08-22 18:43:59.282,,,TW_TW50
WS:ISIN:TW0003008009,LARGAN PRECISION CO. LTD.,TW0003008009,COMMON_STOCK,Taiwan,3008,Taiwan Stock Exchange,XTAI,TWD,,,TW_TW50,TW_TW50,True,ACTIVE_VERIFIED,UNMAPPED,NOT_VERIFIED,SRC_FTSE_TW50_CW_20260630,2026-06-30,2026-08-22 18:43:59.282,,,TW_TW50
WS:ISIN:TW0002308004,"DELTA ELECTRONICS, INC.",TW0002308004,COMMON_STOCK,Taiwan,2308,Taiwan Stock Exchange,XTAI,TWD,,,TW_TW50,TW_TW50,True,ACTIVE_VERIFIED,UNMAPPED,NOT_VERIFIED,SRC_FTSE_TW50_CW_20260630,2026-06-30,2026-08-22 18:43:59.282,,,TW_TW50
WS:ISIN:TW0002449006,KING YUAN ELECTRONICS CO. LTD.,TW0002449006,COMMON_STOCK,Taiwan,2449,Taiwan Stock Exchange,XTAI,TWD,,,TW_TW50,TW_TW50,True,ACTIVE_VERIFIED,UNMAPPED,NOT_VERIFIED,SRC_FTSE_TW50_CW_20260630,2026-06-30,2026-08-22 18:43:59.282,,,TW_TW50
WS:ISIN:TW0002360005,CHROMA ATE INC.,TW0002360005,COMMON_STOCK,Taiwan,2360,Taiwan Stock Exchange,XTAI,TWD,,,TW_TW50,TW_TW50,True,ACTIVE_VERIFIED,UNMAPPED,NOT_VERIFIED,SRC_FTSE_TW50_CW_20260630,2026-06-30,2026-08-22 18:43:59.282,,,TW_TW50
WS:ISIN:TW0002059003,KING SLIDE WORKS CO. LTD,TW0002059003,COMMON_STOCK,Taiwan,2059,Taiwan Stock Exchange,XTAI,TWD,,,TW_TW50,TW_TW50,True,ACTIVE_VERIFIED,UNMAPPED,NOT_VERIFIED,SRC_FTSE_TW50_CW_20260630,2026-06-30,2026-08-22 18:43:59.282,,,TW_TW50
WS:ISIN:TW0002382009,QUANTA COMPUTER INC.,TW0002382009,COMMON_STOCK,Taiwan,2382,Taiwan Stock Exchange,XTAI,TWD,,,TW_TW50,TW_TW50,True,ACTIVE_VERIFIED,UNMAPPED,NOT_VERIFIED,SRC_FTSE_TW50_CW_20260630,2026-06-30,2026-08-22 18:43:59.282,,,TW_TW50
WS:ISIN:KYG022421088,ALCHIP TECHNOLOGIES LIMITED,KYG022421088,COMMON_STOCK,Taiwan,3661,Taiwan Stock Exchange,XTAI,TWD,,,TW_TW50,TW_TW50,True,ACTIVE_VERIFIED,UNMAPPED,NOT_VERIFIED,SRC_FTSE_TW50_CW_20260630,2026-06-30,2026-08-22 18:43:59.282,,,TW_TW50
WS:ISIN:TW0002454006,MEDIATEK INC.,TW0002454006,COMMON_STOCK,Taiwan,2454,Taiwan Stock Exchange,XTAI,TWD,,,TW_TW50,TW_TW50,True,ACTIVE_VERIFIED,UNMAPPED,NOT_VERIFIED,SRC_FTSE_TW50_CW_20260630,2026-06-30,2026-08-22 18:43:59.282,,,TW_TW50
WS:ISIN:TW0003037008,UNIMICRON TECHNOLOGY CORP.,TW0003037008,COMMON_STOCK,Taiwan,3037,Taiwan Stock Exchange,XTAI,TWD,,,TW_TW50,TW_TW50,True,ACTIVE_VERIFIED,UNMAPPED,NOT_VERIFIED,SRC_FTSE_TW50_CW_20260630,2026-06-30,2026-08-22 18:43:59.282,,,TW_TW50
WS:ISIN:TW0002368008,GOLD CIRCUIT ELECTRONICS LTD,TW0002368008,COMMON_STOCK,Taiwan,2368,Taiwan Stock Exchange,XTAI,TWD,,,TW_TW50,TW_TW50,True,ACTIVE_VERIFIED,UNMAPPED,NOT_VERIFIED,SRC_FTSE_TW50_CW_20260630,2026-06-30,2026-08-22 18:43:59.282,,,TW_TW50
WS:ISIN:TW0002327004,YAGEO CORPORATION,TW0002327004,COMMON_STOCK,Taiwan,2327,Taiwan Stock Exchange,XTAI,TWD,,,TW_TW50,TW_TW50,True,ACTIVE_VERIFIED,UNMAPPED,NOT_VERIFIED,SRC_FTSE_TW50_CW_20260630,2026-06-30,2026-08-22 18:43:59.282,,,TW_TW50
WS:ISIN:TW0002317005,HON HAI PRECISION IND. CO. LTD.,TW0002317005,COMMON_STOCK,Taiwan,2317,Taiwan Stock Exchange,XTAI,TWD,,,TW_TW50,TW_TW50,True,ACTIVE_VERIFIED,UNMAPPED,NOT_VERIFIED,SRC_FTSE_TW50_CW_20260630,2026-06-30,2026-08-22 18:43:59.282,,,TW_TW50
WS:ISIN:TW0002882008,"CATHAY FINANCIAL HOLDING CO., LTD.",TW0002882008,COMMON_STOCK,Taiwan,2882,Taiwan Stock Exchange,XTAI,TWD,,,TW_TW50,TW_TW50,True,ACTIVE_VERIFIED,UNMAPPED,NOT_VERIFIED,SRC_FTSE_TW50_CW_20260630,2026-06-30,2026-08-22 18:43:59.282,,,TW_TW50
WS:ISIN:KYG114741062,BIZLINK HOLDING INC.,KYG114741062,COMMON_STOCK,Taiwan,3665,Taiwan Stock Exchange,XTAI,TWD,,,TW_TW50,TW_TW50,True,ACTIVE_VERIFIED,UNMAPPED,NOT_VERIFIED,SRC_FTSE_TW50_CW_20260630,2026-06-30,2026-08-22 18:43:59.282,,,TW_TW50
WS:ISIN:TW0003231007,WISTRON CORPORATION,TW0003231007,COMMON_STOCK,Taiwan,3231,Taiwan Stock Exchange,XTAI,TWD,,,TW_TW50,TW_TW50,True,ACTIVE_VERIFIED,UNMAPPED,NOT_VERIFIED,SRC_FTSE_TW50_CW_20260630,2026-06-30,2026-08-22 18:43:59.282,,,TW_TW50
WS:ISIN:TW0002344009,WINBOND ELECTRONICS CORPORATION,TW0002344009,COMMON_STOCK,Taiwan,2344,Taiwan Stock Exchange,XTAI,TWD,,,TW_TW50,TW_TW50,True,ACTIVE_VERIFIED,UNMAPPED,NOT_VERIFIED,SRC_FTSE_TW50_CW_20260630,2026-06-30,2026-08-22 18:43:59.282,,,TW_TW50
WS:ISIN:TW0002345006,ACCTON TECHNOLOGY CORP.,TW0002345006,COMMON_STOCK,Taiwan,2345,Taiwan Stock Exchange,XTAI,TWD,,,TW_TW50,TW_TW50,True,ACTIVE_VERIFIED,UNMAPPED,NOT_VERIFIED,SRC_FTSE_TW50_CW_20260630,2026-06-30,2026-08-22 18:43:59.282,,,TW_TW50
WS:ISIN:TW0002357001,ASUSTEK COMPUTER INC.,TW0002357001,COMMON_STOCK,Taiwan,2357,Taiwan Stock Exchange,XTAI,TWD,,,TW_TW50,TW_TW50,True,ACTIVE_VERIFIED,UNMAPPED,NOT_VERIFIED,SRC_FTSE_TW50_CW_20260630,2026-06-30,2026-08-22 18:43:59.282,,,TW_TW50
WS:ISIN:TW0003045001,"TAIWAN MOBILE CO., LTD.",TW0003045001,COMMON_STOCK,Taiwan,3045,Taiwan Stock Exchange,XTAI,TWD,,,TW_TW50,TW_TW50,True,ACTIVE_VERIFIED,UNMAPPED,NOT_VERIFIED,SRC_FTSE_TW50_CW_20260630,2026-06-30,2026-08-22 18:43:59.282,,,TW_TW50
WS:ISIN:TW0002886009,MEGA FINANCIAL HOLDING COMPANY,TW0002886009,COMMON_STOCK,Taiwan,2886,Taiwan Stock Exchange,XTAI,TWD,,,TW_TW50,TW_TW50,True,ACTIVE_VERIFIED,UNMAPPED,NOT_VERIFIED,SRC_FTSE_TW50_CW_20260630,2026-06-30,2026-08-22 18:43:59.282,,,TW_TW50
WS:ISIN:KYG989221000,ZHEN DING TECHNOLOGY HOLDING LIMITED,KYG989221000,COMMON_STOCK,Taiwan,4958,Taiwan Stock Exchange,XTAI,TWD,,,TW_TW50,TW_TW50,True,ACTIVE_VERIFIED,UNMAPPED,NOT_VERIFIED,SRC_FTSE_TW50_CW_20260630,2026-06-30,2026-08-22 18:43:59.282,,,TW_TW50
WS:ISIN:TW0002891009,"CTBC FINANCIAL HOLDING CO., LTD.",TW0002891009,COMMON_STOCK,Taiwan,2891,Taiwan Stock Exchange,XTAI,TWD,,,TW_TW50,TW_TW50,True,ACTIVE_VERIFIED,UNMAPPED,NOT_VERIFIED,SRC_FTSE_TW50_CW_20260630,2026-06-30,2026-08-22 18:43:59.282,,,TW_TW50
WS:ISIN:TW0001303006,NAN YA PLASTICS CORPORATION,TW0001303006,COMMON_STOCK,Taiwan,1303,Taiwan Stock Exchange,XTAI,TWD,,,TW_TW50,TW_TW50,True,ACTIVE_VERIFIED,UNMAPPED,NOT_VERIFIED,SRC_FTSE_TW50_CW_20260630,2026-06-30,2026-08-22 18:43:59.282,,,TW_TW50
WS:ISIN:TW0002887007,"TS FINANCIAL HOLDING CO., LTD.",TW0002887007,COMMON_STOCK,Taiwan,2887,Taiwan Stock Exchange,XTAI,TWD,,,TW_TW50,TW_TW50,True,ACTIVE_VERIFIED,UNMAPPED,NOT_VERIFIED,SRC_FTSE_TW50_CW_20260630,2026-06-30,2026-08-22 18:43:59.282,,,TW_TW50
WS:ISIN:TW0002892007,FIRST HOLDINGS,TW0002892007,COMMON_STOCK,Taiwan,2892,Taiwan Stock Exchange,XTAI,TWD,,,TW_TW50,TW_TW50,True,ACTIVE_VERIFIED,UNMAPPED,NOT_VERIFIED,SRC_FTSE_TW50_CW_20260630,2026-06-30,2026-08-22 18:43:59.282,,,TW_TW50
WS:ISIN:TW0002880002,HUA NAN FINANCIAL HOLDINDS CO. LTD.,TW0002880002,COMMON_STOCK,Taiwan,2880,Taiwan Stock Exchange,XTAI,TWD,,,TW_TW50,TW_TW50,True,ACTIVE_VERIFIED,UNMAPPED,NOT_VERIFIED,SRC_FTSE_TW50_CW_20260630,2026-06-30,2026-08-22 18:43:59.282,,,TW_TW50
