WS_ID,Name,Country,Primary_Universe_Index,Primary_MIC,Primary_Ticker,Yahoo_Symbol,Primary_Currency,Currency_Normalized,Quote_Scale_To_Major_Currency,Instrument_Type,Instrument_Gate,Instrument_Gate_Reason,Scalable_Tradeability_Status,Cache_Status,Cache_Reason,Unique_Bars,Valid_Bars,FreeFloatMarketCap_EUR,FreeFloatMarketCap_Status,Usable20,Usable60,MedianTurnover20_EUR,MedianTurnover60_EUR,FX_Coverage20,FX_Coverage60,Liquidity_Data_Status,Liquidity_Last_Session,Liquidity_Gate,Liquidity_Bucket,Scalable_Gate,Strict_Eligibility,Blocking_Reasons
WS:XASX:ASK,Abacus Storage King,Australia,AU_ASX200,XASX,ASK,ASK.AX,AUD,AUD,1.0,UNVERIFIED_EQUITY_SECURITY,NOT_VERIFIED,INSTRUMENT_TYPE_NOT_STRICTLY_VERIFIED,NOT_VERIFIED,WARMUP,INSUFFICIENT_HISTORY,26,26,,NOT_COLLECTED_BULK_RELIABLY_QA_ONLY,0,0,,,0,0,NOT_EVALUATED_NON_READY,,NOT_VERIFIED,DATA_OR_FX_NOT_VERIFIED,PASS_OR_NOT_VERIFIED,FAIL,HISTORY_CACHE_WARMUP;INSTRUMENT_NOT_VERIFIED;LIQUIDITY_DATA_OR_FX_NOT_VERIFIED
WS:XASX:L1G,L1 Group,Australia,AU_ASX200,XASX,L1G,L1G.AX,AUD,AUD,1.0,UNVERIFIED_EQUITY_SECURITY,NOT_VERIFIED,INSTRUMENT_TYPE_NOT_STRICTLY_VERIFIED,NOT_VERIFIED,WARMUP,INSUFFICIENT_HISTORY,224,224,,NOT_COLLECTED_BULK_RELIABLY_QA_ONLY,0,0,,,0,0,NOT_EVALUATED_NON_READY,,NOT_VERIFIED,DATA_OR_FX_NOT_VERIFIED,PASS_OR_NOT_VERIFIED,FAIL,HISTORY_CACHE_WARMUP;INSTRUMENT_NOT_VERIFIED;LIQUIDITY_DATA_OR_FX_NOT_VERIFIED
WS:XASX:MSB,Mesoblast,Australia,AU_ASX200,XASX,MSB,MSB.AX,AUD,AUD,1.0,UNVERIFIED_EQUITY_SECURITY,NOT_VERIFIED,INSTRUMENT_TYPE_NOT_STRICTLY_VERIFIED,NOT_VERIFIED,QUARANTINE,SUSPICIOUS_RETURN_NEEDS_REPAIR,508,508,,NOT_COLLECTED_BULK_RELIABLY_QA_ONLY,0,0,,,0,0,NOT_EVALUATED_NON_READY,,NOT_VERIFIED,DATA_OR_FX_NOT_VERIFIED,PASS_OR_NOT_VERIFIED,FAIL,HISTORY_CACHE_QUARANTINE;INSTRUMENT_NOT_VERIFIED;LIQUIDITY_DATA_OR_FX_NOT_VERIFIED
WS:XASX:RYM,Ryman Healthcare,Australia,AU_ASX200,XASX,RYM,RYM.AX,AUD,AUD,1.0,UNVERIFIED_EQUITY_SECURITY,NOT_VERIFIED,INSTRUMENT_TYPE_NOT_STRICTLY_VERIFIED,NOT_VERIFIED,WARMUP,INSUFFICIENT_HISTORY,223,223,,NOT_COLLECTED_BULK_RELIABLY_QA_ONLY,0,0,,,0,0,NOT_EVALUATED_NON_READY,,NOT_VERIFIED,DATA_OR_FX_NOT_VERIFIED,PASS_OR_NOT_VERIFIED,FAIL,HISTORY_CACHE_WARMUP;INSTRUMENT_NOT_VERIFIED;LIQUIDITY_DATA_OR_FX_NOT_VERIFIED
WS:XASX:TUA,Tuas,Australia,AU_ASX200,XASX,TUA,TUA.AX,AUD,AUD,1.0,UNVERIFIED_EQUITY_SECURITY,NOT_VERIFIED,INSTRUMENT_TYPE_NOT_STRICTLY_VERIFIED,NOT_VERIFIED,QUARANTINE,SUSPICIOUS_RETURN_NEEDS_REPAIR,508,508,,NOT_COLLECTED_BULK_RELIABLY_QA_ONLY,0,0,,,0,0,NOT_EVALUATED_NON_READY,,NOT_VERIFIED,DATA_OR_FX_NOT_VERIFIED,PASS_OR_NOT_VERIFIED,FAIL,HISTORY_CACHE_QUARANTINE;INSTRUMENT_NOT_VERIFIED;LIQUIDITY_DATA_OR_FX_NOT_VERIFIED
WS:BVMF:AUAU3,AUAU3,Brazil,BR_IBRX100,BVMF,AUAU3,AUAU3.SA,BRL,BRL,1.0,UNVERIFIED_EQUITY_SECURITY,NOT_VERIFIED,INSTRUMENT_TYPE_NOT_STRICTLY_VERIFIED,NOT_VERIFIED,WARMUP,INSUFFICIENT_HISTORY,159,159,,NOT_COLLECTED_BULK_RELIABLY_QA_ONLY,0,0,,,0,0,NOT_EVALUATED_NON_READY,,NOT_VERIFIED,DATA_OR_FX_NOT_VERIFIED,PASS_OR_NOT_VERIFIED,FAIL,HISTORY_CACHE_WARMUP;INSTRUMENT_NOT_VERIFIED;LIQUIDITY_DATA_OR_FX_NOT_VERIFIED
WS:BVMF:NATU3,NATU3,Brazil,BR_IBRX100,BVMF,NATU3,NATU3.SA,BRL,BRL,1.0,UNVERIFIED_EQUITY_SECURITY,NOT_VERIFIED,INSTRUMENT_TYPE_NOT_STRICTLY_VERIFIED,NOT_VERIFIED,QUARANTINE,SUSPICIOUS_RETURN_NEEDS_REPAIR,291,291,,NOT_COLLECTED_BULK_RELIABLY_QA_ONLY,0,0,,,0,0,NOT_EVALUATED_NON_READY,,NOT_VERIFIED,DATA_OR_FX_NOT_VERIFIED,PASS_OR_NOT_VERIFIED,FAIL,HISTORY_CACHE_QUARANTINE;INSTRUMENT_NOT_VERIFIED;LIQUIDITY_DATA_OR_FX_NOT_VERIFIED
WS:XTSE:IAU,i-80 Gold Corp.,Canada,CA_TSX,XTSE,IAU,IAU.TO,CAD,CAD,1.0,UNKNOWN,NOT_VERIFIED,INSTRUMENT_TYPE_NOT_STRICTLY_VERIFIED,NOT_VERIFIED,QUARANTINE,SUSPICIOUS_RETURN_NEEDS_REPAIR,503,503,,NOT_COLLECTED_BULK_RELIABLY_QA_ONLY,0,0,,,0,0,NOT_EVALUATED_NON_READY,,NOT_VERIFIED,DATA_OR_FX_NOT_VERIFIED,PASS_OR_NOT_VERIFIED,FAIL,HISTORY_CACHE_QUARANTINE;INSTRUMENT_NOT_VERIFIED;LIQUIDITY_DATA_OR_FX_NOT_VERIFIED
WS:XTSE:LAC,Lithium Americas Corp.,Canada,CA_TSX,XTSE,LAC,LAC.TO,CAD,CAD,1.0,UNKNOWN,NOT_VERIFIED,INSTRUMENT_TYPE_NOT_STRICTLY_VERIFIED,NOT_VERIFIED,QUARANTINE,SUSPICIOUS_RETURN_NEEDS_REPAIR,503,503,,NOT_COLLECTED_BULK_RELIABLY_QA_ONLY,0,0,,,0,0,NOT_EVALUATED_NON_READY,,NOT_VERIFIED,DATA_OR_FX_NOT_VERIFIED,PASS_OR_NOT_VERIFIED,FAIL,HISTORY_CACHE_QUARANTINE;INSTRUMENT_NOT_VERIFIED;LIQUIDITY_DATA_OR_FX_NOT_VERIFIED
WS:XSHE:001280,"China National Uranium Co., Ltd.",China,CN_CSI300,XSHE,001280,001280.SZ,CNY,CNY,1.0,COMMON_STOCK,PASS,EXPLICIT_ALLOWED_INSTRUMENT_TYPE,NOT_VERIFIED,WARMUP,INSUFFICIENT_HISTORY,175,175,,NOT_COLLECTED_BULK_RELIABLY_QA_ONLY,0,0,,,0,0,NOT_EVALUATED_NON_READY,,NOT_VERIFIED,DATA_OR_FX_NOT_VERIFIED,PASS_OR_NOT_VERIFIED,FAIL,HISTORY_CACHE_WARMUP;LIQUIDITY_DATA_OR_FX_NOT_VERIFIED
WS:XAMS:CSG.AS,CSG A,NL,EU_STOXX600,XAMS,CSG.AS,CSG.AS,EUR,EUR,1.0,UNKNOWN,NOT_VERIFIED,INSTRUMENT_TYPE_NOT_STRICTLY_VERIFIED,NOT_VERIFIED,WARMUP,INSUFFICIENT_HISTORY,148,148,,NOT_COLLECTED_BULK_RELIABLY_QA_ONLY,0,0,,,0,0,NOT_EVALUATED_NON_READY,,NOT_VERIFIED,DATA_OR_FX_NOT_VERIFIED,PASS_OR_NOT_VERIFIED,FAIL,HISTORY_CACHE_WARMUP;INSTRUMENT_NOT_VERIFIED;LIQUIDITY_DATA_OR_FX_NOT_VERIFIED
WS:XAMS:MICCT.AS,THE MAGNUM ICE CREAM COMPANY,NL,EU_STOXX600,XAMS,MICCT.AS,MICC.AS,EUR,EUR,1.0,UNKNOWN,NOT_VERIFIED,INSTRUMENT_TYPE_NOT_STRICTLY_VERIFIED,NOT_VERIFIED,WARMUP,INSUFFICIENT_HISTORY,179,179,,NOT_COLLECTED_BULK_RELIABLY_QA_ONLY,0,0,,,0,0,NOT_EVALUATED_NON_READY,,NOT_VERIFIED,DATA_OR_FX_NOT_VERIFIED,PASS_OR_NOT_VERIFIED,FAIL,HISTORY_CACHE_WARMUP;INSTRUMENT_NOT_VERIFIED;LIQUIDITY_DATA_OR_FX_NOT_VERIFIED
WS:XETR:AMV0N.DE,AUMOVIO,DE,EU_STOXX600,XETR,AMV0n.DE,AMV0.DE,EUR,EUR,1.0,UNKNOWN,NOT_VERIFIED,INSTRUMENT_TYPE_NOT_STRICTLY_VERIFIED,NOT_VERIFIED,WARMUP,INSUFFICIENT_HISTORY,234,234,,NOT_COLLECTED_BULK_RELIABLY_QA_ONLY,0,0,,,0,0,NOT_EVALUATED_NON_READY,,NOT_VERIFIED,DATA_OR_FX_NOT_VERIFIED,PASS_OR_NOT_VERIFIED,FAIL,HISTORY_CACHE_WARMUP;INSTRUMENT_NOT_VERIFIED;LIQUIDITY_DATA_OR_FX_NOT_VERIFIED
WS:XLON:ROR.L,ROTORK,GB,EU_STOXX600,XLON,ROR.L,ROR.L,GBP,GBP,0.01,UNKNOWN,NOT_VERIFIED,INSTRUMENT_TYPE_NOT_STRICTLY_VERIFIED,NOT_VERIFIED,QUARANTINE,SUSPICIOUS_RETURN_NEEDS_REPAIR,507,507,,NOT_COLLECTED_BULK_RELIABLY_QA_ONLY,0,0,,,0,0,NOT_EVALUATED_NON_READY,,NOT_VERIFIED,DATA_OR_FX_NOT_VERIFIED,PASS_OR_NOT_VERIFIED,FAIL,HISTORY_CACHE_QUARANTINE;INSTRUMENT_NOT_VERIFIED;LIQUIDITY_DATA_OR_FX_NOT_VERIFIED
WS:XOSL:KMAR.OL,KONGSBERG MARITIME,NO,EU_STOXX600,XOSL,KMAR.OL,KMAR.OL,NOK,NOK,1.0,UNKNOWN,NOT_VERIFIED,INSTRUMENT_TYPE_NOT_STRICTLY_VERIFIED,NOT_VERIFIED,WARMUP,INSUFFICIENT_HISTORY,84,84,,NOT_COLLECTED_BULK_RELIABLY_QA_ONLY,0,0,,,0,0,NOT_EVALUATED_NON_READY,,NOT_VERIFIED,DATA_OR_FX_NOT_VERIFIED,PASS_OR_NOT_VERIFIED,FAIL,HISTORY_CACHE_WARMUP;INSTRUMENT_NOT_VERIFIED;LIQUIDITY_DATA_OR_FX_NOT_VERIFIED
WS:XPAR:ABVX.PA,ABIVAX,FR,EU_STOXX600,XPAR,ABVX.PA,ABVX.PA,EUR,EUR,1.0,UNKNOWN,NOT_VERIFIED,INSTRUMENT_TYPE_NOT_STRICTLY_VERIFIED,NOT_VERIFIED,QUARANTINE,SUSPICIOUS_RETURN_NEEDS_REPAIR,511,511,,NOT_COLLECTED_BULK_RELIABLY_QA_ONLY,0,0,,,0,0,NOT_EVALUATED_NON_READY,,NOT_VERIFIED,DATA_OR_FX_NOT_VERIFIED,PASS_OR_NOT_VERIFIED,FAIL,HISTORY_CACHE_QUARANTINE;INSTRUMENT_NOT_VERIFIED;LIQUIDITY_DATA_OR_FX_NOT_VERIFIED
WS:XSTO:OCTVSDB.ST,OCTAVE INTELLIGENCE SDR,SE,EU_STOXX600,XSTO,OCTVsdb.ST,OCTV,SEK,SEK,1.0,UNKNOWN,NOT_VERIFIED,INSTRUMENT_TYPE_NOT_STRICTLY_VERIFIED,NOT_VERIFIED,WARMUP,INSUFFICIENT_HISTORY,64,64,,NOT_COLLECTED_BULK_RELIABLY_QA_ONLY,0,0,,,0,0,NOT_EVALUATED_NON_READY,,NOT_VERIFIED,DATA_OR_FX_NOT_VERIFIED,PASS_OR_NOT_VERIFIED,FAIL,HISTORY_CACHE_WARMUP;INSTRUMENT_NOT_VERIFIED;LIQUIDITY_DATA_OR_FX_NOT_VERIFIED
WS:XSTO:VSURE.ST,VERISURE,SE,EU_STOXX600,XSTO,VSURE.ST,VSURE.ST,EUR,EUR,1.0,UNKNOWN,NOT_VERIFIED,INSTRUMENT_TYPE_NOT_STRICTLY_VERIFIED,NOT_VERIFIED,WARMUP,INSUFFICIENT_HISTORY,1,1,,NOT_COLLECTED_BULK_RELIABLY_QA_ONLY,0,0,,,0,0,NOT_EVALUATED_NON_READY,,NOT_VERIFIED,DATA_OR_FX_NOT_VERIFIED,PASS_OR_NOT_VERIFIED,FAIL,HISTORY_CACHE_WARMUP;INSTRUMENT_NOT_VERIFIED;LIQUIDITY_DATA_OR_FX_NOT_VERIFIED
WS:XKRX:0126Z0,Samsung Epis,South Korea,KR_KOSPI200,XKRX,0126Z0,0126Z0.KS,KRW,KRW,1.0,UNVERIFIED_EQUITY_SECURITY,NOT_VERIFIED,INSTRUMENT_TYPE_NOT_STRICTLY_VERIFIED,NOT_VERIFIED,WARMUP,INSUFFICIENT_HISTORY,181,181,,NOT_COLLECTED_BULK_RELIABLY_QA_ONLY,0,0,,,0,0,NOT_EVALUATED_NON_READY,,NOT_VERIFIED,DATA_OR_FX_NOT_VERIFIED,PASS_OR_NOT_VERIFIED,FAIL,HISTORY_CACHE_WARMUP;INSTRUMENT_NOT_VERIFIED;LIQUIDITY_DATA_OR_FX_NOT_VERIFIED
WS:XNZE:THL,Tourism Holdings Limited,New Zealand,NZ_NZX50,XNZE,THL,THL.NZ,NZD,NZD,1.0,UNVERIFIED_EQUITY_SECURITY,NOT_VERIFIED,INSTRUMENT_TYPE_NOT_STRICTLY_VERIFIED,NOT_VERIFIED,QUARANTINE,SUSPICIOUS_RETURN_NEEDS_REPAIR,499,499,,NOT_COLLECTED_BULK_RELIABLY_QA_ONLY,0,0,,,0,0,NOT_EVALUATED_NON_READY,,NOT_VERIFIED,DATA_OR_FX_NOT_VERIFIED,PASS_OR_NOT_VERIFIED,FAIL,HISTORY_CACHE_QUARANTINE;INSTRUMENT_NOT_VERIFIED;LIQUIDITY_DATA_OR_FX_NOT_VERIFIED
WS:US:AAP,"Advance Auto Parts, Inc.",,US_SP1500,,AAP,AAP,USD,USD,1.0,UNVERIFIED_EQUITY_SECURITY,NOT_VERIFIED,INSTRUMENT_TYPE_NOT_STRICTLY_VERIFIED,NOT_VERIFIED,QUARANTINE,SUSPICIOUS_RETURN_NEEDS_REPAIR,501,501,,NOT_COLLECTED_BULK_RELIABLY_QA_ONLY,0,0,,,0,0,NOT_EVALUATED_NON_READY,,NOT_VERIFIED,DATA_OR_FX_NOT_VERIFIED,PASS_OR_NOT_VERIFIED,FAIL,HISTORY_CACHE_QUARANTINE;INSTRUMENT_NOT_VERIFIED;LIQUIDITY_DATA_OR_FX_NOT_VERIFIED
WS:US:ADIG,ADI Global Distribution,,US_SP1500,,ADIG,ADIG,USD,USD,1.0,UNVERIFIED_EQUITY_SECURITY,NOT_VERIFIED,INSTRUMENT_TYPE_NOT_STRICTLY_VERIFIED,NOT_VERIFIED,WARMUP,INSUFFICIENT_HISTORY,17,17,,NOT_COLLECTED_BULK_RELIABLY_QA_ONLY,0,0,,,0,0,NOT_EVALUATED_NON_READY,,NOT_VERIFIED,DATA_OR_FX_NOT_VERIFIED,PASS_OR_NOT_VERIFIED,FAIL,HISTORY_CACHE_WARMUP;INSTRUMENT_NOT_VERIFIED;LIQUIDITY_DATA_OR_FX_NOT_VERIFIED
WS:US:CORT,Corcept Therapeutics Incorporated,,US_SP1500,,CORT,CORT,USD,USD,1.0,UNVERIFIED_EQUITY_SECURITY,NOT_VERIFIED,INSTRUMENT_TYPE_NOT_STRICTLY_VERIFIED,NOT_VERIFIED,QUARANTINE,SUSPICIOUS_RETURN_NEEDS_REPAIR,501,501,,NOT_COLLECTED_BULK_RELIABLY_QA_ONLY,0,0,,,0,0,NOT_EVALUATED_NON_READY,,NOT_VERIFIED,DATA_OR_FX_NOT_VERIFIED,PASS_OR_NOT_VERIFIED,FAIL,HISTORY_CACHE_QUARANTINE;INSTRUMENT_NOT_VERIFIED;LIQUIDITY_DATA_OR_FX_NOT_VERIFIED
WS:US:ECHO,EchoStar,,US_SP1500,,ECHO,ECHO,USD,USD,1.0,UNVERIFIED_EQUITY_SECURITY,NOT_VERIFIED,INSTRUMENT_TYPE_NOT_STRICTLY_VERIFIED,NOT_VERIFIED,QUARANTINE,SUSPICIOUS_RETURN_NEEDS_REPAIR,501,501,,NOT_COLLECTED_BULK_RELIABLY_QA_ONLY,0,0,,,0,0,NOT_EVALUATED_NON_READY,,NOT_VERIFIED,DATA_OR_FX_NOT_VERIFIED,PASS_OR_NOT_VERIFIED,FAIL,HISTORY_CACHE_QUARANTINE;INSTRUMENT_NOT_VERIFIED;LIQUIDITY_DATA_OR_FX_NOT_VERIFIED
WS:US:EFOR,Everforth Inc.,,US_SP1500,,EFOR,EFOR,USD,USD,1.0,UNVERIFIED_EQUITY_SECURITY,NOT_VERIFIED,INSTRUMENT_TYPE_NOT_STRICTLY_VERIFIED,NOT_VERIFIED,QUARANTINE,SUSPICIOUS_RETURN_NEEDS_REPAIR,501,501,,NOT_COLLECTED_BULK_RELIABLY_QA_ONLY,0,0,,,0,0,NOT_EVALUATED_NON_READY,,NOT_VERIFIED,DATA_OR_FX_NOT_VERIFIED,PASS_OR_NOT_VERIFIED,FAIL,HISTORY_CACHE_QUARANTINE;INSTRUMENT_NOT_VERIFIED;LIQUIDITY_DATA_OR_FX_NOT_VERIFIED
WS:US:FDXF,FedEx Freight,,US_SP1500,,FDXF,FDXF,USD,USD,1.0,UNVERIFIED_EQUITY_SECURITY,NOT_VERIFIED,INSTRUMENT_TYPE_NOT_STRICTLY_VERIFIED,NOT_VERIFIED,WARMUP,INSUFFICIENT_HISTORY,61,61,,NOT_COLLECTED_BULK_RELIABLY_QA_ONLY,0,0,,,0,0,NOT_EVALUATED_NON_READY,,NOT_VERIFIED,DATA_OR_FX_NOT_VERIFIED,PASS_OR_NOT_VERIFIED,FAIL,HISTORY_CACHE_WARMUP;INSTRUMENT_NOT_VERIFIED;LIQUIDITY_DATA_OR_FX_NOT_VERIFIED
WS:US:HONA,Honeywell Aerospace,,US_SP1500,,HONA,HONA,USD,USD,1.0,UNVERIFIED_EQUITY_SECURITY,NOT_VERIFIED,INSTRUMENT_TYPE_NOT_STRICTLY_VERIFIED,NOT_VERIFIED,WARMUP,INSUFFICIENT_HISTORY,48,48,,NOT_COLLECTED_BULK_RELIABLY_QA_ONLY,0,0,,,0,0,NOT_EVALUATED_NON_READY,,NOT_VERIFIED,DATA_OR_FX_NOT_VERIFIED,PASS_OR_NOT_VERIFIED,FAIL,HISTORY_CACHE_WARMUP;INSTRUMENT_NOT_VERIFIED;LIQUIDITY_DATA_OR_FX_NOT_VERIFIED
WS:US:IESC,IES Holdings,,US_SP1500,,IESC,IESC,USD,USD,1.0,UNVERIFIED_EQUITY_SECURITY,NOT_VERIFIED,INSTRUMENT_TYPE_NOT_STRICTLY_VERIFIED,NOT_VERIFIED,STALE,LAST_BAR_TOO_OLD,477,476,,NOT_COLLECTED_BULK_RELIABLY_QA_ONLY,0,0,,,0,0,NOT_EVALUATED_NON_READY,,NOT_VERIFIED,DATA_OR_FX_NOT_VERIFIED,PASS_OR_NOT_VERIFIED,FAIL,HISTORY_CACHE_STALE;INSTRUMENT_NOT_VERIFIED;LIQUIDITY_DATA_OR_FX_NOT_VERIFIED
WS:US:KD,Kyndryl,,US_SP1500,,KD,KD,USD,USD,1.0,UNVERIFIED_EQUITY_SECURITY,NOT_VERIFIED,INSTRUMENT_TYPE_NOT_STRICTLY_VERIFIED,NOT_VERIFIED,QUARANTINE,SUSPICIOUS_RETURN_NEEDS_REPAIR,501,501,,NOT_COLLECTED_BULK_RELIABLY_QA_ONLY,0,0,,,0,0,NOT_EVALUATED_NON_READY,,NOT_VERIFIED,DATA_OR_FX_NOT_VERIFIED,PASS_OR_NOT_VERIFIED,FAIL,HISTORY_CACHE_QUARANTINE;INSTRUMENT_NOT_VERIFIED;LIQUIDITY_DATA_OR_FX_NOT_VERIFIED
WS:US:LRN,"Stride, Inc.",,US_SP1500,,LRN,LRN,USD,USD,1.0,UNVERIFIED_EQUITY_SECURITY,NOT_VERIFIED,INSTRUMENT_TYPE_NOT_STRICTLY_VERIFIED,NOT_VERIFIED,QUARANTINE,SUSPICIOUS_RETURN_NEEDS_REPAIR,501,501,,NOT_COLLECTED_BULK_RELIABLY_QA_ONLY,0,0,,,0,0,NOT_EVALUATED_NON_READY,,NOT_VERIFIED,DATA_OR_FX_NOT_VERIFIED,PASS_OR_NOT_VERIFIED,FAIL,HISTORY_CACHE_QUARANTINE;INSTRUMENT_NOT_VERIFIED;LIQUIDITY_DATA_OR_FX_NOT_VERIFIED
WS:US:MBGL,"Mobility Global, Inc.",,US_SP1500,,MBGL,MBGL,USD,USD,1.0,UNVERIFIED_EQUITY_SECURITY,NOT_VERIFIED,INSTRUMENT_TYPE_NOT_STRICTLY_VERIFIED,NOT_VERIFIED,WARMUP,INSUFFICIENT_HISTORY,40,40,,NOT_COLLECTED_BULK_RELIABLY_QA_ONLY,0,0,,,0,0,NOT_EVALUATED_NON_READY,,NOT_VERIFIED,DATA_OR_FX_NOT_VERIFIED,PASS_OR_NOT_VERIFIED,FAIL,HISTORY_CACHE_WARMUP;INSTRUMENT_NOT_VERIFIED;LIQUIDITY_DATA_OR_FX_NOT_VERIFIED
WS:US:MEDP,Medpace,,US_SP1500,,MEDP,MEDP,USD,USD,1.0,UNVERIFIED_EQUITY_SECURITY,NOT_VERIFIED,INSTRUMENT_TYPE_NOT_STRICTLY_VERIFIED,NOT_VERIFIED,QUARANTINE,SUSPICIOUS_RETURN_NEEDS_REPAIR,501,501,,NOT_COLLECTED_BULK_RELIABLY_QA_ONLY,0,0,,,0,0,NOT_EVALUATED_NON_READY,,NOT_VERIFIED,DATA_OR_FX_NOT_VERIFIED,PASS_OR_NOT_VERIFIED,FAIL,HISTORY_CACHE_QUARANTINE;INSTRUMENT_NOT_VERIFIED;LIQUIDITY_DATA_OR_FX_NOT_VERIFIED
WS:US:MFP,"Midera Food Processing, Inc.",,US_SP1500,,MFP,MFP,USD,USD,1.0,UNVERIFIED_EQUITY_SECURITY,NOT_VERIFIED,INSTRUMENT_TYPE_NOT_STRICTLY_VERIFIED,NOT_VERIFIED,QUARANTINE,SUSPICIOUS_RETURN_NEEDS_REPAIR,40,40,,NOT_COLLECTED_BULK_RELIABLY_QA_ONLY,0,0,,,0,0,NOT_EVALUATED_NON_READY,,NOT_VERIFIED,DATA_OR_FX_NOT_VERIFIED,PASS_OR_NOT_VERIFIED,FAIL,HISTORY_CACHE_QUARANTINE;INSTRUMENT_NOT_VERIFIED;LIQUIDITY_DATA_OR_FX_NOT_VERIFIED
WS:US:MNST,Monster Beverage,,US_SP1500,,MNST,MNST,USD,USD,1.0,UNVERIFIED_EQUITY_SECURITY,NOT_VERIFIED,INSTRUMENT_TYPE_NOT_STRICTLY_VERIFIED,NOT_VERIFIED,QUARANTINE,SUSPICIOUS_RETURN_NEEDS_REPAIR,500,500,,NOT_COLLECTED_BULK_RELIABLY_QA_ONLY,0,0,,,0,0,NOT_EVALUATED_NON_READY,,NOT_VERIFIED,DATA_OR_FX_NOT_VERIFIED,PASS_OR_NOT_VERIFIED,FAIL,HISTORY_CACHE_QUARANTINE;INSTRUMENT_NOT_VERIFIED;LIQUIDITY_DATA_OR_FX_NOT_VERIFIED
WS:US:MP,MP Materials,,US_SP1500,,MP,MP,USD,USD,1.0,UNVERIFIED_EQUITY_SECURITY,NOT_VERIFIED,INSTRUMENT_TYPE_NOT_STRICTLY_VERIFIED,NOT_VERIFIED,QUARANTINE,SUSPICIOUS_RETURN_NEEDS_REPAIR,501,501,,NOT_COLLECTED_BULK_RELIABLY_QA_ONLY,0,0,,,0,0,NOT_EVALUATED_NON_READY,,NOT_VERIFIED,DATA_OR_FX_NOT_VERIFIED,PASS_OR_NOT_VERIFIED,FAIL,HISTORY_CACHE_QUARANTINE;INSTRUMENT_NOT_VERIFIED;LIQUIDITY_DATA_OR_FX_NOT_VERIFIED
WS:US:MRNA,Moderna,,US_SP1500,,MRNA,MRNA,USD,USD,1.0,UNVERIFIED_EQUITY_SECURITY,NOT_VERIFIED,INSTRUMENT_TYPE_NOT_STRICTLY_VERIFIED,NOT_VERIFIED,QUARANTINE,SUSPICIOUS_RETURN_NEEDS_REPAIR,501,501,,NOT_COLLECTED_BULK_RELIABLY_QA_ONLY,0,0,,,0,0,NOT_EVALUATED_NON_READY,,NOT_VERIFIED,DATA_OR_FX_NOT_VERIFIED,PASS_OR_NOT_VERIFIED,FAIL,HISTORY_CACHE_QUARANTINE;INSTRUMENT_NOT_VERIFIED;LIQUIDITY_DATA_OR_FX_NOT_VERIFIED
WS:US:MXL,"MaxLinear, Inc.",,US_SP1500,,MXL,MXL,USD,USD,1.0,UNVERIFIED_EQUITY_SECURITY,NOT_VERIFIED,INSTRUMENT_TYPE_NOT_STRICTLY_VERIFIED,NOT_VERIFIED,QUARANTINE,SUSPICIOUS_RETURN_NEEDS_REPAIR,501,501,,NOT_COLLECTED_BULK_RELIABLY_QA_ONLY,0,0,,,0,0,NOT_EVALUATED_NON_READY,,NOT_VERIFIED,DATA_OR_FX_NOT_VERIFIED,PASS_OR_NOT_VERIFIED,FAIL,HISTORY_CACHE_QUARANTINE;INSTRUMENT_NOT_VERIFIED;LIQUIDITY_DATA_OR_FX_NOT_VERIFIED
WS:US:PRIM,Primoris Services Corporation,,US_SP1500,,PRIM,PRIM,USD,USD,1.0,UNVERIFIED_EQUITY_SECURITY,NOT_VERIFIED,INSTRUMENT_TYPE_NOT_STRICTLY_VERIFIED,NOT_VERIFIED,QUARANTINE,SUSPICIOUS_RETURN_NEEDS_REPAIR,501,501,,NOT_COLLECTED_BULK_RELIABLY_QA_ONLY,0,0,,,0,0,NOT_EVALUATED_NON_READY,,NOT_VERIFIED,DATA_OR_FX_NOT_VERIFIED,PASS_OR_NOT_VERIFIED,FAIL,HISTORY_CACHE_QUARANTINE;INSTRUMENT_NOT_VERIFIED;LIQUIDITY_DATA_OR_FX_NOT_VERIFIED
WS:US:Q,Qnity Electronics,,US_SP1500,,Q,Q,USD,USD,1.0,UNVERIFIED_EQUITY_SECURITY,NOT_VERIFIED,INSTRUMENT_TYPE_NOT_STRICTLY_VERIFIED,NOT_VERIFIED,WARMUP,INSUFFICIENT_HISTORY,206,206,,NOT_COLLECTED_BULK_RELIABLY_QA_ONLY,0,0,,,0,0,NOT_EVALUATED_NON_READY,,NOT_VERIFIED,DATA_OR_FX_NOT_VERIFIED,PASS_OR_NOT_VERIFIED,FAIL,HISTORY_CACHE_WARMUP;INSTRUMENT_NOT_VERIFIED;LIQUIDITY_DATA_OR_FX_NOT_VERIFIED
WS:US:SEZL,Sezzle,,US_SP1500,,SEZL,SEZL,USD,USD,1.0,UNVERIFIED_EQUITY_SECURITY,NOT_VERIFIED,INSTRUMENT_TYPE_NOT_STRICTLY_VERIFIED,NOT_VERIFIED,QUARANTINE,SUSPICIOUS_RETURN_NEEDS_REPAIR,501,501,,NOT_COLLECTED_BULK_RELIABLY_QA_ONLY,0,0,,,0,0,NOT_EVALUATED_NON_READY,,NOT_VERIFIED,DATA_OR_FX_NOT_VERIFIED,PASS_OR_NOT_VERIFIED,FAIL,HISTORY_CACHE_QUARANTINE;INSTRUMENT_NOT_VERIFIED;LIQUIDITY_DATA_OR_FX_NOT_VERIFIED
WS:US:SOLS,Solstice Advanced Materials,,US_SP1500,,SOLS,SOLS,USD,USD,1.0,UNVERIFIED_EQUITY_SECURITY,NOT_VERIFIED,INSTRUMENT_TYPE_NOT_STRICTLY_VERIFIED,NOT_VERIFIED,WARMUP,INSUFFICIENT_HISTORY,211,211,,NOT_COLLECTED_BULK_RELIABLY_QA_ONLY,0,0,,,0,0,NOT_EVALUATED_NON_READY,,NOT_VERIFIED,DATA_OR_FX_NOT_VERIFIED,PASS_OR_NOT_VERIFIED,FAIL,HISTORY_CACHE_WARMUP;INSTRUMENT_NOT_VERIFIED;LIQUIDITY_DATA_OR_FX_NOT_VERIFIED
WS:US:STRL,Sterling Infrastructure,,US_SP1500,,STRL,STRL,USD,USD,1.0,UNVERIFIED_EQUITY_SECURITY,NOT_VERIFIED,INSTRUMENT_TYPE_NOT_STRICTLY_VERIFIED,NOT_VERIFIED,QUARANTINE,SUSPICIOUS_RETURN_NEEDS_REPAIR,501,501,,NOT_COLLECTED_BULK_RELIABLY_QA_ONLY,0,0,,,0,0,NOT_EVALUATED_NON_READY,,NOT_VERIFIED,DATA_OR_FX_NOT_VERIFIED,PASS_OR_NOT_VERIFIED,FAIL,HISTORY_CACHE_QUARANTINE;INSTRUMENT_NOT_VERIFIED;LIQUIDITY_DATA_OR_FX_NOT_VERIFIED
WS:US:VGNT,Versigent PLC,,US_SP1500,,VGNT,VGNT,USD,USD,1.0,UNVERIFIED_EQUITY_SECURITY,NOT_VERIFIED,INSTRUMENT_TYPE_NOT_STRICTLY_VERIFIED,NOT_VERIFIED,WARMUP,INSUFFICIENT_HISTORY,102,102,,NOT_COLLECTED_BULK_RELIABLY_QA_ONLY,0,0,,,0,0,NOT_EVALUATED_NON_READY,,NOT_VERIFIED,DATA_OR_FX_NOT_VERIFIED,PASS_OR_NOT_VERIFIED,FAIL,HISTORY_CACHE_WARMUP;INSTRUMENT_NOT_VERIFIED;LIQUIDITY_DATA_OR_FX_NOT_VERIFIED
WS:US:VIR,"Vir Biotechnology, Inc.",,US_SP1500,,VIR,VIR,USD,USD,1.0,UNVERIFIED_EQUITY_SECURITY,NOT_VERIFIED,INSTRUMENT_TYPE_NOT_STRICTLY_VERIFIED,NOT_VERIFIED,QUARANTINE,SUSPICIOUS_RETURN_NEEDS_REPAIR,501,501,,NOT_COLLECTED_BULK_RELIABLY_QA_ONLY,0,0,,,0,0,NOT_EVALUATED_NON_READY,,NOT_VERIFIED,DATA_OR_FX_NOT_VERIFIED,PASS_OR_NOT_VERIFIED,FAIL,HISTORY_CACHE_QUARANTINE;INSTRUMENT_NOT_VERIFIED;LIQUIDITY_DATA_OR_FX_NOT_VERIFIED
WS:US:VRRM,Verra Mobility Corporation,,US_SP1500,,VRRM,VRRM,USD,USD,1.0,UNVERIFIED_EQUITY_SECURITY,NOT_VERIFIED,INSTRUMENT_TYPE_NOT_STRICTLY_VERIFIED,NOT_VERIFIED,QUARANTINE,SUSPICIOUS_RETURN_NEEDS_REPAIR,501,501,,NOT_COLLECTED_BULK_RELIABLY_QA_ONLY,0,0,,,0,0,NOT_EVALUATED_NON_READY,,NOT_VERIFIED,DATA_OR_FX_NOT_VERIFIED,PASS_OR_NOT_VERIFIED,FAIL,HISTORY_CACHE_QUARANTINE;INSTRUMENT_NOT_VERIFIED;LIQUIDITY_DATA_OR_FX_NOT_VERIFIED
WS:US:VSNT,"Versant Media Group, Inc.",,US_SP1500,,VSNT,VSNT,USD,USD,1.0,UNVERIFIED_EQUITY_SECURITY,NOT_VERIFIED,INSTRUMENT_TYPE_NOT_STRICTLY_VERIFIED,NOT_VERIFIED,WARMUP,INSUFFICIENT_HISTORY,172,172,,NOT_COLLECTED_BULK_RELIABLY_QA_ONLY,0,0,,,0,0,NOT_EVALUATED_NON_READY,,NOT_VERIFIED,DATA_OR_FX_NOT_VERIFIED,PASS_OR_NOT_VERIFIED,FAIL,HISTORY_CACHE_WARMUP;INSTRUMENT_NOT_VERIFIED;LIQUIDITY_DATA_OR_FX_NOT_VERIFIED
WS:SRC:ZA_TOP40:2DF0FDC7A9EB6AF3,AB InBev,South Africa,ZA_TOP40,XJSE,,ANH.JO,ZAR,ZAR,0.01,UNVERIFIED_EQUITY_SECURITY,NOT_VERIFIED,INSTRUMENT_TYPE_NOT_STRICTLY_VERIFIED,NOT_VERIFIED,QUARANTINE,SUSPICIOUS_RETURN_NEEDS_REPAIR,501,499,,NOT_COLLECTED_BULK_RELIABLY_QA_ONLY,0,0,,,0,0,NOT_EVALUATED_NON_READY,,NOT_VERIFIED,DATA_OR_FX_NOT_VERIFIED,PASS_OR_NOT_VERIFIED,FAIL,HISTORY_CACHE_QUARANTINE;INSTRUMENT_NOT_VERIFIED;LIQUIDITY_DATA_OR_FX_NOT_VERIFIED
WS:SRC:ZA_TOP40:3598A879F2EA6E99,Sanlam,South Africa,ZA_TOP40,XJSE,,SLM.JO,ZAR,ZAR,0.01,UNVERIFIED_EQUITY_SECURITY,NOT_VERIFIED,INSTRUMENT_TYPE_NOT_STRICTLY_VERIFIED,NOT_VERIFIED,QUARANTINE,SUSPICIOUS_RETURN_NEEDS_REPAIR,501,499,,NOT_COLLECTED_BULK_RELIABLY_QA_ONLY,0,0,,,0,0,NOT_EVALUATED_NON_READY,,NOT_VERIFIED,DATA_OR_FX_NOT_VERIFIED,PASS_OR_NOT_VERIFIED,FAIL,HISTORY_CACHE_QUARANTINE;INSTRUMENT_NOT_VERIFIED;LIQUIDITY_DATA_OR_FX_NOT_VERIFIED
WS:SRC:ZA_TOP40:5F247CB49B9B155E,Vodacom,South Africa,ZA_TOP40,XJSE,,VOD.JO,ZAR,ZAR,0.01,UNVERIFIED_EQUITY_SECURITY,NOT_VERIFIED,INSTRUMENT_TYPE_NOT_STRICTLY_VERIFIED,NOT_VERIFIED,QUARANTINE,SUSPICIOUS_RETURN_NEEDS_REPAIR,501,499,,NOT_COLLECTED_BULK_RELIABLY_QA_ONLY,0,0,,,0,0,NOT_EVALUATED_NON_READY,,NOT_VERIFIED,DATA_OR_FX_NOT_VERIFIED,PASS_OR_NOT_VERIFIED,FAIL,HISTORY_CACHE_QUARANTINE;INSTRUMENT_NOT_VERIFIED;LIQUIDITY_DATA_OR_FX_NOT_VERIFIED
WS:SRC:ZA_TOP40:670585B513E60D68,Woolworths Holdings,South Africa,ZA_TOP40,XJSE,,WHL.JO,ZAR,ZAR,0.01,UNVERIFIED_EQUITY_SECURITY,NOT_VERIFIED,INSTRUMENT_TYPE_NOT_STRICTLY_VERIFIED,NOT_VERIFIED,QUARANTINE,INVALID_OHLC_OR_VOLUME,501,498,,NOT_COLLECTED_BULK_RELIABLY_QA_ONLY,0,0,,,0,0,NOT_EVALUATED_NON_READY,,NOT_VERIFIED,DATA_OR_FX_NOT_VERIFIED,PASS_OR_NOT_VERIFIED,FAIL,HISTORY_CACHE_QUARANTINE;INSTRUMENT_NOT_VERIFIED;LIQUIDITY_DATA_OR_FX_NOT_VERIFIED
WS:SRC:ZA_TOP40:72B40FB15EDACCA3,Clicks,South Africa,ZA_TOP40,XJSE,,CLS.JO,ZAR,ZAR,0.01,UNVERIFIED_EQUITY_SECURITY,NOT_VERIFIED,INSTRUMENT_TYPE_NOT_STRICTLY_VERIFIED,NOT_VERIFIED,QUARANTINE,INVALID_OHLC_OR_VOLUME,501,498,,NOT_COLLECTED_BULK_RELIABLY_QA_ONLY,0,0,,,0,0,NOT_EVALUATED_NON_READY,,NOT_VERIFIED,DATA_OR_FX_NOT_VERIFIED,PASS_OR_NOT_VERIFIED,FAIL,HISTORY_CACHE_QUARANTINE;INSTRUMENT_NOT_VERIFIED;LIQUIDITY_DATA_OR_FX_NOT_VERIFIED
WS:SRC:ZA_TOP40:92DB8C1EE0FA61A7,Exxaro,South Africa,ZA_TOP40,XJSE,,EXX.JO,ZAR,ZAR,0.01,UNVERIFIED_EQUITY_SECURITY,NOT_VERIFIED,INSTRUMENT_TYPE_NOT_STRICTLY_VERIFIED,NOT_VERIFIED,QUARANTINE,INVALID_OHLC_OR_VOLUME,501,496,,NOT_COLLECTED_BULK_RELIABLY_QA_ONLY,0,0,,,0,0,NOT_EVALUATED_NON_READY,,NOT_VERIFIED,DATA_OR_FX_NOT_VERIFIED,PASS_OR_NOT_VERIFIED,FAIL,HISTORY_CACHE_QUARANTINE;INSTRUMENT_NOT_VERIFIED;LIQUIDITY_DATA_OR_FX_NOT_VERIFIED
WS:SRC:ZA_TOP40:CCFFACA1ACD941D3,Standard Bank,South Africa,ZA_TOP40,XJSE,,SBK.JO,ZAR,ZAR,0.01,UNVERIFIED_EQUITY_SECURITY,NOT_VERIFIED,INSTRUMENT_TYPE_NOT_STRICTLY_VERIFIED,NOT_VERIFIED,QUARANTINE,SUSPICIOUS_RETURN_NEEDS_REPAIR,501,500,,NOT_COLLECTED_BULK_RELIABLY_QA_ONLY,0,0,,,0,0,NOT_EVALUATED_NON_READY,,NOT_VERIFIED,DATA_OR_FX_NOT_VERIFIED,PASS_OR_NOT_VERIFIED,FAIL,HISTORY_CACHE_QUARANTINE;INSTRUMENT_NOT_VERIFIED;LIQUIDITY_DATA_OR_FX_NOT_VERIFIED
WS:SRC:ZA_TOP40:DE0F69D92EFF3FE9,Old Mutual,South Africa,ZA_TOP40,XJSE,,OMU.JO,ZAR,ZAR,0.01,UNVERIFIED_EQUITY_SECURITY,NOT_VERIFIED,INSTRUMENT_TYPE_NOT_STRICTLY_VERIFIED,NOT_VERIFIED,QUARANTINE,INVALID_OHLC_OR_VOLUME,501,498,,NOT_COLLECTED_BULK_RELIABLY_QA_ONLY,0,0,,,0,0,NOT_EVALUATED_NON_READY,,NOT_VERIFIED,DATA_OR_FX_NOT_VERIFIED,PASS_OR_NOT_VERIFIED,FAIL,HISTORY_CACHE_QUARANTINE;INSTRUMENT_NOT_VERIFIED;LIQUIDITY_DATA_OR_FX_NOT_VERIFIED
WS:SRC:ZA_TOP40:FBAF8D9D0C6FF09E,MTN Group,South Africa,ZA_TOP40,XJSE,,MTN.JO,ZAR,ZAR,0.01,UNVERIFIED_EQUITY_SECURITY,NOT_VERIFIED,INSTRUMENT_TYPE_NOT_STRICTLY_VERIFIED,NOT_VERIFIED,QUARANTINE,INVALID_OHLC_OR_VOLUME,501,498,,NOT_COLLECTED_BULK_RELIABLY_QA_ONLY,0,0,,,0,0,NOT_EVALUATED_NON_READY,,NOT_VERIFIED,DATA_OR_FX_NOT_VERIFIED,PASS_OR_NOT_VERIFIED,FAIL,HISTORY_CACHE_QUARANTINE;INSTRUMENT_NOT_VERIFIED;LIQUIDITY_DATA_OR_FX_NOT_VERIFIED
