WS_ID,Name,ISIN,Country,Primary_Ticker,Primary_Exchange,Primary_MIC,Primary_Currency,Primary_Universe_Index,Index_Tags,ws_id,yahoo_symbol,mapping_status,status,reason_code,unique_bars,valid_bars,repaired_rows,suspicious_returns,zero_volume_share,first_bar_date,last_bar_date,last_fetch_utc,batch_id,last_error
WS:XASX:ASK,Abacus Storage King,,Australia,ASK,Australian Securities Exchange,XASX,AUD,AU_ASX200,AU_ASX200,WS:XASX:ASK,ASK.AX,EXPLICIT,WARMUP,INSUFFICIENT_HISTORY,26,26,0,0,0.0,2026-07-17,2026-08-21,2026-08-23T23:00:39+00:00,YF-20260823T230033613015-0204f4e9,
WS:XASX:L1G,L1 Group,,Australia,L1G,Australian Securities Exchange,XASX,AUD,AU_ASX200,AU_ASX200,WS:XASX:L1G,L1G.AX,EXPLICIT,WARMUP,INSUFFICIENT_HISTORY,224,224,0,0,0.004464285714285714,2025-10-03,2026-08-21,2026-08-23T23:00:39+00:00,YF-20260823T230033613015-0204f4e9,
WS:XASX:IFL,Insignia Financial,,Australia,IFL,Australian Securities Exchange,XASX,AUD,AU_ASX200,AU_ASX200,WS:XASX:IFL,IFL.AX,EXPLICIT,DOWNLOAD_FAILED,NO_DATA_IN_BATCH,0,0,0,0,,,,2026-08-23T23:06:30+00:00,YF-20260823T230629308485-063afe5b,NO_DATA_IN_BATCH
WS:XASX:MSB,Mesoblast,,Australia,MSB,Australian Securities Exchange,XASX,AUD,AU_ASX200,AU_ASX200,WS:XASX:MSB,MSB.AX,EXPLICIT,QUARANTINE,SUSPICIOUS_RETURN_NEEDS_REPAIR,508,508,0,1,0.003937007874015748,2024-08-21,2026-08-21,2026-08-23T23:06:32+00:00,YF-20260823T230631313301-38920382-R,NO_DATA_IN_BATCH
WS:XASX:RYM,Ryman Healthcare,,Australia,RYM,Australian Securities Exchange,XASX,AUD,AU_ASX200,AU_ASX200,WS:XASX:RYM,RYM.AX,EXPLICIT,WARMUP,INSUFFICIENT_HISTORY,223,223,0,0,0.07174887892376682,2025-10-06,2026-08-21,2026-08-23T23:00:49+00:00,YF-20260823T230044469876-679ca8b4,
WS:XASX:TUA,Tuas,,Australia,TUA,Australian Securities Exchange,XASX,AUD,AU_ASX200,AU_ASX200,WS:XASX:TUA,TUA.AX,EXPLICIT,QUARANTINE,SUSPICIOUS_RETURN_NEEDS_REPAIR,508,508,0,1,0.001968503937007874,2024-08-21,2026-08-21,2026-08-23T23:06:32+00:00,YF-20260823T230631313301-38920382-R,NO_DATA_IN_BATCH
WS:XASX:NSR,National Storage,,Australia,NSR,Australian Securities Exchange,XASX,AUD,AU_ASX200,AU_ASX200,WS:XASX:NSR,NSR.AX,EXPLICIT,DOWNLOAD_FAILED,NO_DATA_IN_BATCH,0,0,0,0,,,,2026-08-23T23:06:30+00:00,YF-20260823T230629308485-063afe5b,NO_DATA_IN_BATCH
WS:XASX:XYX,"Block, Inc.",,Australia,XYX,Australian Securities Exchange,XASX,AUD,AU_ASX200,AU_ASX200,WS:XASX:XYX,XYX.AX,EXPLICIT,DOWNLOAD_FAILED,NO_DATA_IN_BATCH,0,0,0,0,,,,2026-08-23T23:06:30+00:00,YF-20260823T230629308485-063afe5b,NO_DATA_IN_BATCH
WS:BVMF:AUAU3,AUAU3,,Brazil,AUAU3,B3,BVMF,BRL,BR_IBRX100,BR_IBRX100,WS:BVMF:AUAU3,AUAU3.SA,EXPLICIT,WARMUP,INSUFFICIENT_HISTORY,159,159,0,0,0.0,2026-01-05,2026-08-21,2026-08-23T23:00:59+00:00,YF-20260823T230054341938-cd389239,
WS:BVMF:NATU3,NATU3,,Brazil,NATU3,B3,BVMF,BRL,BR_IBRX100,BR_IBRX100,WS:BVMF:NATU3,NATU3.SA,EXPLICIT,QUARANTINE,SUSPICIOUS_RETURN_NEEDS_REPAIR,291,291,0,1,0.013745704467353952,2025-06-26,2026-08-21,2026-08-23T23:06:32+00:00,YF-20260823T230631313301-38920382-R,NO_DATA_IN_BATCH
WS:XTSE:IAU,i-80 Gold Corp.,,Canada,IAU,Toronto Stock Exchange,XTSE,CAD,CA_TSX,CA_TSX,WS:XTSE:IAU,IAU.TO,EXPLICIT,QUARANTINE,SUSPICIOUS_RETURN_NEEDS_REPAIR,503,503,0,1,0.0,2024-08-21,2026-08-21,2026-08-23T23:06:32+00:00,YF-20260823T230631313301-38920382-R,NO_DATA_IN_BATCH
WS:XTSE:LAC,Lithium Americas Corp.,,Canada,LAC,Toronto Stock Exchange,XTSE,CAD,CA_TSX,CA_TSX,WS:XTSE:LAC,LAC.TO,EXPLICIT,QUARANTINE,SUSPICIOUS_RETURN_NEEDS_REPAIR,503,503,0,1,0.0,2024-08-21,2026-08-21,2026-08-23T23:06:32+00:00,YF-20260823T230631313301-38920382-R,NO_DATA_IN_BATCH
WS:XSHE:001280,"China National Uranium Co., Ltd.",,China,001280,Shenzhen Stock Exchange,XSHE,CNY,CN_CSI300,CN_CSI300,WS:XSHE:001280,001280.SZ,EXPLICIT,WARMUP,INSUFFICIENT_HISTORY,175,175,0,0,0.0,2025-12-03,2026-08-21,2026-08-23T23:01:28+00:00,YF-20260823T230123399520-7099386b,
WS:XAMS:CSG.AS,CSG A,,NL,CSG.AS,Euronext Amsterdam,XAMS,EUR,EU_STOXX600,EU_STOXX600,WS:XAMS:CSG.AS,CSG.AS,EXPLICIT,WARMUP,INSUFFICIENT_HISTORY,148,148,0,0,0.0,2026-01-23,2026-08-21,2026-08-23T23:01:56+00:00,YF-20260823T230152070161-055d3901,
WS:XAMS:MICCT.AS,THE MAGNUM ICE CREAM COMPANY,,NL,MICCT.AS,Euronext Amsterdam,XAMS,EUR,EU_STOXX600,EU_STOXX600,WS:XAMS:MICCT.AS,MICC.AS,EXPLICIT,WARMUP,INSUFFICIENT_HISTORY,179,179,0,0,0.0,2025-12-08,2026-08-21,2026-08-23T23:01:56+00:00,YF-20260823T230152070161-055d3901,
WS:XETR:AMV0N.DE,AUMOVIO,,DE,AMV0n.DE,XETRA,XETR,EUR,EU_STOXX600,EU_STOXX600,WS:XETR:AMV0N.DE,AMV0.DE,EXPLICIT,WARMUP,INSUFFICIENT_HISTORY,234,234,0,0,0.06837606837606838,2025-09-18,2026-08-21,2026-08-23T23:02:07+00:00,YF-20260823T230201696642-04b7cf78,
WS:XLON:ROR.L,ROTORK,,GB,ROR.L,London SE,XLON,GBP,EU_STOXX600,EU_STOXX600,WS:XLON:ROR.L,ROR.L,EXPLICIT,QUARANTINE,SUSPICIOUS_RETURN_NEEDS_REPAIR,507,507,0,1,0.0,2024-08-21,2026-08-21,2026-08-23T23:06:32+00:00,YF-20260823T230631313301-38920382-R,NO_DATA_IN_BATCH
WS:XOSL:KMAR.OL,KONGSBERG MARITIME,,NO,KMAR.OL,Oslo Bors,XOSL,NOK,EU_STOXX600,EU_STOXX600,WS:XOSL:KMAR.OL,KMAR.OL,EXPLICIT,WARMUP,INSUFFICIENT_HISTORY,84,84,0,0,0.0,2026-04-23,2026-08-21,2026-08-23T23:02:27+00:00,YF-20260823T230222119616-f5ab8104,
WS:XPAR:ABVX.PA,ABIVAX,,FR,ABVX.PA,Euronext Paris,XPAR,EUR,EU_STOXX600,EU_STOXX600,WS:XPAR:ABVX.PA,ABVX.PA,EXPLICIT,QUARANTINE,SUSPICIOUS_RETURN_NEEDS_REPAIR,511,511,0,1,0.0,2024-08-21,2026-08-21,2026-08-23T23:06:32+00:00,YF-20260823T230631313301-38920382-R,NO_DATA_IN_BATCH
WS:XSTO:OCTVSDB.ST,OCTAVE INTELLIGENCE SDR,,SE,OCTVsdb.ST,NASDAQ Stockholm,XSTO,SEK,EU_STOXX600,EU_STOXX600,WS:XSTO:OCTVSDB.ST,OCTV,EXPLICIT,WARMUP,INSUFFICIENT_HISTORY,64,64,0,0,0.0,2026-05-21,2026-08-21,2026-08-23T23:02:47+00:00,YF-20260823T230242307058-0d9d7896,
WS:XSTO:VSURE.ST,VERISURE,,SE,VSURE.ST,NASDAQ Stockholm,XSTO,EUR,EU_STOXX600,EU_STOXX600,WS:XSTO:VSURE.ST,VSURE.ST,EXPLICIT,WARMUP,INSUFFICIENT_HISTORY,1,1,0,0,0.0,2026-08-21,2026-08-21,2026-08-23T23:02:47+00:00,YF-20260823T230242307058-0d9d7896,
WS:XKRX:006400,Samsung SDI,,South Korea,006400,Korea Exchange,XKRX,KRW,KR_KOSPI200,KR_KOSPI200,WS:XKRX:006400,006400.KS,EXPLICIT,QUARANTINE,INVALID_OHLC_OR_VOLUME,484,482,0,0,0.0,2024-08-21,2026-08-21,2026-08-23T23:06:32+00:00,YF-20260823T230631313301-38920382-R,NO_DATA_IN_BATCH
WS:XKRX:007660,Isu Petasys,,South Korea,007660,Korea Exchange,XKRX,KRW,KR_KOSPI200,KR_KOSPI200,WS:XKRX:007660,007660.KS,EXPLICIT,QUARANTINE,INVALID_OHLC_OR_VOLUME,484,482,0,0,0.0,2024-08-21,2026-08-21,2026-08-23T23:06:32+00:00,YF-20260823T230631313301-38920382-R,NO_DATA_IN_BATCH
WS:XKRX:009830,Hanwha Solutions,,South Korea,009830,Korea Exchange,XKRX,KRW,KR_KOSPI200,KR_KOSPI200,WS:XKRX:009830,009830.KS,EXPLICIT,QUARANTINE,INVALID_OHLC_OR_VOLUME,484,482,0,0,0.0,2024-08-21,2026-08-21,2026-08-23T23:06:32+00:00,YF-20260823T230631313301-38920382-R,NO_DATA_IN_BATCH
WS:XKRX:010120,LS Electric,,South Korea,010120,Korea Exchange,XKRX,KRW,KR_KOSPI200,KR_KOSPI200,WS:XKRX:010120,010120.KS,EXPLICIT,QUARANTINE,INVALID_OHLC_OR_VOLUME,484,482,0,0,0.006224066390041493,2024-08-21,2026-08-21,2026-08-23T23:06:32+00:00,YF-20260823T230631313301-38920382-R,NO_DATA_IN_BATCH
WS:XKRX:010140,Samsung Heavy Industries,,South Korea,010140,Korea Exchange,XKRX,KRW,KR_KOSPI200,KR_KOSPI200,WS:XKRX:010140,010140.KS,EXPLICIT,QUARANTINE,INVALID_OHLC_OR_VOLUME,484,482,0,0,0.0,2024-08-21,2026-08-21,2026-08-23T23:06:32+00:00,YF-20260823T230631313301-38920382-R,NO_DATA_IN_BATCH
WS:XKRX:012450,Hanwha Aerospace,,South Korea,012450,Korea Exchange,XKRX,KRW,KR_KOSPI200,KR_KOSPI200,WS:XKRX:012450,012450.KS,EXPLICIT,QUARANTINE,INVALID_OHLC_OR_VOLUME,484,482,0,0,0.03734439834024896,2024-08-21,2026-08-21,2026-08-23T23:06:32+00:00,YF-20260823T230631313301-38920382-R,NO_DATA_IN_BATCH
WS:XKRX:0126Z0,Samsung Epis,,South Korea,0126Z0,Korea Exchange,XKRX,KRW,KR_KOSPI200,KR_KOSPI200,WS:XKRX:0126Z0,0126Z0.KS,EXPLICIT,WARMUP,INSUFFICIENT_HISTORY,181,181,0,0,0.0,2025-11-25,2026-08-21,2026-08-23T23:03:35+00:00,YF-20260823T230331262207-87656328,
WS:XKRX:034020,Doosan Enerbility,,South Korea,034020,Korea Exchange,XKRX,KRW,KR_KOSPI200,KR_KOSPI200,WS:XKRX:034020,034020.KS,EXPLICIT,QUARANTINE,INVALID_OHLC_OR_VOLUME,484,482,0,0,0.0,2024-08-21,2026-08-21,2026-08-23T23:06:32+00:00,YF-20260823T230631313301-38920382-R,NO_DATA_IN_BATCH
WS:XKRX:034220,LG Display,,South Korea,034220,Korea Exchange,XKRX,KRW,KR_KOSPI200,KR_KOSPI200,WS:XKRX:034220,034220.KS,EXPLICIT,QUARANTINE,INVALID_OHLC_OR_VOLUME,484,482,0,0,0.0,2024-08-21,2026-08-21,2026-08-23T23:06:32+00:00,YF-20260823T230631313301-38920382-R,NO_DATA_IN_BATCH
WS:XKRX:042700,Hanmi Semiconductor,,South Korea,042700,Korea Exchange,XKRX,KRW,KR_KOSPI200,KR_KOSPI200,WS:XKRX:042700,042700.KS,EXPLICIT,QUARANTINE,INVALID_OHLC_OR_VOLUME,484,482,0,0,0.0,2024-08-21,2026-08-21,2026-08-23T23:06:32+00:00,YF-20260823T230631313301-38920382-R,NO_DATA_IN_BATCH
WS:XKRX:047050,POSCO International,,South Korea,047050,Korea Exchange,XKRX,KRW,KR_KOSPI200,KR_KOSPI200,WS:XKRX:047050,047050.KS,EXPLICIT,QUARANTINE,INVALID_OHLC_OR_VOLUME,484,482,0,0,0.0,2024-08-21,2026-08-21,2026-08-23T23:06:32+00:00,YF-20260823T230631313301-38920382-R,NO_DATA_IN_BATCH
WS:XKRX:051910,LG Chem,,South Korea,051910,Korea Exchange,XKRX,KRW,KR_KOSPI200,KR_KOSPI200,WS:XKRX:051910,051910.KS,EXPLICIT,QUARANTINE,INVALID_OHLC_OR_VOLUME,484,482,0,0,0.0,2024-08-21,2026-08-21,2026-08-23T23:06:32+00:00,YF-20260823T230631313301-38920382-R,NO_DATA_IN_BATCH
WS:XMEX:ALFAA,ALFA,,Mexico,ALFA A,Bolsa Mexicana de Valores,XMEX,MXN,MX_IPC,MX_IPC,WS:XMEX:ALFAA,ALFAA.MX,EXPLICIT,DOWNLOAD_FAILED,NO_DATA_IN_BATCH,0,0,0,0,,,,2026-08-23T23:06:30+00:00,YF-20260823T230629308485-063afe5b,NO_DATA_IN_BATCH
WS:XMEX:ELEKTRA,Grupo Elektra,,Mexico,ELEKTRA,Bolsa Mexicana de Valores,XMEX,MXN,MX_IPC,MX_IPC,WS:XMEX:ELEKTRA,ELEKTRA.MX,EXPLICIT,DOWNLOAD_FAILED,NO_DATA_IN_BATCH,0,0,0,0,,,,2026-08-23T23:06:30+00:00,YF-20260823T230629308485-063afe5b,NO_DATA_IN_BATCH
WS:XNZE:KPG,Kiwi Property Group Limited,,New Zealand,KPG,New Zealand Exchange,XNZE,NZD,NZ_NZX50,NZ_NZX50,WS:XNZE:KPG,KPG.NZ,EXPLICIT,QUARANTINE,INVALID_OHLC_OR_VOLUME,499,497,0,0,0.002012072434607646,2024-08-26,2026-08-24,2026-08-23T23:06:32+00:00,YF-20260823T230631313301-38920382-R,NO_DATA_IN_BATCH
WS:XNZE:SKL,Skellerup Holdings Limited,,New Zealand,SKL,New Zealand Exchange,XNZE,NZD,NZ_NZX50,NZ_NZX50,WS:XNZE:SKL,SKL.NZ,EXPLICIT,QUARANTINE,INVALID_OHLC_OR_VOLUME,499,497,0,0,0.0,2024-08-26,2026-08-24,2026-08-23T23:06:32+00:00,YF-20260823T230631313301-38920382-R,NO_DATA_IN_BATCH
WS:XNZE:THL,Tourism Holdings Limited,,New Zealand,THL,New Zealand Exchange,XNZE,NZD,NZ_NZX50,NZ_NZX50,WS:XNZE:THL,THL.NZ,EXPLICIT,QUARANTINE,SUSPICIOUS_RETURN_NEEDS_REPAIR,499,499,0,1,0.002004008016032064,2024-08-26,2026-08-24,2026-08-23T23:06:32+00:00,YF-20260823T230631313301-38920382-R,NO_DATA_IN_BATCH
WS:XNZE:ARV,Arvida Group Limited,,New Zealand,ARV,New Zealand Exchange,XNZE,NZD,NZ_NZX50,NZ_NZX50,WS:XNZE:ARV,ARV.NZ,EXPLICIT,DOWNLOAD_FAILED,NO_DATA_IN_BATCH,0,0,0,0,,,,2026-08-23T23:06:30+00:00,YF-20260823T230629308485-063afe5b,NO_DATA_IN_BATCH
WS:XNZE:GMT,Goodman Property Trust,,New Zealand,GMT,New Zealand Exchange,XNZE,NZD,NZ_NZX50,NZ_NZX50,WS:XNZE:GMT,GMT.NZ,EXPLICIT,DOWNLOAD_FAILED,NO_DATA_IN_BATCH,0,0,0,0,,,,2026-08-23T23:06:30+00:00,YF-20260823T230629308485-063afe5b,NO_DATA_IN_BATCH
WS:XNZE:MNW,Manawa Energy Limited,,New Zealand,MNW,New Zealand Exchange,XNZE,NZD,NZ_NZX50,NZ_NZX50,WS:XNZE:MNW,MNW.NZ,EXPLICIT,DOWNLOAD_FAILED,NO_DATA_IN_BATCH,0,0,0,0,,,,2026-08-23T23:06:30+00:00,YF-20260823T230629308485-063afe5b,NO_DATA_IN_BATCH
WS:US:AAP,"Advance Auto Parts, Inc.",,,AAP,US primary exchange pending,,USD,US_SP1500,US_SP1500;US_SP600,WS:US:AAP,AAP,EXPLICIT,QUARANTINE,SUSPICIOUS_RETURN_NEEDS_REPAIR,501,501,0,1,0.0,2024-08-22,2026-08-21,2026-08-23T23:06:32+00:00,YF-20260823T230631313301-38920382-R,NO_DATA_IN_BATCH
WS:US:ADIG,ADI Global Distribution,,,ADIG,US primary exchange pending,,USD,US_SP1500,US_SP1500;US_SP600,WS:US:ADIG,ADIG,EXPLICIT,WARMUP,INSUFFICIENT_HISTORY,17,17,0,0,0.0,2026-07-30,2026-08-21,2026-08-23T23:04:04+00:00,YF-20260823T230359204196-622e4304,
WS:US:CORT,Corcept Therapeutics Incorporated,,,CORT,US primary exchange pending,,USD,US_SP1500,US_SP1500;US_SP600,WS:US:CORT,CORT,EXPLICIT,QUARANTINE,SUSPICIOUS_RETURN_NEEDS_REPAIR,501,501,0,2,0.0,2024-08-22,2026-08-21,2026-08-23T23:06:32+00:00,YF-20260823T230631313301-38920382-R,NO_DATA_IN_BATCH
WS:US:CWEN.A,"Clearway Energy, Inc. (Class A)",,,CWEN.A,US primary exchange pending,,USD,US_SP1500,US_SP1500;US_SP600,WS:US:CWEN.A,CWEN-A,EXPLICIT,DOWNLOAD_FAILED,NO_DATA_IN_BATCH,0,0,0,0,,,,2026-08-23T23:06:30+00:00,YF-20260823T230629308485-063afe5b,NO_DATA_IN_BATCH
WS:US:ECHO,EchoStar,,,ECHO,US primary exchange pending,,USD,US_SP1500,US_SP1500;US_SP500,WS:US:ECHO,ECHO,EXPLICIT,QUARANTINE,SUSPICIOUS_RETURN_NEEDS_REPAIR,501,501,0,1,0.0,2024-08-22,2026-08-21,2026-08-23T23:06:32+00:00,YF-20260823T230631313301-38920382-R,NO_DATA_IN_BATCH
WS:US:EFOR,Everforth Inc.,,,EFOR,US primary exchange pending,,USD,US_SP1500,US_SP1500;US_SP600,WS:US:EFOR,EFOR,EXPLICIT,QUARANTINE,SUSPICIOUS_RETURN_NEEDS_REPAIR,501,501,0,1,0.0,2024-08-22,2026-08-21,2026-08-23T23:06:32+00:00,YF-20260823T230631313301-38920382-R,NO_DATA_IN_BATCH
WS:US:FDXF,FedEx Freight,,,FDXF,US primary exchange pending,,USD,US_SP1500,US_SP1500;US_SP500,WS:US:FDXF,FDXF,EXPLICIT,WARMUP,INSUFFICIENT_HISTORY,61,61,0,0,0.0,2026-05-27,2026-08-21,2026-08-23T23:04:51+00:00,YF-20260823T230447001891-36b6d455,
WS:US:HONA,Honeywell Aerospace,,,HONA,US primary exchange pending,,USD,US_SP1500,US_SP1500;US_SP500,WS:US:HONA,HONA,EXPLICIT,WARMUP,INSUFFICIENT_HISTORY,48,48,0,0,0.0,2026-06-15,2026-08-21,2026-08-23T23:05:01+00:00,YF-20260823T230456696379-30a24de9,
WS:US:IESC,IES Holdings,,,IESC,US primary exchange pending,,USD,US_SP1500,US_SP1500;US_SP400,WS:US:IESC,IESC,EXPLICIT,STALE,LAST_BAR_TOO_OLD,477,476,0,0,0.0,2024-08-22,2026-07-17,2026-08-23T23:05:10+00:00,YF-20260823T230506104693-ce64cbcf,
WS:US:KD,Kyndryl,,,KD,US primary exchange pending,,USD,US_SP1500,US_SP1500;US_SP400,WS:US:KD,KD,EXPLICIT,QUARANTINE,SUSPICIOUS_RETURN_NEEDS_REPAIR,501,501,0,1,0.0,2024-08-22,2026-08-21,2026-08-23T23:06:34+00:00,YF-20260823T230632999374-221e5dbb-R,NO_DATA_IN_BATCH
WS:US:LRN,"Stride, Inc.",,,LRN,US primary exchange pending,,USD,US_SP1500,US_SP1500;US_SP600,WS:US:LRN,LRN,EXPLICIT,QUARANTINE,SUSPICIOUS_RETURN_NEEDS_REPAIR,501,501,0,1,0.0,2024-08-22,2026-08-21,2026-08-23T23:06:34+00:00,YF-20260823T230632999374-221e5dbb-R,NO_DATA_IN_BATCH
WS:US:MBGL,"Mobility Global, Inc.",,,MBGL,US primary exchange pending,,USD,US_SP1500,US_SP1500;US_SP600,WS:US:MBGL,MBGL,EXPLICIT,WARMUP,INSUFFICIENT_HISTORY,40,40,0,0,0.0,2026-06-26,2026-08-21,2026-08-23T23:05:20+00:00,YF-20260823T230515647335-590890e0,
WS:US:MEDP,Medpace,,,MEDP,US primary exchange pending,,USD,US_SP1500,US_SP1500;US_SP400,WS:US:MEDP,MEDP,EXPLICIT,QUARANTINE,SUSPICIOUS_RETURN_NEEDS_REPAIR,501,501,0,1,0.0,2024-08-22,2026-08-21,2026-08-23T23:06:34+00:00,YF-20260823T230632999374-221e5dbb-R,NO_DATA_IN_BATCH
WS:US:MFP,"Midera Food Processing, Inc.",,,MFP,US primary exchange pending,,USD,US_SP1500,US_SP1500;US_SP600,WS:US:MFP,MFP,EXPLICIT,QUARANTINE,SUSPICIOUS_RETURN_NEEDS_REPAIR,40,40,0,1,0.025,2026-06-26,2026-08-21,2026-08-23T23:06:34+00:00,YF-20260823T230632999374-221e5dbb-R,NO_DATA_IN_BATCH
WS:US:MNST,Monster Beverage,,,MNST,US primary exchange pending,,USD,US_SP1500,US_SP1500;US_SP500,WS:US:MNST,MNST,EXPLICIT,QUARANTINE,SUSPICIOUS_RETURN_NEEDS_REPAIR,500,500,0,5,0.0,2024-08-22,2026-08-21,2026-08-23T23:06:34+00:00,YF-20260823T230632999374-221e5dbb-R,NO_DATA_IN_BATCH
WS:US:MP,MP Materials,,,MP,US primary exchange pending,,USD,US_SP1500,US_SP1500;US_SP400,WS:US:MP,MP,EXPLICIT,QUARANTINE,SUSPICIOUS_RETURN_NEEDS_REPAIR,501,501,0,1,0.0,2024-08-22,2026-08-21,2026-08-23T23:06:34+00:00,YF-20260823T230632999374-221e5dbb-R,NO_DATA_IN_BATCH
WS:US:MRNA,Moderna,,,MRNA,US primary exchange pending,,USD,US_SP1500,US_SP1500;US_SP500,WS:US:MRNA,MRNA,EXPLICIT,QUARANTINE,SUSPICIOUS_RETURN_NEEDS_REPAIR,501,501,0,1,0.0,2024-08-22,2026-08-21,2026-08-23T23:06:34+00:00,YF-20260823T230632999374-221e5dbb-R,NO_DATA_IN_BATCH
WS:US:MXL,"MaxLinear, Inc.",,,MXL,US primary exchange pending,,USD,US_SP1500,US_SP1500;US_SP600,WS:US:MXL,MXL,EXPLICIT,QUARANTINE,SUSPICIOUS_RETURN_NEEDS_REPAIR,501,501,0,1,0.0,2024-08-22,2026-08-21,2026-08-23T23:06:34+00:00,YF-20260823T230632999374-221e5dbb-R,NO_DATA_IN_BATCH
WS:US:PRIM,Primoris Services Corporation,,,PRIM,US primary exchange pending,,USD,US_SP1500,US_SP1500;US_SP600,WS:US:PRIM,PRIM,EXPLICIT,QUARANTINE,SUSPICIOUS_RETURN_NEEDS_REPAIR,501,501,0,1,0.0,2024-08-22,2026-08-21,2026-08-23T23:06:34+00:00,YF-20260823T230632999374-221e5dbb-R,NO_DATA_IN_BATCH
WS:US:Q,Qnity Electronics,,,Q,US primary exchange pending,,USD,US_SP1500,US_SP1500;US_SP500,WS:US:Q,Q,EXPLICIT,WARMUP,INSUFFICIENT_HISTORY,206,206,0,0,0.0,2025-10-27,2026-08-21,2026-08-23T23:05:49+00:00,YF-20260823T230544483070-6e07d11d,
WS:US:SEZL,Sezzle,,,SEZL,US primary exchange pending,,USD,US_SP1500,US_SP1500;US_SP600,WS:US:SEZL,SEZL,EXPLICIT,QUARANTINE,SUSPICIOUS_RETURN_NEEDS_REPAIR,501,501,0,1,0.0,2024-08-22,2026-08-21,2026-08-23T23:06:34+00:00,YF-20260823T230632999374-221e5dbb-R,NO_DATA_IN_BATCH
WS:US:SOLS,Solstice Advanced Materials,,,SOLS,US primary exchange pending,,USD,US_SP1500,US_SP1500;US_SP400,WS:US:SOLS,SOLS,EXPLICIT,WARMUP,INSUFFICIENT_HISTORY,211,211,0,0,0.0,2025-10-20,2026-08-21,2026-08-23T23:05:58+00:00,YF-20260823T230553979943-f188b865,
WS:US:STRL,Sterling Infrastructure,,,STRL,US primary exchange pending,,USD,US_SP1500,US_SP1500;US_SP400,WS:US:STRL,STRL,EXPLICIT,QUARANTINE,SUSPICIOUS_RETURN_NEEDS_REPAIR,501,501,0,1,0.0,2024-08-22,2026-08-21,2026-08-23T23:06:34+00:00,YF-20260823T230632999374-221e5dbb-R,NO_DATA_IN_BATCH
WS:US:VGNT,Versigent PLC,,,VGNT,US primary exchange pending,,USD,US_SP1500,US_SP1500;US_SP600,WS:US:VGNT,VGNT,EXPLICIT,WARMUP,INSUFFICIENT_HISTORY,102,102,0,0,0.0,2026-03-27,2026-08-21,2026-08-23T23:06:17+00:00,YF-20260823T230613076378-9776054c,
WS:US:VIR,"Vir Biotechnology, Inc.",,,VIR,US primary exchange pending,,USD,US_SP1500,US_SP1500;US_SP600,WS:US:VIR,VIR,EXPLICIT,QUARANTINE,SUSPICIOUS_RETURN_NEEDS_REPAIR,501,501,0,1,0.0,2024-08-22,2026-08-21,2026-08-23T23:06:34+00:00,YF-20260823T230632999374-221e5dbb-R,NO_DATA_IN_BATCH
WS:US:VRRM,Verra Mobility Corporation,,,VRRM,US primary exchange pending,,USD,US_SP1500,US_SP1500;US_SP600,WS:US:VRRM,VRRM,EXPLICIT,QUARANTINE,SUSPICIOUS_RETURN_NEEDS_REPAIR,501,501,0,1,0.0,2024-08-22,2026-08-21,2026-08-23T23:06:34+00:00,YF-20260823T230632999374-221e5dbb-R,NO_DATA_IN_BATCH
WS:US:VSNT,"Versant Media Group, Inc.",,,VSNT,US primary exchange pending,,USD,US_SP1500,US_SP1500;US_SP600,WS:US:VSNT,VSNT,EXPLICIT,WARMUP,INSUFFICIENT_HISTORY,172,172,0,0,0.0,2025-12-15,2026-08-21,2026-08-23T23:06:17+00:00,YF-20260823T230613076378-9776054c,
WS:SRC:ZA_TOP40:1EFE66E75F1BEAE6,NEPI Rockcastle,,South Africa,,Johannesburg Stock Exchange,XJSE,ZAR,ZA_TOP40,ZA_TOP40,WS:SRC:ZA_TOP40:1EFE66E75F1BEAE6,NRP.JO,EXPLICIT,QUARANTINE,INVALID_OHLC_OR_VOLUME,501,499,0,0,0.0,2024-08-21,2026-08-21,2026-08-23T23:06:34+00:00,YF-20260823T230632999374-221e5dbb-R,NO_DATA_IN_BATCH
WS:SRC:ZA_TOP40:2DF0FDC7A9EB6AF3,AB InBev,,South Africa,,Johannesburg Stock Exchange,XJSE,ZAR,ZA_TOP40,ZA_TOP40,WS:SRC:ZA_TOP40:2DF0FDC7A9EB6AF3,ANH.JO,EXPLICIT,QUARANTINE,INVALID_OHLC_OR_VOLUME,501,499,0,2,0.0,2024-08-21,2026-08-21,2026-08-23T23:06:34+00:00,YF-20260823T230632999374-221e5dbb-R,NO_DATA_IN_BATCH
WS:SRC:ZA_TOP40:3598A879F2EA6E99,Sanlam,,South Africa,,Johannesburg Stock Exchange,XJSE,ZAR,ZA_TOP40,ZA_TOP40,WS:SRC:ZA_TOP40:3598A879F2EA6E99,SLM.JO,EXPLICIT,QUARANTINE,INVALID_OHLC_OR_VOLUME,501,499,0,2,0.0,2024-08-21,2026-08-21,2026-08-23T23:06:34+00:00,YF-20260823T230632999374-221e5dbb-R,NO_DATA_IN_BATCH
WS:SRC:ZA_TOP40:3CA42D3A25639D8E,Sasol,,South Africa,,Johannesburg Stock Exchange,XJSE,ZAR,ZA_TOP40,ZA_TOP40,WS:SRC:ZA_TOP40:3CA42D3A25639D8E,SOLBE1.JO,EXPLICIT,QUARANTINE,SUSPICIOUS_RETURN_NEEDS_REPAIR,501,501,0,9,0.48902195608782434,2024-08-21,2026-08-21,2026-08-23T23:06:34+00:00,YF-20260823T230632999374-221e5dbb-R,NO_DATA_IN_BATCH
WS:SRC:ZA_TOP40:5F247CB49B9B155E,Vodacom,,South Africa,,Johannesburg Stock Exchange,XJSE,ZAR,ZA_TOP40,ZA_TOP40,WS:SRC:ZA_TOP40:5F247CB49B9B155E,VOD.JO,EXPLICIT,QUARANTINE,INVALID_OHLC_OR_VOLUME,501,499,0,2,0.0,2024-08-21,2026-08-21,2026-08-23T23:06:34+00:00,YF-20260823T230632999374-221e5dbb-R,NO_DATA_IN_BATCH
WS:SRC:ZA_TOP40:670585B513E60D68,Woolworths Holdings,,South Africa,,Johannesburg Stock Exchange,XJSE,ZAR,ZA_TOP40,ZA_TOP40,WS:SRC:ZA_TOP40:670585B513E60D68,WHL.JO,EXPLICIT,QUARANTINE,INVALID_OHLC_OR_VOLUME,501,498,0,0,0.0,2024-08-21,2026-08-21,2026-08-23T23:06:34+00:00,YF-20260823T230632999374-221e5dbb-R,NO_DATA_IN_BATCH
WS:SRC:ZA_TOP40:72B40FB15EDACCA3,Clicks,,South Africa,,Johannesburg Stock Exchange,XJSE,ZAR,ZA_TOP40,ZA_TOP40,WS:SRC:ZA_TOP40:72B40FB15EDACCA3,CLS.JO,EXPLICIT,QUARANTINE,INVALID_OHLC_OR_VOLUME,501,498,0,0,0.0,2024-08-21,2026-08-21,2026-08-23T23:06:34+00:00,YF-20260823T230632999374-221e5dbb-R,NO_DATA_IN_BATCH
WS:SRC:ZA_TOP40:8D915874D6D1F74D,Growthpoint Properties,,South Africa,,Johannesburg Stock Exchange,XJSE,ZAR,ZA_TOP40,ZA_TOP40,WS:SRC:ZA_TOP40:8D915874D6D1F74D,GRT.JO,EXPLICIT,QUARANTINE,INVALID_OHLC_OR_VOLUME,501,499,0,0,0.0,2024-08-21,2026-08-21,2026-08-23T23:06:34+00:00,YF-20260823T230632999374-221e5dbb-R,NO_DATA_IN_BATCH
WS:SRC:ZA_TOP40:92DB8C1EE0FA61A7,Exxaro,,South Africa,,Johannesburg Stock Exchange,XJSE,ZAR,ZA_TOP40,ZA_TOP40,WS:SRC:ZA_TOP40:92DB8C1EE0FA61A7,EXX.JO,EXPLICIT,QUARANTINE,INVALID_OHLC_OR_VOLUME,501,496,0,0,0.0,2024-08-21,2026-08-21,2026-08-23T23:06:34+00:00,YF-20260823T230632999374-221e5dbb-R,NO_DATA_IN_BATCH
WS:SRC:ZA_TOP40:9CADEA732F4AE055,Remgro,,South Africa,,Johannesburg Stock Exchange,XJSE,ZAR,ZA_TOP40,ZA_TOP40,WS:SRC:ZA_TOP40:9CADEA732F4AE055,REM.JO,EXPLICIT,QUARANTINE,INVALID_OHLC_OR_VOLUME,501,499,0,0,0.0,2024-08-21,2026-08-21,2026-08-23T23:06:34+00:00,YF-20260823T230632999374-221e5dbb-R,NO_DATA_IN_BATCH
WS:SRC:ZA_TOP40:A5EBFF44983C436F,Bidcorp,,South Africa,,Johannesburg Stock Exchange,XJSE,ZAR,ZA_TOP40,ZA_TOP40,WS:SRC:ZA_TOP40:A5EBFF44983C436F,BID.JO,EXPLICIT,QUARANTINE,INVALID_OHLC_OR_VOLUME,501,499,0,0,0.0,2024-08-21,2026-08-21,2026-08-23T23:06:34+00:00,YF-20260823T230632999374-221e5dbb-R,NO_DATA_IN_BATCH
WS:SRC:ZA_TOP40:C46C9A1E2438665A,Anglo American,,South Africa,,Johannesburg Stock Exchange,XJSE,ZAR,ZA_TOP40,ZA_TOP40,WS:SRC:ZA_TOP40:C46C9A1E2438665A,AGL.JO,EXPLICIT,QUARANTINE,INVALID_OHLC_OR_VOLUME,501,499,0,0,0.0,2024-08-21,2026-08-21,2026-08-23T23:06:34+00:00,YF-20260823T230632999374-221e5dbb-R,NO_DATA_IN_BATCH
WS:SRC:ZA_TOP40:CCFFACA1ACD941D3,Standard Bank,,South Africa,,Johannesburg Stock Exchange,XJSE,ZAR,ZA_TOP40,ZA_TOP40,WS:SRC:ZA_TOP40:CCFFACA1ACD941D3,SBK.JO,EXPLICIT,QUARANTINE,SUSPICIOUS_RETURN_NEEDS_REPAIR,501,500,0,2,0.0,2024-08-21,2026-08-21,2026-08-23T23:06:35+00:00,YF-20260823T230634953361-b9c886b6-R,NO_DATA_IN_BATCH
WS:SRC:ZA_TOP40:D7462C43096E07C0,Reinet Investments,,South Africa,,Johannesburg Stock Exchange,XJSE,ZAR,ZA_TOP40,ZA_TOP40,WS:SRC:ZA_TOP40:D7462C43096E07C0,RNI.JO,EXPLICIT,QUARANTINE,INVALID_OHLC_OR_VOLUME,501,499,0,0,0.0,2024-08-21,2026-08-21,2026-08-23T23:06:35+00:00,YF-20260823T230634953361-b9c886b6-R,NO_DATA_IN_BATCH
WS:SRC:ZA_TOP40:DE0F69D92EFF3FE9,Old Mutual,,South Africa,,Johannesburg Stock Exchange,XJSE,ZAR,ZA_TOP40,ZA_TOP40,WS:SRC:ZA_TOP40:DE0F69D92EFF3FE9,OMU.JO,EXPLICIT,QUARANTINE,INVALID_OHLC_OR_VOLUME,501,498,0,0,0.0,2024-08-21,2026-08-21,2026-08-23T23:06:35+00:00,YF-20260823T230634953361-b9c886b6-R,NO_DATA_IN_BATCH
WS:SRC:ZA_TOP40:FA44132B238E6795,Discovery,,South Africa,,Johannesburg Stock Exchange,XJSE,ZAR,ZA_TOP40,ZA_TOP40,WS:SRC:ZA_TOP40:FA44132B238E6795,DSY.JO,EXPLICIT,QUARANTINE,INVALID_OHLC_OR_VOLUME,501,499,0,0,0.0,2024-08-21,2026-08-21,2026-08-23T23:06:35+00:00,YF-20260823T230634953361-b9c886b6-R,NO_DATA_IN_BATCH
WS:SRC:ZA_TOP40:FBAF8D9D0C6FF09E,MTN Group,,South Africa,,Johannesburg Stock Exchange,XJSE,ZAR,ZA_TOP40,ZA_TOP40,WS:SRC:ZA_TOP40:FBAF8D9D0C6FF09E,MTN.JO,EXPLICIT,QUARANTINE,INVALID_OHLC_OR_VOLUME,501,498,0,0,0.0,2024-08-21,2026-08-21,2026-08-23T23:06:35+00:00,YF-20260823T230634953361-b9c886b6-R,NO_DATA_IN_BATCH
