WS_ID,Name,ISIN,Instrument_Type,Country,Primary_Ticker,Primary_Exchange,Primary_MIC,Primary_Currency,Yahoo_Symbol,Alpha_Symbol,Primary_Universe_Index,Index_Tags,Active,Universe_Status,Mapping_Status,Scalable_Tradeability_Status,Source_ID,Source_AsOf,Last_Validated,Share_Class,Notes
WS:BVMF:VALE3,VALE3,,UNVERIFIED_EQUITY_SECURITY,Brazil,VALE3,B3,BVMF,BRL,,,BR_IBRX100,BR_IBRX100,True,ACTIVE_SOURCE_CAPTURED,UNMAPPED,NOT_VERIFIED,BR_IBRX100_DDM,2026-08-23,2026-08-23T21:30:44.679187+00:00,,Source-superset capture; source=https://www.dadosdemercado.com.br/b3/ibxx; identity/provider mapping pending
WS:BVMF:ITUB4,ITUB4,,UNVERIFIED_EQUITY_SECURITY,Brazil,ITUB4,B3,BVMF,BRL,,,BR_IBRX100,BR_IBRX100,True,ACTIVE_SOURCE_CAPTURED,UNMAPPED,NOT_VERIFIED,BR_IBRX100_DDM,2026-08-23,2026-08-23T21:30:44.679187+00:00,,Source-superset capture; source=https://www.dadosdemercado.com.br/b3/ibxx; identity/provider mapping pending
WS:BVMF:PETR4,PETR4,,UNVERIFIED_EQUITY_SECURITY,Brazil,PETR4,B3,BVMF,BRL,,,BR_IBRX100,BR_IBRX100,True,ACTIVE_SOURCE_CAPTURED,UNMAPPED,NOT_VERIFIED,BR_IBRX100_DDM,2026-08-23,2026-08-23T21:30:44.679187+00:00,,Source-superset capture; source=https://www.dadosdemercado.com.br/b3/ibxx; identity/provider mapping pending
WS:BVMF:PETR3,PETR3,,UNVERIFIED_EQUITY_SECURITY,Brazil,PETR3,B3,BVMF,BRL,,,BR_IBRX100,BR_IBRX100,True,ACTIVE_SOURCE_CAPTURED,UNMAPPED,NOT_VERIFIED,BR_IBRX100_DDM,2026-08-23,2026-08-23T21:30:44.679187+00:00,,Source-superset capture; source=https://www.dadosdemercado.com.br/b3/ibxx; identity/provider mapping pending
WS:BVMF:AXIA3,AXIA3,,UNVERIFIED_EQUITY_SECURITY,Brazil,AXIA3,B3,BVMF,BRL,,,BR_IBRX100,BR_IBRX100,True,ACTIVE_SOURCE_CAPTURED,UNMAPPED,NOT_VERIFIED,BR_IBRX100_DDM,2026-08-23,2026-08-23T21:30:44.679187+00:00,,Source-superset capture; source=https://www.dadosdemercado.com.br/b3/ibxx; identity/provider mapping pending
WS:BVMF:BBDC4,BBDC4,,UNVERIFIED_EQUITY_SECURITY,Brazil,BBDC4,B3,BVMF,BRL,,,BR_IBRX100,BR_IBRX100,True,ACTIVE_SOURCE_CAPTURED,UNMAPPED,NOT_VERIFIED,BR_IBRX100_DDM,2026-08-23,2026-08-23T21:30:44.679187+00:00,,Source-superset capture; source=https://www.dadosdemercado.com.br/b3/ibxx; identity/provider mapping pending
WS:BVMF:SBSP3,SBSP3,,UNVERIFIED_EQUITY_SECURITY,Brazil,SBSP3,B3,BVMF,BRL,,,BR_IBRX100,BR_IBRX100,True,ACTIVE_SOURCE_CAPTURED,UNMAPPED,NOT_VERIFIED,BR_IBRX100_DDM,2026-08-23,2026-08-23T21:30:44.679187+00:00,,Source-superset capture; source=https://www.dadosdemercado.com.br/b3/ibxx; identity/provider mapping pending
WS:BVMF:B3SA3,B3SA3,,UNVERIFIED_EQUITY_SECURITY,Brazil,B3SA3,B3,BVMF,BRL,,,BR_IBRX100,BR_IBRX100,True,ACTIVE_SOURCE_CAPTURED,UNMAPPED,NOT_VERIFIED,BR_IBRX100_DDM,2026-08-23,2026-08-23T21:30:44.679187+00:00,,Source-superset capture; source=https://www.dadosdemercado.com.br/b3/ibxx; identity/provider mapping pending
WS:BVMF:ITSA4,ITSA4,,UNVERIFIED_EQUITY_SECURITY,Brazil,ITSA4,B3,BVMF,BRL,,,BR_IBRX100,BR_IBRX100,True,ACTIVE_SOURCE_CAPTURED,UNMAPPED,NOT_VERIFIED,BR_IBRX100_DDM,2026-08-23,2026-08-23T21:30:44.679187+00:00,,Source-superset capture; source=https://www.dadosdemercado.com.br/b3/ibxx; identity/provider mapping pending
WS:BVMF:WEGE3,WEGE3,,UNVERIFIED_EQUITY_SECURITY,Brazil,WEGE3,B3,BVMF,BRL,,,BR_IBRX100,BR_IBRX100,True,ACTIVE_SOURCE_CAPTURED,UNMAPPED,NOT_VERIFIED,BR_IBRX100_DDM,2026-08-23,2026-08-23T21:30:44.679187+00:00,,Source-superset capture; source=https://www.dadosdemercado.com.br/b3/ibxx; identity/provider mapping pending
WS:BVMF:EMBJ3,EMBJ3,,UNVERIFIED_EQUITY_SECURITY,Brazil,EMBJ3,B3,BVMF,BRL,,,BR_IBRX100,BR_IBRX100,True,ACTIVE_SOURCE_CAPTURED,UNMAPPED,NOT_VERIFIED,BR_IBRX100_DDM,2026-08-23,2026-08-23T21:30:44.679187+00:00,,Source-superset capture; source=https://www.dadosdemercado.com.br/b3/ibxx; identity/provider mapping pending
WS:BVMF:ABEV3,ABEV3,,UNVERIFIED_EQUITY_SECURITY,Brazil,ABEV3,B3,BVMF,BRL,,,BR_IBRX100,BR_IBRX100,True,ACTIVE_SOURCE_CAPTURED,UNMAPPED,NOT_VERIFIED,BR_IBRX100_DDM,2026-08-23,2026-08-23T21:30:44.679187+00:00,,Source-superset capture; source=https://www.dadosdemercado.com.br/b3/ibxx; identity/provider mapping pending
WS:BVMF:BPAC11,BPAC11,,UNVERIFIED_EQUITY_SECURITY,Brazil,BPAC11,B3,BVMF,BRL,,,BR_IBRX100,BR_IBRX100,True,ACTIVE_SOURCE_CAPTURED,UNMAPPED,NOT_VERIFIED,BR_IBRX100_DDM,2026-08-23,2026-08-23T21:30:44.679187+00:00,,Source-superset capture; source=https://www.dadosdemercado.com.br/b3/ibxx; identity/provider mapping pending
WS:BVMF:BBAS3,BBAS3,,UNVERIFIED_EQUITY_SECURITY,Brazil,BBAS3,B3,BVMF,BRL,,,BR_IBRX100,BR_IBRX100,True,ACTIVE_SOURCE_CAPTURED,UNMAPPED,NOT_VERIFIED,BR_IBRX100_DDM,2026-08-23,2026-08-23T21:30:44.679187+00:00,,Source-superset capture; source=https://www.dadosdemercado.com.br/b3/ibxx; identity/provider mapping pending
WS:BVMF:ENEV3,ENEV3,,UNVERIFIED_EQUITY_SECURITY,Brazil,ENEV3,B3,BVMF,BRL,,,BR_IBRX100,BR_IBRX100,True,ACTIVE_SOURCE_CAPTURED,UNMAPPED,NOT_VERIFIED,BR_IBRX100_DDM,2026-08-23,2026-08-23T21:30:44.679187+00:00,,Source-superset capture; source=https://www.dadosdemercado.com.br/b3/ibxx; identity/provider mapping pending
WS:BVMF:PRIO3,PRIO3,,UNVERIFIED_EQUITY_SECURITY,Brazil,PRIO3,B3,BVMF,BRL,,,BR_IBRX100,BR_IBRX100,True,ACTIVE_SOURCE_CAPTURED,UNMAPPED,NOT_VERIFIED,BR_IBRX100_DDM,2026-08-23,2026-08-23T21:30:44.679187+00:00,,Source-superset capture; source=https://www.dadosdemercado.com.br/b3/ibxx; identity/provider mapping pending
WS:BVMF:EQTL3,EQTL3,,UNVERIFIED_EQUITY_SECURITY,Brazil,EQTL3,B3,BVMF,BRL,,,BR_IBRX100,BR_IBRX100,True,ACTIVE_SOURCE_CAPTURED,UNMAPPED,NOT_VERIFIED,BR_IBRX100_DDM,2026-08-23,2026-08-23T21:30:44.679187+00:00,,Source-superset capture; source=https://www.dadosdemercado.com.br/b3/ibxx; identity/provider mapping pending
WS:BVMF:CPLE3,CPLE3,,UNVERIFIED_EQUITY_SECURITY,Brazil,CPLE3,B3,BVMF,BRL,,,BR_IBRX100,BR_IBRX100,True,ACTIVE_SOURCE_CAPTURED,UNMAPPED,NOT_VERIFIED,BR_IBRX100_DDM,2026-08-23,2026-08-23T21:30:44.679187+00:00,,Source-superset capture; source=https://www.dadosdemercado.com.br/b3/ibxx; identity/provider mapping pending
WS:BVMF:VBBR3,VBBR3,,UNVERIFIED_EQUITY_SECURITY,Brazil,VBBR3,B3,BVMF,BRL,,,BR_IBRX100,BR_IBRX100,True,ACTIVE_SOURCE_CAPTURED,UNMAPPED,NOT_VERIFIED,BR_IBRX100_DDM,2026-08-23,2026-08-23T21:30:44.679187+00:00,,Source-superset capture; source=https://www.dadosdemercado.com.br/b3/ibxx; identity/provider mapping pending
WS:BVMF:RDOR3,RDOR3,,UNVERIFIED_EQUITY_SECURITY,Brazil,RDOR3,B3,BVMF,BRL,,,BR_IBRX100,BR_IBRX100,True,ACTIVE_SOURCE_CAPTURED,UNMAPPED,NOT_VERIFIED,BR_IBRX100_DDM,2026-08-23,2026-08-23T21:30:44.679187+00:00,,Source-superset capture; source=https://www.dadosdemercado.com.br/b3/ibxx; identity/provider mapping pending
WS:BVMF:UGPA3,UGPA3,,UNVERIFIED_EQUITY_SECURITY,Brazil,UGPA3,B3,BVMF,BRL,,,BR_IBRX100,BR_IBRX100,True,ACTIVE_SOURCE_CAPTURED,UNMAPPED,NOT_VERIFIED,BR_IBRX100_DDM,2026-08-23,2026-08-23T21:30:44.679187+00:00,,Source-superset capture; source=https://www.dadosdemercado.com.br/b3/ibxx; identity/provider mapping pending
WS:BVMF:RENT3,RENT3,,UNVERIFIED_EQUITY_SECURITY,Brazil,RENT3,B3,BVMF,BRL,,,BR_IBRX100,BR_IBRX100,True,ACTIVE_SOURCE_CAPTURED,UNMAPPED,NOT_VERIFIED,BR_IBRX100_DDM,2026-08-23,2026-08-23T21:30:44.679187+00:00,,Source-superset capture; source=https://www.dadosdemercado.com.br/b3/ibxx; identity/provider mapping pending
WS:BVMF:GGBR4,GGBR4,,UNVERIFIED_EQUITY_SECURITY,Brazil,GGBR4,B3,BVMF,BRL,,,BR_IBRX100,BR_IBRX100,True,ACTIVE_SOURCE_CAPTURED,UNMAPPED,NOT_VERIFIED,BR_IBRX100_DDM,2026-08-23,2026-08-23T21:30:44.679187+00:00,,Source-superset capture; source=https://www.dadosdemercado.com.br/b3/ibxx; identity/provider mapping pending
WS:BVMF:SUZB3,SUZB3,,UNVERIFIED_EQUITY_SECURITY,Brazil,SUZB3,B3,BVMF,BRL,,,BR_IBRX100,BR_IBRX100,True,ACTIVE_SOURCE_CAPTURED,UNMAPPED,NOT_VERIFIED,BR_IBRX100_DDM,2026-08-23,2026-08-23T21:30:44.679187+00:00,,Source-superset capture; source=https://www.dadosdemercado.com.br/b3/ibxx; identity/provider mapping pending
WS:BVMF:RADL3,RADL3,,UNVERIFIED_EQUITY_SECURITY,Brazil,RADL3,B3,BVMF,BRL,,,BR_IBRX100,BR_IBRX100,True,ACTIVE_SOURCE_CAPTURED,UNMAPPED,NOT_VERIFIED,BR_IBRX100_DDM,2026-08-23,2026-08-23T21:30:44.679187+00:00,,Source-superset capture; source=https://www.dadosdemercado.com.br/b3/ibxx; identity/provider mapping pending
WS:BVMF:BBSE3,BBSE3,,UNVERIFIED_EQUITY_SECURITY,Brazil,BBSE3,B3,BVMF,BRL,,,BR_IBRX100,BR_IBRX100,True,ACTIVE_SOURCE_CAPTURED,UNMAPPED,NOT_VERIFIED,BR_IBRX100_DDM,2026-08-23,2026-08-23T21:30:44.679187+00:00,,Source-superset capture; source=https://www.dadosdemercado.com.br/b3/ibxx; identity/provider mapping pending
WS:BVMF:BBDC3,BBDC3,,UNVERIFIED_EQUITY_SECURITY,Brazil,BBDC3,B3,BVMF,BRL,,,BR_IBRX100,BR_IBRX100,True,ACTIVE_SOURCE_CAPTURED,UNMAPPED,NOT_VERIFIED,BR_IBRX100_DDM,2026-08-23,2026-08-23T21:30:44.679187+00:00,,Source-superset capture; source=https://www.dadosdemercado.com.br/b3/ibxx; identity/provider mapping pending
WS:BVMF:VIVT3,VIVT3,,UNVERIFIED_EQUITY_SECURITY,Brazil,VIVT3,B3,BVMF,BRL,,,BR_IBRX100,BR_IBRX100,True,ACTIVE_SOURCE_CAPTURED,UNMAPPED,NOT_VERIFIED,BR_IBRX100_DDM,2026-08-23,2026-08-23T21:30:44.679187+00:00,,Source-superset capture; source=https://www.dadosdemercado.com.br/b3/ibxx; identity/provider mapping pending
WS:BVMF:CSMG3,CSMG3,,UNVERIFIED_EQUITY_SECURITY,Brazil,CSMG3,B3,BVMF,BRL,,,BR_IBRX100,BR_IBRX100,True,ACTIVE_SOURCE_CAPTURED,UNMAPPED,NOT_VERIFIED,BR_IBRX100_DDM,2026-08-23,2026-08-23T21:30:44.679187+00:00,,Source-superset capture; source=https://www.dadosdemercado.com.br/b3/ibxx; identity/provider mapping pending
WS:BVMF:CMIG4,CMIG4,,UNVERIFIED_EQUITY_SECURITY,Brazil,CMIG4,B3,BVMF,BRL,,,BR_IBRX100,BR_IBRX100,True,ACTIVE_SOURCE_CAPTURED,UNMAPPED,NOT_VERIFIED,BR_IBRX100_DDM,2026-08-23,2026-08-23T21:30:44.679187+00:00,,Source-superset capture; source=https://www.dadosdemercado.com.br/b3/ibxx; identity/provider mapping pending
WS:BVMF:ITUB3,ITUB3,,UNVERIFIED_EQUITY_SECURITY,Brazil,ITUB3,B3,BVMF,BRL,,,BR_IBRX100,BR_IBRX100,True,ACTIVE_SOURCE_CAPTURED,UNMAPPED,NOT_VERIFIED,BR_IBRX100_DDM,2026-08-23,2026-08-23T21:30:44.679187+00:00,,Source-superset capture; source=https://www.dadosdemercado.com.br/b3/ibxx; identity/provider mapping pending
WS:BVMF:RAIL3,RAIL3,,UNVERIFIED_EQUITY_SECURITY,Brazil,RAIL3,B3,BVMF,BRL,,,BR_IBRX100,BR_IBRX100,True,ACTIVE_SOURCE_CAPTURED,UNMAPPED,NOT_VERIFIED,BR_IBRX100_DDM,2026-08-23,2026-08-23T21:30:44.679187+00:00,,Source-superset capture; source=https://www.dadosdemercado.com.br/b3/ibxx; identity/provider mapping pending
WS:BVMF:TOTS3,TOTS3,,UNVERIFIED_EQUITY_SECURITY,Brazil,TOTS3,B3,BVMF,BRL,,,BR_IBRX100,BR_IBRX100,True,ACTIVE_SOURCE_CAPTURED,UNMAPPED,NOT_VERIFIED,BR_IBRX100_DDM,2026-08-23,2026-08-23T21:30:44.679187+00:00,,Source-superset capture; source=https://www.dadosdemercado.com.br/b3/ibxx; identity/provider mapping pending
WS:BVMF:MBRF3,MBRF3,,UNVERIFIED_EQUITY_SECURITY,Brazil,MBRF3,B3,BVMF,BRL,,,BR_IBRX100,BR_IBRX100,True,ACTIVE_SOURCE_CAPTURED,UNMAPPED,NOT_VERIFIED,BR_IBRX100_DDM,2026-08-23,2026-08-23T21:30:44.679187+00:00,,Source-superset capture; source=https://www.dadosdemercado.com.br/b3/ibxx; identity/provider mapping pending
WS:BVMF:KLBN11,KLBN11,,UNVERIFIED_EQUITY_SECURITY,Brazil,KLBN11,B3,BVMF,BRL,,,BR_IBRX100,BR_IBRX100,True,ACTIVE_SOURCE_CAPTURED,UNMAPPED,NOT_VERIFIED,BR_IBRX100_DDM,2026-08-23,2026-08-23T21:30:44.679187+00:00,,Source-superset capture; source=https://www.dadosdemercado.com.br/b3/ibxx; identity/provider mapping pending
WS:BVMF:ENGI11,ENGI11,,UNVERIFIED_EQUITY_SECURITY,Brazil,ENGI11,B3,BVMF,BRL,,,BR_IBRX100,BR_IBRX100,True,ACTIVE_SOURCE_CAPTURED,UNMAPPED,NOT_VERIFIED,BR_IBRX100_DDM,2026-08-23,2026-08-23T21:30:44.679187+00:00,,Source-superset capture; source=https://www.dadosdemercado.com.br/b3/ibxx; identity/provider mapping pending
WS:BVMF:MOTV3,MOTV3,,UNVERIFIED_EQUITY_SECURITY,Brazil,MOTV3,B3,BVMF,BRL,,,BR_IBRX100,BR_IBRX100,True,ACTIVE_SOURCE_CAPTURED,UNMAPPED,NOT_VERIFIED,BR_IBRX100_DDM,2026-08-23,2026-08-23T21:30:44.679187+00:00,,Source-superset capture; source=https://www.dadosdemercado.com.br/b3/ibxx; identity/provider mapping pending
WS:BVMF:TIMS3,TIMS3,,UNVERIFIED_EQUITY_SECURITY,Brazil,TIMS3,B3,BVMF,BRL,,,BR_IBRX100,BR_IBRX100,True,ACTIVE_SOURCE_CAPTURED,UNMAPPED,NOT_VERIFIED,BR_IBRX100_DDM,2026-08-23,2026-08-23T21:30:44.679187+00:00,,Source-superset capture; source=https://www.dadosdemercado.com.br/b3/ibxx; identity/provider mapping pending
WS:BVMF:ALOS3,ALOS3,,UNVERIFIED_EQUITY_SECURITY,Brazil,ALOS3,B3,BVMF,BRL,,,BR_IBRX100,BR_IBRX100,True,ACTIVE_SOURCE_CAPTURED,UNMAPPED,NOT_VERIFIED,BR_IBRX100_DDM,2026-08-23,2026-08-23T21:30:44.679187+00:00,,Source-superset capture; source=https://www.dadosdemercado.com.br/b3/ibxx; identity/provider mapping pending
WS:BVMF:EGIE3,EGIE3,,UNVERIFIED_EQUITY_SECURITY,Brazil,EGIE3,B3,BVMF,BRL,,,BR_IBRX100,BR_IBRX100,True,ACTIVE_SOURCE_CAPTURED,UNMAPPED,NOT_VERIFIED,BR_IBRX100_DDM,2026-08-23,2026-08-23T21:30:44.679187+00:00,,Source-superset capture; source=https://www.dadosdemercado.com.br/b3/ibxx; identity/provider mapping pending
WS:BVMF:ISAE4,ISAE4,,UNVERIFIED_EQUITY_SECURITY,Brazil,ISAE4,B3,BVMF,BRL,,,BR_IBRX100,BR_IBRX100,True,ACTIVE_SOURCE_CAPTURED,UNMAPPED,NOT_VERIFIED,BR_IBRX100_DDM,2026-08-23,2026-08-23T21:30:44.679187+00:00,,Source-superset capture; source=https://www.dadosdemercado.com.br/b3/ibxx; identity/provider mapping pending
WS:BVMF:ASAI3,ASAI3,,UNVERIFIED_EQUITY_SECURITY,Brazil,ASAI3,B3,BVMF,BRL,,,BR_IBRX100,BR_IBRX100,True,ACTIVE_SOURCE_CAPTURED,UNMAPPED,NOT_VERIFIED,BR_IBRX100_DDM,2026-08-23,2026-08-23T21:30:44.679187+00:00,,Source-superset capture; source=https://www.dadosdemercado.com.br/b3/ibxx; identity/provider mapping pending
WS:BVMF:CXSE3,CXSE3,,UNVERIFIED_EQUITY_SECURITY,Brazil,CXSE3,B3,BVMF,BRL,,,BR_IBRX100,BR_IBRX100,True,ACTIVE_SOURCE_CAPTURED,UNMAPPED,NOT_VERIFIED,BR_IBRX100_DDM,2026-08-23,2026-08-23T21:30:44.679187+00:00,,Source-superset capture; source=https://www.dadosdemercado.com.br/b3/ibxx; identity/provider mapping pending
WS:BVMF:LREN3,LREN3,,UNVERIFIED_EQUITY_SECURITY,Brazil,LREN3,B3,BVMF,BRL,,,BR_IBRX100,BR_IBRX100,True,ACTIVE_SOURCE_CAPTURED,UNMAPPED,NOT_VERIFIED,BR_IBRX100_DDM,2026-08-23,2026-08-23T21:30:44.679187+00:00,,Source-superset capture; source=https://www.dadosdemercado.com.br/b3/ibxx; identity/provider mapping pending
WS:BVMF:SANB11,SANB11,,UNVERIFIED_EQUITY_SECURITY,Brazil,SANB11,B3,BVMF,BRL,,,BR_IBRX100,BR_IBRX100,True,ACTIVE_SOURCE_CAPTURED,UNMAPPED,NOT_VERIFIED,BR_IBRX100_DDM,2026-08-23,2026-08-23T21:30:44.679187+00:00,,Source-superset capture; source=https://www.dadosdemercado.com.br/b3/ibxx; identity/provider mapping pending
WS:BVMF:CMIN3,CMIN3,,UNVERIFIED_EQUITY_SECURITY,Brazil,CMIN3,B3,BVMF,BRL,,,BR_IBRX100,BR_IBRX100,True,ACTIVE_SOURCE_CAPTURED,UNMAPPED,NOT_VERIFIED,BR_IBRX100_DDM,2026-08-23,2026-08-23T21:30:44.679187+00:00,,Source-superset capture; source=https://www.dadosdemercado.com.br/b3/ibxx; identity/provider mapping pending
WS:BVMF:SMFT3,SMFT3,,UNVERIFIED_EQUITY_SECURITY,Brazil,SMFT3,B3,BVMF,BRL,,,BR_IBRX100,BR_IBRX100,True,ACTIVE_SOURCE_CAPTURED,UNMAPPED,NOT_VERIFIED,BR_IBRX100_DDM,2026-08-23,2026-08-23T21:30:44.679187+00:00,,Source-superset capture; source=https://www.dadosdemercado.com.br/b3/ibxx; identity/provider mapping pending
WS:BVMF:MULT3,MULT3,,UNVERIFIED_EQUITY_SECURITY,Brazil,MULT3,B3,BVMF,BRL,,,BR_IBRX100,BR_IBRX100,True,ACTIVE_SOURCE_CAPTURED,UNMAPPED,NOT_VERIFIED,BR_IBRX100_DDM,2026-08-23,2026-08-23T21:30:44.679187+00:00,,Source-superset capture; source=https://www.dadosdemercado.com.br/b3/ibxx; identity/provider mapping pending
WS:BVMF:FLRY3,FLRY3,,UNVERIFIED_EQUITY_SECURITY,Brazil,FLRY3,B3,BVMF,BRL,,,BR_IBRX100,BR_IBRX100,True,ACTIVE_SOURCE_CAPTURED,UNMAPPED,NOT_VERIFIED,BR_IBRX100_DDM,2026-08-23,2026-08-23T21:30:44.679187+00:00,,Source-superset capture; source=https://www.dadosdemercado.com.br/b3/ibxx; identity/provider mapping pending
WS:BVMF:PSSA3,PSSA3,,UNVERIFIED_EQUITY_SECURITY,Brazil,PSSA3,B3,BVMF,BRL,,,BR_IBRX100,BR_IBRX100,True,ACTIVE_SOURCE_CAPTURED,UNMAPPED,NOT_VERIFIED,BR_IBRX100_DDM,2026-08-23,2026-08-23T21:30:44.679187+00:00,,Source-superset capture; source=https://www.dadosdemercado.com.br/b3/ibxx; identity/provider mapping pending
WS:BVMF:TAEE11,TAEE11,,UNVERIFIED_EQUITY_SECURITY,Brazil,TAEE11,B3,BVMF,BRL,,,BR_IBRX100,BR_IBRX100,True,ACTIVE_SOURCE_CAPTURED,UNMAPPED,NOT_VERIFIED,BR_IBRX100_DDM,2026-08-23,2026-08-23T21:30:44.679187+00:00,,Source-superset capture; source=https://www.dadosdemercado.com.br/b3/ibxx; identity/provider mapping pending
WS:BVMF:GOAU4,GOAU4,,UNVERIFIED_EQUITY_SECURITY,Brazil,GOAU4,B3,BVMF,BRL,,,BR_IBRX100,BR_IBRX100,True,ACTIVE_SOURCE_CAPTURED,UNMAPPED,NOT_VERIFIED,BR_IBRX100_DDM,2026-08-23,2026-08-23T21:30:44.679187+00:00,,Source-superset capture; source=https://www.dadosdemercado.com.br/b3/ibxx; identity/provider mapping pending
WS:BVMF:CSAN3,CSAN3,,UNVERIFIED_EQUITY_SECURITY,Brazil,CSAN3,B3,BVMF,BRL,,,BR_IBRX100,BR_IBRX100,True,ACTIVE_SOURCE_CAPTURED,UNMAPPED,NOT_VERIFIED,BR_IBRX100_DDM,2026-08-23,2026-08-23T21:30:44.679187+00:00,,Source-superset capture; source=https://www.dadosdemercado.com.br/b3/ibxx; identity/provider mapping pending
WS:BVMF:CPFE3,CPFE3,,UNVERIFIED_EQUITY_SECURITY,Brazil,CPFE3,B3,BVMF,BRL,,,BR_IBRX100,BR_IBRX100,True,ACTIVE_SOURCE_CAPTURED,UNMAPPED,NOT_VERIFIED,BR_IBRX100_DDM,2026-08-23,2026-08-23T21:30:44.679187+00:00,,Source-superset capture; source=https://www.dadosdemercado.com.br/b3/ibxx; identity/provider mapping pending
WS:BVMF:NATU3,NATU3,,UNVERIFIED_EQUITY_SECURITY,Brazil,NATU3,B3,BVMF,BRL,,,BR_IBRX100,BR_IBRX100,True,ACTIVE_SOURCE_CAPTURED,UNMAPPED,NOT_VERIFIED,BR_IBRX100_DDM,2026-08-23,2026-08-23T21:30:44.679187+00:00,,Source-superset capture; source=https://www.dadosdemercado.com.br/b3/ibxx; identity/provider mapping pending
WS:BVMF:HYPE3,HYPE3,,UNVERIFIED_EQUITY_SECURITY,Brazil,HYPE3,B3,BVMF,BRL,,,BR_IBRX100,BR_IBRX100,True,ACTIVE_SOURCE_CAPTURED,UNMAPPED,NOT_VERIFIED,BR_IBRX100_DDM,2026-08-23,2026-08-23T21:30:44.679187+00:00,,Source-superset capture; source=https://www.dadosdemercado.com.br/b3/ibxx; identity/provider mapping pending
WS:BVMF:SAPR11,SAPR11,,UNVERIFIED_EQUITY_SECURITY,Brazil,SAPR11,B3,BVMF,BRL,,,BR_IBRX100,BR_IBRX100,True,ACTIVE_SOURCE_CAPTURED,UNMAPPED,NOT_VERIFIED,BR_IBRX100_DDM,2026-08-23,2026-08-23T21:30:44.679187+00:00,,Source-superset capture; source=https://www.dadosdemercado.com.br/b3/ibxx; identity/provider mapping pending
WS:BVMF:BRAV3,BRAV3,,UNVERIFIED_EQUITY_SECURITY,Brazil,BRAV3,B3,BVMF,BRL,,,BR_IBRX100,BR_IBRX100,True,ACTIVE_SOURCE_CAPTURED,UNMAPPED,NOT_VERIFIED,BR_IBRX100_DDM,2026-08-23,2026-08-23T21:30:44.679187+00:00,,Source-superset capture; source=https://www.dadosdemercado.com.br/b3/ibxx; identity/provider mapping pending
WS:BVMF:CYRE3,CYRE3,,UNVERIFIED_EQUITY_SECURITY,Brazil,CYRE3,B3,BVMF,BRL,,,BR_IBRX100,BR_IBRX100,True,ACTIVE_SOURCE_CAPTURED,UNMAPPED,NOT_VERIFIED,BR_IBRX100_DDM,2026-08-23,2026-08-23T21:30:44.679187+00:00,,Source-superset capture; source=https://www.dadosdemercado.com.br/b3/ibxx; identity/provider mapping pending
WS:BVMF:BRAP4,BRAP4,,UNVERIFIED_EQUITY_SECURITY,Brazil,BRAP4,B3,BVMF,BRL,,,BR_IBRX100,BR_IBRX100,True,ACTIVE_SOURCE_CAPTURED,UNMAPPED,NOT_VERIFIED,BR_IBRX100_DDM,2026-08-23,2026-08-23T21:30:44.679187+00:00,,Source-superset capture; source=https://www.dadosdemercado.com.br/b3/ibxx; identity/provider mapping pending
WS:BVMF:IGTI11,IGTI11,,UNVERIFIED_EQUITY_SECURITY,Brazil,IGTI11,B3,BVMF,BRL,,,BR_IBRX100,BR_IBRX100,True,ACTIVE_SOURCE_CAPTURED,UNMAPPED,NOT_VERIFIED,BR_IBRX100_DDM,2026-08-23,2026-08-23T21:30:44.679187+00:00,,Source-superset capture; source=https://www.dadosdemercado.com.br/b3/ibxx; identity/provider mapping pending
WS:BVMF:CURY3,CURY3,,UNVERIFIED_EQUITY_SECURITY,Brazil,CURY3,B3,BVMF,BRL,,,BR_IBRX100,BR_IBRX100,True,ACTIVE_SOURCE_CAPTURED,UNMAPPED,NOT_VERIFIED,BR_IBRX100_DDM,2026-08-23,2026-08-23T21:30:44.679187+00:00,,Source-superset capture; source=https://www.dadosdemercado.com.br/b3/ibxx; identity/provider mapping pending
WS:BVMF:IRBR3,IRBR3,,UNVERIFIED_EQUITY_SECURITY,Brazil,IRBR3,B3,BVMF,BRL,,,BR_IBRX100,BR_IBRX100,True,ACTIVE_SOURCE_CAPTURED,UNMAPPED,NOT_VERIFIED,BR_IBRX100_DDM,2026-08-23,2026-08-23T21:30:44.679187+00:00,,Source-superset capture; source=https://www.dadosdemercado.com.br/b3/ibxx; identity/provider mapping pending
WS:BVMF:COGN3,COGN3,,UNVERIFIED_EQUITY_SECURITY,Brazil,COGN3,B3,BVMF,BRL,,,BR_IBRX100,BR_IBRX100,True,ACTIVE_SOURCE_CAPTURED,UNMAPPED,NOT_VERIFIED,BR_IBRX100_DDM,2026-08-23,2026-08-23T21:30:44.679187+00:00,,Source-superset capture; source=https://www.dadosdemercado.com.br/b3/ibxx; identity/provider mapping pending
WS:BVMF:GGPS3,GGPS3,,UNVERIFIED_EQUITY_SECURITY,Brazil,GGPS3,B3,BVMF,BRL,,,BR_IBRX100,BR_IBRX100,True,ACTIVE_SOURCE_CAPTURED,UNMAPPED,NOT_VERIFIED,BR_IBRX100_DDM,2026-08-23,2026-08-23T21:30:44.679187+00:00,,Source-superset capture; source=https://www.dadosdemercado.com.br/b3/ibxx; identity/provider mapping pending
WS:BVMF:TEND3,TEND3,,UNVERIFIED_EQUITY_SECURITY,Brazil,TEND3,B3,BVMF,BRL,,,BR_IBRX100,BR_IBRX100,True,ACTIVE_SOURCE_CAPTURED,UNMAPPED,NOT_VERIFIED,BR_IBRX100_DDM,2026-08-23,2026-08-23T21:30:44.679187+00:00,,Source-superset capture; source=https://www.dadosdemercado.com.br/b3/ibxx; identity/provider mapping pending
WS:BVMF:SAUD3,SAUD3,,UNVERIFIED_EQUITY_SECURITY,Brazil,SAUD3,B3,BVMF,BRL,,,BR_IBRX100,BR_IBRX100,True,ACTIVE_SOURCE_CAPTURED,UNMAPPED,NOT_VERIFIED,BR_IBRX100_DDM,2026-08-23,2026-08-23T21:30:44.679187+00:00,,Source-superset capture; source=https://www.dadosdemercado.com.br/b3/ibxx; identity/provider mapping pending
WS:BVMF:SLCE3,SLCE3,,UNVERIFIED_EQUITY_SECURITY,Brazil,SLCE3,B3,BVMF,BRL,,,BR_IBRX100,BR_IBRX100,True,ACTIVE_SOURCE_CAPTURED,UNMAPPED,NOT_VERIFIED,BR_IBRX100_DDM,2026-08-23,2026-08-23T21:30:44.679187+00:00,,Source-superset capture; source=https://www.dadosdemercado.com.br/b3/ibxx; identity/provider mapping pending
WS:BVMF:CSNA3,CSNA3,,UNVERIFIED_EQUITY_SECURITY,Brazil,CSNA3,B3,BVMF,BRL,,,BR_IBRX100,BR_IBRX100,True,ACTIVE_SOURCE_CAPTURED,UNMAPPED,NOT_VERIFIED,BR_IBRX100_DDM,2026-08-23,2026-08-23T21:30:44.679187+00:00,,Source-superset capture; source=https://www.dadosdemercado.com.br/b3/ibxx; identity/provider mapping pending
WS:BVMF:ORVR3,ORVR3,,UNVERIFIED_EQUITY_SECURITY,Brazil,ORVR3,B3,BVMF,BRL,,,BR_IBRX100,BR_IBRX100,True,ACTIVE_SOURCE_CAPTURED,UNMAPPED,NOT_VERIFIED,BR_IBRX100_DDM,2026-08-23,2026-08-23T21:30:44.679187+00:00,,Source-superset capture; source=https://www.dadosdemercado.com.br/b3/ibxx; identity/provider mapping pending
WS:BVMF:DIRR3,DIRR3,,UNVERIFIED_EQUITY_SECURITY,Brazil,DIRR3,B3,BVMF,BRL,,,BR_IBRX100,BR_IBRX100,True,ACTIVE_SOURCE_CAPTURED,UNMAPPED,NOT_VERIFIED,BR_IBRX100_DDM,2026-08-23,2026-08-23T21:30:44.679187+00:00,,Source-superset capture; source=https://www.dadosdemercado.com.br/b3/ibxx; identity/provider mapping pending
WS:BVMF:USIM5,USIM5,,UNVERIFIED_EQUITY_SECURITY,Brazil,USIM5,B3,BVMF,BRL,,,BR_IBRX100,BR_IBRX100,True,ACTIVE_SOURCE_CAPTURED,UNMAPPED,NOT_VERIFIED,BR_IBRX100_DDM,2026-08-23,2026-08-23T21:30:44.679187+00:00,,Source-superset capture; source=https://www.dadosdemercado.com.br/b3/ibxx; identity/provider mapping pending
WS:BVMF:POMO4,POMO4,,UNVERIFIED_EQUITY_SECURITY,Brazil,POMO4,B3,BVMF,BRL,,,BR_IBRX100,BR_IBRX100,True,ACTIVE_SOURCE_CAPTURED,UNMAPPED,NOT_VERIFIED,BR_IBRX100_DDM,2026-08-23,2026-08-23T21:30:44.679187+00:00,,Source-superset capture; source=https://www.dadosdemercado.com.br/b3/ibxx; identity/provider mapping pending
WS:BVMF:AURE3,AURE3,,UNVERIFIED_EQUITY_SECURITY,Brazil,AURE3,B3,BVMF,BRL,,,BR_IBRX100,BR_IBRX100,True,ACTIVE_SOURCE_CAPTURED,UNMAPPED,NOT_VERIFIED,BR_IBRX100_DDM,2026-08-23,2026-08-23T21:30:44.679187+00:00,,Source-superset capture; source=https://www.dadosdemercado.com.br/b3/ibxx; identity/provider mapping pending
WS:BVMF:RECV3,RECV3,,UNVERIFIED_EQUITY_SECURITY,Brazil,RECV3,B3,BVMF,BRL,,,BR_IBRX100,BR_IBRX100,True,ACTIVE_SOURCE_CAPTURED,UNMAPPED,NOT_VERIFIED,BR_IBRX100_DDM,2026-08-23,2026-08-23T21:30:44.679187+00:00,,Source-superset capture; source=https://www.dadosdemercado.com.br/b3/ibxx; identity/provider mapping pending
WS:BVMF:VIVA3,VIVA3,,UNVERIFIED_EQUITY_SECURITY,Brazil,VIVA3,B3,BVMF,BRL,,,BR_IBRX100,BR_IBRX100,True,ACTIVE_SOURCE_CAPTURED,UNMAPPED,NOT_VERIFIED,BR_IBRX100_DDM,2026-08-23,2026-08-23T21:30:44.679187+00:00,,Source-superset capture; source=https://www.dadosdemercado.com.br/b3/ibxx; identity/provider mapping pending
WS:BVMF:JHSF3,JHSF3,,UNVERIFIED_EQUITY_SECURITY,Brazil,JHSF3,B3,BVMF,BRL,,,BR_IBRX100,BR_IBRX100,True,ACTIVE_SOURCE_CAPTURED,UNMAPPED,NOT_VERIFIED,BR_IBRX100_DDM,2026-08-23,2026-08-23T21:30:44.679187+00:00,,Source-superset capture; source=https://www.dadosdemercado.com.br/b3/ibxx; identity/provider mapping pending
WS:BVMF:SMTO3,SMTO3,,UNVERIFIED_EQUITY_SECURITY,Brazil,SMTO3,B3,BVMF,BRL,,,BR_IBRX100,BR_IBRX100,True,ACTIVE_SOURCE_CAPTURED,UNMAPPED,NOT_VERIFIED,BR_IBRX100_DDM,2026-08-23,2026-08-23T21:30:44.679187+00:00,,Source-superset capture; source=https://www.dadosdemercado.com.br/b3/ibxx; identity/provider mapping pending
WS:BVMF:CBAV3,CBAV3,,UNVERIFIED_EQUITY_SECURITY,Brazil,CBAV3,B3,BVMF,BRL,,,BR_IBRX100,BR_IBRX100,True,ACTIVE_SOURCE_CAPTURED,UNMAPPED,NOT_VERIFIED,BR_IBRX100_DDM,2026-08-23,2026-08-23T21:30:44.679187+00:00,,Source-superset capture; source=https://www.dadosdemercado.com.br/b3/ibxx; identity/provider mapping pending
WS:BVMF:ECOR3,ECOR3,,UNVERIFIED_EQUITY_SECURITY,Brazil,ECOR3,B3,BVMF,BRL,,,BR_IBRX100,BR_IBRX100,True,ACTIVE_SOURCE_CAPTURED,UNMAPPED,NOT_VERIFIED,BR_IBRX100_DDM,2026-08-23,2026-08-23T21:30:44.679187+00:00,,Source-superset capture; source=https://www.dadosdemercado.com.br/b3/ibxx; identity/provider mapping pending
WS:BVMF:YDUQ3,YDUQ3,,UNVERIFIED_EQUITY_SECURITY,Brazil,YDUQ3,B3,BVMF,BRL,,,BR_IBRX100,BR_IBRX100,True,ACTIVE_SOURCE_CAPTURED,UNMAPPED,NOT_VERIFIED,BR_IBRX100_DDM,2026-08-23,2026-08-23T21:30:44.679187+00:00,,Source-superset capture; source=https://www.dadosdemercado.com.br/b3/ibxx; identity/provider mapping pending
WS:BVMF:MRVE3,MRVE3,,UNVERIFIED_EQUITY_SECURITY,Brazil,MRVE3,B3,BVMF,BRL,,,BR_IBRX100,BR_IBRX100,True,ACTIVE_SOURCE_CAPTURED,UNMAPPED,NOT_VERIFIED,BR_IBRX100_DDM,2026-08-23,2026-08-23T21:30:44.679187+00:00,,Source-superset capture; source=https://www.dadosdemercado.com.br/b3/ibxx; identity/provider mapping pending
WS:BVMF:GMAT3,GMAT3,,UNVERIFIED_EQUITY_SECURITY,Brazil,GMAT3,B3,BVMF,BRL,,,BR_IBRX100,BR_IBRX100,True,ACTIVE_SOURCE_CAPTURED,UNMAPPED,NOT_VERIFIED,BR_IBRX100_DDM,2026-08-23,2026-08-23T21:30:44.679187+00:00,,Source-superset capture; source=https://www.dadosdemercado.com.br/b3/ibxx; identity/provider mapping pending
WS:BVMF:BEEF3,BEEF3,,UNVERIFIED_EQUITY_SECURITY,Brazil,BEEF3,B3,BVMF,BRL,,,BR_IBRX100,BR_IBRX100,True,ACTIVE_SOURCE_CAPTURED,UNMAPPED,NOT_VERIFIED,BR_IBRX100_DDM,2026-08-23,2026-08-23T21:30:44.679187+00:00,,Source-superset capture; source=https://www.dadosdemercado.com.br/b3/ibxx; identity/provider mapping pending
WS:BVMF:HAPV3,HAPV3,,UNVERIFIED_EQUITY_SECURITY,Brazil,HAPV3,B3,BVMF,BRL,,,BR_IBRX100,BR_IBRX100,True,ACTIVE_SOURCE_CAPTURED,UNMAPPED,NOT_VERIFIED,BR_IBRX100_DDM,2026-08-23,2026-08-23T21:30:44.679187+00:00,,Source-superset capture; source=https://www.dadosdemercado.com.br/b3/ibxx; identity/provider mapping pending
WS:BVMF:AZZA3,AZZA3,,UNVERIFIED_EQUITY_SECURITY,Brazil,AZZA3,B3,BVMF,BRL,,,BR_IBRX100,BR_IBRX100,True,ACTIVE_SOURCE_CAPTURED,UNMAPPED,NOT_VERIFIED,BR_IBRX100_DDM,2026-08-23,2026-08-23T21:30:44.679187+00:00,,Source-superset capture; source=https://www.dadosdemercado.com.br/b3/ibxx; identity/provider mapping pending
WS:BVMF:INTB3,INTB3,,UNVERIFIED_EQUITY_SECURITY,Brazil,INTB3,B3,BVMF,BRL,,,BR_IBRX100,BR_IBRX100,True,ACTIVE_SOURCE_CAPTURED,UNMAPPED,NOT_VERIFIED,BR_IBRX100_DDM,2026-08-23,2026-08-23T21:30:44.679187+00:00,,Source-superset capture; source=https://www.dadosdemercado.com.br/b3/ibxx; identity/provider mapping pending
WS:BVMF:CEAB3,CEAB3,,UNVERIFIED_EQUITY_SECURITY,Brazil,CEAB3,B3,BVMF,BRL,,,BR_IBRX100,BR_IBRX100,True,ACTIVE_SOURCE_CAPTURED,UNMAPPED,NOT_VERIFIED,BR_IBRX100_DDM,2026-08-23,2026-08-23T21:30:44.679187+00:00,,Source-superset capture; source=https://www.dadosdemercado.com.br/b3/ibxx; identity/provider mapping pending
WS:BVMF:MGLU3,MGLU3,,UNVERIFIED_EQUITY_SECURITY,Brazil,MGLU3,B3,BVMF,BRL,,,BR_IBRX100,BR_IBRX100,True,ACTIVE_SOURCE_CAPTURED,UNMAPPED,NOT_VERIFIED,BR_IBRX100_DDM,2026-08-23,2026-08-23T21:30:44.679187+00:00,,Source-superset capture; source=https://www.dadosdemercado.com.br/b3/ibxx; identity/provider mapping pending
WS:BVMF:MDNE3,MDNE3,,UNVERIFIED_EQUITY_SECURITY,Brazil,MDNE3,B3,BVMF,BRL,,,BR_IBRX100,BR_IBRX100,True,ACTIVE_SOURCE_CAPTURED,UNMAPPED,NOT_VERIFIED,BR_IBRX100_DDM,2026-08-23,2026-08-23T21:30:44.679187+00:00,,Source-superset capture; source=https://www.dadosdemercado.com.br/b3/ibxx; identity/provider mapping pending
WS:BVMF:EZTC3,EZTC3,,UNVERIFIED_EQUITY_SECURITY,Brazil,EZTC3,B3,BVMF,BRL,,,BR_IBRX100,BR_IBRX100,True,ACTIVE_SOURCE_CAPTURED,UNMAPPED,NOT_VERIFIED,BR_IBRX100_DDM,2026-08-23,2026-08-23T21:30:44.679187+00:00,,Source-superset capture; source=https://www.dadosdemercado.com.br/b3/ibxx; identity/provider mapping pending
WS:BVMF:BRKM5,BRKM5,,UNVERIFIED_EQUITY_SECURITY,Brazil,BRKM5,B3,BVMF,BRL,,,BR_IBRX100,BR_IBRX100,True,ACTIVE_SOURCE_CAPTURED,UNMAPPED,NOT_VERIFIED,BR_IBRX100_DDM,2026-08-23,2026-08-23T21:30:44.679187+00:00,,Source-superset capture; source=https://www.dadosdemercado.com.br/b3/ibxx; identity/provider mapping pending
WS:BVMF:VAMO3,VAMO3,,UNVERIFIED_EQUITY_SECURITY,Brazil,VAMO3,B3,BVMF,BRL,,,BR_IBRX100,BR_IBRX100,True,ACTIVE_SOURCE_CAPTURED,UNMAPPED,NOT_VERIFIED,BR_IBRX100_DDM,2026-08-23,2026-08-23T21:30:44.679187+00:00,,Source-superset capture; source=https://www.dadosdemercado.com.br/b3/ibxx; identity/provider mapping pending
WS:BVMF:MOVI3,MOVI3,,UNVERIFIED_EQUITY_SECURITY,Brazil,MOVI3,B3,BVMF,BRL,,,BR_IBRX100,BR_IBRX100,True,ACTIVE_SOURCE_CAPTURED,UNMAPPED,NOT_VERIFIED,BR_IBRX100_DDM,2026-08-23,2026-08-23T21:30:44.679187+00:00,,Source-superset capture; source=https://www.dadosdemercado.com.br/b3/ibxx; identity/provider mapping pending
WS:BVMF:SIMH3,SIMH3,,UNVERIFIED_EQUITY_SECURITY,Brazil,SIMH3,B3,BVMF,BRL,,,BR_IBRX100,BR_IBRX100,True,ACTIVE_SOURCE_CAPTURED,UNMAPPED,NOT_VERIFIED,BR_IBRX100_DDM,2026-08-23,2026-08-23T21:30:44.679187+00:00,,Source-superset capture; source=https://www.dadosdemercado.com.br/b3/ibxx; identity/provider mapping pending
WS:BVMF:RAPT4,RAPT4,,UNVERIFIED_EQUITY_SECURITY,Brazil,RAPT4,B3,BVMF,BRL,,,BR_IBRX100,BR_IBRX100,True,ACTIVE_SOURCE_CAPTURED,UNMAPPED,NOT_VERIFIED,BR_IBRX100_DDM,2026-08-23,2026-08-23T21:30:44.679187+00:00,,Source-superset capture; source=https://www.dadosdemercado.com.br/b3/ibxx; identity/provider mapping pending
WS:BVMF:AUAU3,AUAU3,,UNVERIFIED_EQUITY_SECURITY,Brazil,AUAU3,B3,BVMF,BRL,,,BR_IBRX100,BR_IBRX100,True,ACTIVE_SOURCE_CAPTURED,UNMAPPED,NOT_VERIFIED,BR_IBRX100_DDM,2026-08-23,2026-08-23T21:30:44.679187+00:00,,Source-superset capture; source=https://www.dadosdemercado.com.br/b3/ibxx; identity/provider mapping pending
WS:BVMF:CVCB3,CVCB3,,UNVERIFIED_EQUITY_SECURITY,Brazil,CVCB3,B3,BVMF,BRL,,,BR_IBRX100,BR_IBRX100,True,ACTIVE_SOURCE_CAPTURED,UNMAPPED,NOT_VERIFIED,BR_IBRX100_DDM,2026-08-23,2026-08-23T21:30:44.679187+00:00,,Source-superset capture; source=https://www.dadosdemercado.com.br/b3/ibxx; identity/provider mapping pending
WS:BVMF:ANIM3,ANIM3,,UNVERIFIED_EQUITY_SECURITY,Brazil,ANIM3,B3,BVMF,BRL,,,BR_IBRX100,BR_IBRX100,True,ACTIVE_SOURCE_CAPTURED,UNMAPPED,NOT_VERIFIED,BR_IBRX100_DDM,2026-08-23,2026-08-23T21:30:44.679187+00:00,,Source-superset capture; source=https://www.dadosdemercado.com.br/b3/ibxx; identity/provider mapping pending
