Segment_ID,WS_ID_Candidate,ISIN,Primary_MIC,Primary_Ticker,Security_Name_Official,B3_Type_Official,Instrument_Type_v0_31,Instrument_Gate_v0_31,Instrument_Gate_Reason_v0_31,Identity_Gate_v0_31,Identity_Method_v0_31,Source_Membership_Gate_v0_31,Source_ID,Source_AsOf_Official_Display,Source_AsOf_Official,Source_AsOf_Semantics,Source_Endpoint,Primary_MIC_Evidence_URL,Official_Source_Provides_ISIN,Strict_Ordinary_Identity_Candidate_v0_31,Canonical_Master_Import_v0_31,Needs_Liquidity_Gate
BR_IBRX100,WS:BVMF:ALOS3,,BVMF,ALOS3,ALLOS,ON ED NM,ORDINARY_SHARE,PASS,B3_TYPE_ON_OFFICIAL_ORDINARY_SHARE,PASS,PRIMARY_MIC_OFFICIAL_TICKER_STABLE_WSID_NO_ISIN_IN_MEMBERSHIP_SOURCE,PASS_OFFICIAL_B3_IBRX100,B3_OFFICIAL_INDEXPROXY_GETPORTFOLIODAY,31/08/26,2026-08-31,OFFICIAL_B3_HEADER_DATE_UNINTERPRETED,https://sistemaswebb3-listados.b3.com.br/indexProxy/indexCall/GetPortfolioDay,https://www.b3.com.br/lumis/portal/file/fileDownload.jsp?fileId=8AA8D0976133DB2C0161344308732779,False,True,False,True
BR_IBRX100,WS:BVMF:ABEV3,,BVMF,ABEV3,AMBEV S/A,ON,ORDINARY_SHARE,PASS,B3_TYPE_ON_OFFICIAL_ORDINARY_SHARE,PASS,PRIMARY_MIC_OFFICIAL_TICKER_STABLE_WSID_NO_ISIN_IN_MEMBERSHIP_SOURCE,PASS_OFFICIAL_B3_IBRX100,B3_OFFICIAL_INDEXPROXY_GETPORTFOLIODAY,31/08/26,2026-08-31,OFFICIAL_B3_HEADER_DATE_UNINTERPRETED,https://sistemaswebb3-listados.b3.com.br/indexProxy/indexCall/GetPortfolioDay,https://www.b3.com.br/lumis/portal/file/fileDownload.jsp?fileId=8AA8D0976133DB2C0161344308732779,False,True,False,True
BR_IBRX100,WS:BVMF:ANIM3,,BVMF,ANIM3,ANIMA,ON NM,ORDINARY_SHARE,PASS,B3_TYPE_ON_OFFICIAL_ORDINARY_SHARE,PASS,PRIMARY_MIC_OFFICIAL_TICKER_STABLE_WSID_NO_ISIN_IN_MEMBERSHIP_SOURCE,PASS_OFFICIAL_B3_IBRX100,B3_OFFICIAL_INDEXPROXY_GETPORTFOLIODAY,31/08/26,2026-08-31,OFFICIAL_B3_HEADER_DATE_UNINTERPRETED,https://sistemaswebb3-listados.b3.com.br/indexProxy/indexCall/GetPortfolioDay,https://www.b3.com.br/lumis/portal/file/fileDownload.jsp?fileId=8AA8D0976133DB2C0161344308732779,False,True,False,True
BR_IBRX100,WS:BVMF:ASAI3,,BVMF,ASAI3,ASSAI,ON NM,ORDINARY_SHARE,PASS,B3_TYPE_ON_OFFICIAL_ORDINARY_SHARE,PASS,PRIMARY_MIC_OFFICIAL_TICKER_STABLE_WSID_NO_ISIN_IN_MEMBERSHIP_SOURCE,PASS_OFFICIAL_B3_IBRX100,B3_OFFICIAL_INDEXPROXY_GETPORTFOLIODAY,31/08/26,2026-08-31,OFFICIAL_B3_HEADER_DATE_UNINTERPRETED,https://sistemaswebb3-listados.b3.com.br/indexProxy/indexCall/GetPortfolioDay,https://www.b3.com.br/lumis/portal/file/fileDownload.jsp?fileId=8AA8D0976133DB2C0161344308732779,False,True,False,True
BR_IBRX100,WS:BVMF:AURE3,,BVMF,AURE3,AUREN,ON NM,ORDINARY_SHARE,PASS,B3_TYPE_ON_OFFICIAL_ORDINARY_SHARE,PASS,PRIMARY_MIC_OFFICIAL_TICKER_STABLE_WSID_NO_ISIN_IN_MEMBERSHIP_SOURCE,PASS_OFFICIAL_B3_IBRX100,B3_OFFICIAL_INDEXPROXY_GETPORTFOLIODAY,31/08/26,2026-08-31,OFFICIAL_B3_HEADER_DATE_UNINTERPRETED,https://sistemaswebb3-listados.b3.com.br/indexProxy/indexCall/GetPortfolioDay,https://www.b3.com.br/lumis/portal/file/fileDownload.jsp?fileId=8AA8D0976133DB2C0161344308732779,False,True,False,True
BR_IBRX100,WS:BVMF:AXIA3,,BVMF,AXIA3,AXIA ENERGIA,ON NM,ORDINARY_SHARE,PASS,B3_TYPE_ON_OFFICIAL_ORDINARY_SHARE,PASS,PRIMARY_MIC_OFFICIAL_TICKER_STABLE_WSID_NO_ISIN_IN_MEMBERSHIP_SOURCE,PASS_OFFICIAL_B3_IBRX100,B3_OFFICIAL_INDEXPROXY_GETPORTFOLIODAY,31/08/26,2026-08-31,OFFICIAL_B3_HEADER_DATE_UNINTERPRETED,https://sistemaswebb3-listados.b3.com.br/indexProxy/indexCall/GetPortfolioDay,https://www.b3.com.br/lumis/portal/file/fileDownload.jsp?fileId=8AA8D0976133DB2C0161344308732779,False,True,False,True
BR_IBRX100,WS:BVMF:AZZA3,,BVMF,AZZA3,AZZAS 2154,ON NM,ORDINARY_SHARE,PASS,B3_TYPE_ON_OFFICIAL_ORDINARY_SHARE,PASS,PRIMARY_MIC_OFFICIAL_TICKER_STABLE_WSID_NO_ISIN_IN_MEMBERSHIP_SOURCE,PASS_OFFICIAL_B3_IBRX100,B3_OFFICIAL_INDEXPROXY_GETPORTFOLIODAY,31/08/26,2026-08-31,OFFICIAL_B3_HEADER_DATE_UNINTERPRETED,https://sistemaswebb3-listados.b3.com.br/indexProxy/indexCall/GetPortfolioDay,https://www.b3.com.br/lumis/portal/file/fileDownload.jsp?fileId=8AA8D0976133DB2C0161344308732779,False,True,False,True
BR_IBRX100,WS:BVMF:B3SA3,,BVMF,B3SA3,B3,ON NM,ORDINARY_SHARE,PASS,B3_TYPE_ON_OFFICIAL_ORDINARY_SHARE,PASS,PRIMARY_MIC_OFFICIAL_TICKER_STABLE_WSID_NO_ISIN_IN_MEMBERSHIP_SOURCE,PASS_OFFICIAL_B3_IBRX100,B3_OFFICIAL_INDEXPROXY_GETPORTFOLIODAY,31/08/26,2026-08-31,OFFICIAL_B3_HEADER_DATE_UNINTERPRETED,https://sistemaswebb3-listados.b3.com.br/indexProxy/indexCall/GetPortfolioDay,https://www.b3.com.br/lumis/portal/file/fileDownload.jsp?fileId=8AA8D0976133DB2C0161344308732779,False,True,False,True
BR_IBRX100,WS:BVMF:BBSE3,,BVMF,BBSE3,BBSEGURIDADE,ON NM,ORDINARY_SHARE,PASS,B3_TYPE_ON_OFFICIAL_ORDINARY_SHARE,PASS,PRIMARY_MIC_OFFICIAL_TICKER_STABLE_WSID_NO_ISIN_IN_MEMBERSHIP_SOURCE,PASS_OFFICIAL_B3_IBRX100,B3_OFFICIAL_INDEXPROXY_GETPORTFOLIODAY,31/08/26,2026-08-31,OFFICIAL_B3_HEADER_DATE_UNINTERPRETED,https://sistemaswebb3-listados.b3.com.br/indexProxy/indexCall/GetPortfolioDay,https://www.b3.com.br/lumis/portal/file/fileDownload.jsp?fileId=8AA8D0976133DB2C0161344308732779,False,True,False,True
BR_IBRX100,WS:BVMF:BBDC3,,BVMF,BBDC3,BRADESCO,ON N1,ORDINARY_SHARE,PASS,B3_TYPE_ON_OFFICIAL_ORDINARY_SHARE,PASS,PRIMARY_MIC_OFFICIAL_TICKER_STABLE_WSID_NO_ISIN_IN_MEMBERSHIP_SOURCE,PASS_OFFICIAL_B3_IBRX100,B3_OFFICIAL_INDEXPROXY_GETPORTFOLIODAY,31/08/26,2026-08-31,OFFICIAL_B3_HEADER_DATE_UNINTERPRETED,https://sistemaswebb3-listados.b3.com.br/indexProxy/indexCall/GetPortfolioDay,https://www.b3.com.br/lumis/portal/file/fileDownload.jsp?fileId=8AA8D0976133DB2C0161344308732779,False,True,False,True
BR_IBRX100,WS:BVMF:BBDC4,,BVMF,BBDC4,BRADESCO,PN N1,PREFERRED_SHARE,FAIL,B3_TYPE_PN_PREFERRED_SHARE_NOT_ALLOWED,PASS,PRIMARY_MIC_OFFICIAL_TICKER_STABLE_WSID_NO_ISIN_IN_MEMBERSHIP_SOURCE,PASS_OFFICIAL_B3_IBRX100,B3_OFFICIAL_INDEXPROXY_GETPORTFOLIODAY,31/08/26,2026-08-31,OFFICIAL_B3_HEADER_DATE_UNINTERPRETED,https://sistemaswebb3-listados.b3.com.br/indexProxy/indexCall/GetPortfolioDay,https://www.b3.com.br/lumis/portal/file/fileDownload.jsp?fileId=8AA8D0976133DB2C0161344308732779,False,False,False,False
BR_IBRX100,WS:BVMF:BRAP4,,BVMF,BRAP4,BRADESPAR,PN N1,PREFERRED_SHARE,FAIL,B3_TYPE_PN_PREFERRED_SHARE_NOT_ALLOWED,PASS,PRIMARY_MIC_OFFICIAL_TICKER_STABLE_WSID_NO_ISIN_IN_MEMBERSHIP_SOURCE,PASS_OFFICIAL_B3_IBRX100,B3_OFFICIAL_INDEXPROXY_GETPORTFOLIODAY,31/08/26,2026-08-31,OFFICIAL_B3_HEADER_DATE_UNINTERPRETED,https://sistemaswebb3-listados.b3.com.br/indexProxy/indexCall/GetPortfolioDay,https://www.b3.com.br/lumis/portal/file/fileDownload.jsp?fileId=8AA8D0976133DB2C0161344308732779,False,False,False,False
BR_IBRX100,WS:BVMF:SAUD3,,BVMF,SAUD3,BRADSAUDE,ON NM,ORDINARY_SHARE,PASS,B3_TYPE_ON_OFFICIAL_ORDINARY_SHARE,PASS,PRIMARY_MIC_OFFICIAL_TICKER_STABLE_WSID_NO_ISIN_IN_MEMBERSHIP_SOURCE,PASS_OFFICIAL_B3_IBRX100,B3_OFFICIAL_INDEXPROXY_GETPORTFOLIODAY,31/08/26,2026-08-31,OFFICIAL_B3_HEADER_DATE_UNINTERPRETED,https://sistemaswebb3-listados.b3.com.br/indexProxy/indexCall/GetPortfolioDay,https://www.b3.com.br/lumis/portal/file/fileDownload.jsp?fileId=8AA8D0976133DB2C0161344308732779,False,True,False,True
BR_IBRX100,WS:BVMF:BBAS3,,BVMF,BBAS3,BRASIL,ON NM,ORDINARY_SHARE,PASS,B3_TYPE_ON_OFFICIAL_ORDINARY_SHARE,PASS,PRIMARY_MIC_OFFICIAL_TICKER_STABLE_WSID_NO_ISIN_IN_MEMBERSHIP_SOURCE,PASS_OFFICIAL_B3_IBRX100,B3_OFFICIAL_INDEXPROXY_GETPORTFOLIODAY,31/08/26,2026-08-31,OFFICIAL_B3_HEADER_DATE_UNINTERPRETED,https://sistemaswebb3-listados.b3.com.br/indexProxy/indexCall/GetPortfolioDay,https://www.b3.com.br/lumis/portal/file/fileDownload.jsp?fileId=8AA8D0976133DB2C0161344308732779,False,True,False,True
BR_IBRX100,WS:BVMF:BRAV3,,BVMF,BRAV3,BRAVA,ON NM,ORDINARY_SHARE,PASS,B3_TYPE_ON_OFFICIAL_ORDINARY_SHARE,PASS,PRIMARY_MIC_OFFICIAL_TICKER_STABLE_WSID_NO_ISIN_IN_MEMBERSHIP_SOURCE,PASS_OFFICIAL_B3_IBRX100,B3_OFFICIAL_INDEXPROXY_GETPORTFOLIODAY,31/08/26,2026-08-31,OFFICIAL_B3_HEADER_DATE_UNINTERPRETED,https://sistemaswebb3-listados.b3.com.br/indexProxy/indexCall/GetPortfolioDay,https://www.b3.com.br/lumis/portal/file/fileDownload.jsp?fileId=8AA8D0976133DB2C0161344308732779,False,True,False,True
BR_IBRX100,WS:BVMF:BPAC11,,BVMF,BPAC11,BTGP BANCO,UNT N2,UNIT,FAIL,B3_TYPE_UNIT_NOT_ALLOWED,PASS,PRIMARY_MIC_OFFICIAL_TICKER_STABLE_WSID_NO_ISIN_IN_MEMBERSHIP_SOURCE,PASS_OFFICIAL_B3_IBRX100,B3_OFFICIAL_INDEXPROXY_GETPORTFOLIODAY,31/08/26,2026-08-31,OFFICIAL_B3_HEADER_DATE_UNINTERPRETED,https://sistemaswebb3-listados.b3.com.br/indexProxy/indexCall/GetPortfolioDay,https://www.b3.com.br/lumis/portal/file/fileDownload.jsp?fileId=8AA8D0976133DB2C0161344308732779,False,False,False,False
BR_IBRX100,WS:BVMF:CXSE3,,BVMF,CXSE3,CAIXA SEGURI,ON NM,ORDINARY_SHARE,PASS,B3_TYPE_ON_OFFICIAL_ORDINARY_SHARE,PASS,PRIMARY_MIC_OFFICIAL_TICKER_STABLE_WSID_NO_ISIN_IN_MEMBERSHIP_SOURCE,PASS_OFFICIAL_B3_IBRX100,B3_OFFICIAL_INDEXPROXY_GETPORTFOLIODAY,31/08/26,2026-08-31,OFFICIAL_B3_HEADER_DATE_UNINTERPRETED,https://sistemaswebb3-listados.b3.com.br/indexProxy/indexCall/GetPortfolioDay,https://www.b3.com.br/lumis/portal/file/fileDownload.jsp?fileId=8AA8D0976133DB2C0161344308732779,False,True,False,True
BR_IBRX100,WS:BVMF:CBAV3,,BVMF,CBAV3,CBA,ON NM,ORDINARY_SHARE,PASS,B3_TYPE_ON_OFFICIAL_ORDINARY_SHARE,PASS,PRIMARY_MIC_OFFICIAL_TICKER_STABLE_WSID_NO_ISIN_IN_MEMBERSHIP_SOURCE,PASS_OFFICIAL_B3_IBRX100,B3_OFFICIAL_INDEXPROXY_GETPORTFOLIODAY,31/08/26,2026-08-31,OFFICIAL_B3_HEADER_DATE_UNINTERPRETED,https://sistemaswebb3-listados.b3.com.br/indexProxy/indexCall/GetPortfolioDay,https://www.b3.com.br/lumis/portal/file/fileDownload.jsp?fileId=8AA8D0976133DB2C0161344308732779,False,True,False,True
BR_IBRX100,WS:BVMF:CEAB3,,BVMF,CEAB3,CEA MODAS,ON NM,ORDINARY_SHARE,PASS,B3_TYPE_ON_OFFICIAL_ORDINARY_SHARE,PASS,PRIMARY_MIC_OFFICIAL_TICKER_STABLE_WSID_NO_ISIN_IN_MEMBERSHIP_SOURCE,PASS_OFFICIAL_B3_IBRX100,B3_OFFICIAL_INDEXPROXY_GETPORTFOLIODAY,31/08/26,2026-08-31,OFFICIAL_B3_HEADER_DATE_UNINTERPRETED,https://sistemaswebb3-listados.b3.com.br/indexProxy/indexCall/GetPortfolioDay,https://www.b3.com.br/lumis/portal/file/fileDownload.jsp?fileId=8AA8D0976133DB2C0161344308732779,False,True,False,True
BR_IBRX100,WS:BVMF:CMIG4,,BVMF,CMIG4,CEMIG,PN N1,PREFERRED_SHARE,FAIL,B3_TYPE_PN_PREFERRED_SHARE_NOT_ALLOWED,PASS,PRIMARY_MIC_OFFICIAL_TICKER_STABLE_WSID_NO_ISIN_IN_MEMBERSHIP_SOURCE,PASS_OFFICIAL_B3_IBRX100,B3_OFFICIAL_INDEXPROXY_GETPORTFOLIODAY,31/08/26,2026-08-31,OFFICIAL_B3_HEADER_DATE_UNINTERPRETED,https://sistemaswebb3-listados.b3.com.br/indexProxy/indexCall/GetPortfolioDay,https://www.b3.com.br/lumis/portal/file/fileDownload.jsp?fileId=8AA8D0976133DB2C0161344308732779,False,False,False,False
BR_IBRX100,WS:BVMF:COGN3,,BVMF,COGN3,COGNA ON,ON NM,ORDINARY_SHARE,PASS,B3_TYPE_ON_OFFICIAL_ORDINARY_SHARE,PASS,PRIMARY_MIC_OFFICIAL_TICKER_STABLE_WSID_NO_ISIN_IN_MEMBERSHIP_SOURCE,PASS_OFFICIAL_B3_IBRX100,B3_OFFICIAL_INDEXPROXY_GETPORTFOLIODAY,31/08/26,2026-08-31,OFFICIAL_B3_HEADER_DATE_UNINTERPRETED,https://sistemaswebb3-listados.b3.com.br/indexProxy/indexCall/GetPortfolioDay,https://www.b3.com.br/lumis/portal/file/fileDownload.jsp?fileId=8AA8D0976133DB2C0161344308732779,False,True,False,True
BR_IBRX100,WS:BVMF:CSMG3,,BVMF,CSMG3,COPASA,ON NM,ORDINARY_SHARE,PASS,B3_TYPE_ON_OFFICIAL_ORDINARY_SHARE,PASS,PRIMARY_MIC_OFFICIAL_TICKER_STABLE_WSID_NO_ISIN_IN_MEMBERSHIP_SOURCE,PASS_OFFICIAL_B3_IBRX100,B3_OFFICIAL_INDEXPROXY_GETPORTFOLIODAY,31/08/26,2026-08-31,OFFICIAL_B3_HEADER_DATE_UNINTERPRETED,https://sistemaswebb3-listados.b3.com.br/indexProxy/indexCall/GetPortfolioDay,https://www.b3.com.br/lumis/portal/file/fileDownload.jsp?fileId=8AA8D0976133DB2C0161344308732779,False,True,False,True
BR_IBRX100,WS:BVMF:CPLE3,,BVMF,CPLE3,COPEL,ON NM,ORDINARY_SHARE,PASS,B3_TYPE_ON_OFFICIAL_ORDINARY_SHARE,PASS,PRIMARY_MIC_OFFICIAL_TICKER_STABLE_WSID_NO_ISIN_IN_MEMBERSHIP_SOURCE,PASS_OFFICIAL_B3_IBRX100,B3_OFFICIAL_INDEXPROXY_GETPORTFOLIODAY,31/08/26,2026-08-31,OFFICIAL_B3_HEADER_DATE_UNINTERPRETED,https://sistemaswebb3-listados.b3.com.br/indexProxy/indexCall/GetPortfolioDay,https://www.b3.com.br/lumis/portal/file/fileDownload.jsp?fileId=8AA8D0976133DB2C0161344308732779,False,True,False,True
BR_IBRX100,WS:BVMF:CSAN3,,BVMF,CSAN3,COSAN,ON NM,ORDINARY_SHARE,PASS,B3_TYPE_ON_OFFICIAL_ORDINARY_SHARE,PASS,PRIMARY_MIC_OFFICIAL_TICKER_STABLE_WSID_NO_ISIN_IN_MEMBERSHIP_SOURCE,PASS_OFFICIAL_B3_IBRX100,B3_OFFICIAL_INDEXPROXY_GETPORTFOLIODAY,31/08/26,2026-08-31,OFFICIAL_B3_HEADER_DATE_UNINTERPRETED,https://sistemaswebb3-listados.b3.com.br/indexProxy/indexCall/GetPortfolioDay,https://www.b3.com.br/lumis/portal/file/fileDownload.jsp?fileId=8AA8D0976133DB2C0161344308732779,False,True,False,True
BR_IBRX100,WS:BVMF:CPFE3,,BVMF,CPFE3,CPFL ENERGIA,ON NM,ORDINARY_SHARE,PASS,B3_TYPE_ON_OFFICIAL_ORDINARY_SHARE,PASS,PRIMARY_MIC_OFFICIAL_TICKER_STABLE_WSID_NO_ISIN_IN_MEMBERSHIP_SOURCE,PASS_OFFICIAL_B3_IBRX100,B3_OFFICIAL_INDEXPROXY_GETPORTFOLIODAY,31/08/26,2026-08-31,OFFICIAL_B3_HEADER_DATE_UNINTERPRETED,https://sistemaswebb3-listados.b3.com.br/indexProxy/indexCall/GetPortfolioDay,https://www.b3.com.br/lumis/portal/file/fileDownload.jsp?fileId=8AA8D0976133DB2C0161344308732779,False,True,False,True
BR_IBRX100,WS:BVMF:CMIN3,,BVMF,CMIN3,CSNMINERACAO,ON N2,ORDINARY_SHARE,PASS,B3_TYPE_ON_OFFICIAL_ORDINARY_SHARE,PASS,PRIMARY_MIC_OFFICIAL_TICKER_STABLE_WSID_NO_ISIN_IN_MEMBERSHIP_SOURCE,PASS_OFFICIAL_B3_IBRX100,B3_OFFICIAL_INDEXPROXY_GETPORTFOLIODAY,31/08/26,2026-08-31,OFFICIAL_B3_HEADER_DATE_UNINTERPRETED,https://sistemaswebb3-listados.b3.com.br/indexProxy/indexCall/GetPortfolioDay,https://www.b3.com.br/lumis/portal/file/fileDownload.jsp?fileId=8AA8D0976133DB2C0161344308732779,False,True,False,True
BR_IBRX100,WS:BVMF:CURY3,,BVMF,CURY3,CURY S/A,ON NM,ORDINARY_SHARE,PASS,B3_TYPE_ON_OFFICIAL_ORDINARY_SHARE,PASS,PRIMARY_MIC_OFFICIAL_TICKER_STABLE_WSID_NO_ISIN_IN_MEMBERSHIP_SOURCE,PASS_OFFICIAL_B3_IBRX100,B3_OFFICIAL_INDEXPROXY_GETPORTFOLIODAY,31/08/26,2026-08-31,OFFICIAL_B3_HEADER_DATE_UNINTERPRETED,https://sistemaswebb3-listados.b3.com.br/indexProxy/indexCall/GetPortfolioDay,https://www.b3.com.br/lumis/portal/file/fileDownload.jsp?fileId=8AA8D0976133DB2C0161344308732779,False,True,False,True
BR_IBRX100,WS:BVMF:CVCB3,,BVMF,CVCB3,CVC BRASIL,ON ATZ NM,ORDINARY_SHARE,PASS,B3_TYPE_ON_OFFICIAL_ORDINARY_SHARE,PASS,PRIMARY_MIC_OFFICIAL_TICKER_STABLE_WSID_NO_ISIN_IN_MEMBERSHIP_SOURCE,PASS_OFFICIAL_B3_IBRX100,B3_OFFICIAL_INDEXPROXY_GETPORTFOLIODAY,31/08/26,2026-08-31,OFFICIAL_B3_HEADER_DATE_UNINTERPRETED,https://sistemaswebb3-listados.b3.com.br/indexProxy/indexCall/GetPortfolioDay,https://www.b3.com.br/lumis/portal/file/fileDownload.jsp?fileId=8AA8D0976133DB2C0161344308732779,False,True,False,True
BR_IBRX100,WS:BVMF:CYRE3,,BVMF,CYRE3,CYRELA REALT,ON NM,ORDINARY_SHARE,PASS,B3_TYPE_ON_OFFICIAL_ORDINARY_SHARE,PASS,PRIMARY_MIC_OFFICIAL_TICKER_STABLE_WSID_NO_ISIN_IN_MEMBERSHIP_SOURCE,PASS_OFFICIAL_B3_IBRX100,B3_OFFICIAL_INDEXPROXY_GETPORTFOLIODAY,31/08/26,2026-08-31,OFFICIAL_B3_HEADER_DATE_UNINTERPRETED,https://sistemaswebb3-listados.b3.com.br/indexProxy/indexCall/GetPortfolioDay,https://www.b3.com.br/lumis/portal/file/fileDownload.jsp?fileId=8AA8D0976133DB2C0161344308732779,False,True,False,True
BR_IBRX100,WS:BVMF:DIRR3,,BVMF,DIRR3,DIRECIONAL,ON NM,ORDINARY_SHARE,PASS,B3_TYPE_ON_OFFICIAL_ORDINARY_SHARE,PASS,PRIMARY_MIC_OFFICIAL_TICKER_STABLE_WSID_NO_ISIN_IN_MEMBERSHIP_SOURCE,PASS_OFFICIAL_B3_IBRX100,B3_OFFICIAL_INDEXPROXY_GETPORTFOLIODAY,31/08/26,2026-08-31,OFFICIAL_B3_HEADER_DATE_UNINTERPRETED,https://sistemaswebb3-listados.b3.com.br/indexProxy/indexCall/GetPortfolioDay,https://www.b3.com.br/lumis/portal/file/fileDownload.jsp?fileId=8AA8D0976133DB2C0161344308732779,False,True,False,True
BR_IBRX100,WS:BVMF:ECOR3,,BVMF,ECOR3,ECORODOVIAS,ON NM,ORDINARY_SHARE,PASS,B3_TYPE_ON_OFFICIAL_ORDINARY_SHARE,PASS,PRIMARY_MIC_OFFICIAL_TICKER_STABLE_WSID_NO_ISIN_IN_MEMBERSHIP_SOURCE,PASS_OFFICIAL_B3_IBRX100,B3_OFFICIAL_INDEXPROXY_GETPORTFOLIODAY,31/08/26,2026-08-31,OFFICIAL_B3_HEADER_DATE_UNINTERPRETED,https://sistemaswebb3-listados.b3.com.br/indexProxy/indexCall/GetPortfolioDay,https://www.b3.com.br/lumis/portal/file/fileDownload.jsp?fileId=8AA8D0976133DB2C0161344308732779,False,True,False,True
BR_IBRX100,WS:BVMF:EMBJ3,,BVMF,EMBJ3,EMBRAER,ON NM,ORDINARY_SHARE,PASS,B3_TYPE_ON_OFFICIAL_ORDINARY_SHARE,PASS,PRIMARY_MIC_OFFICIAL_TICKER_STABLE_WSID_NO_ISIN_IN_MEMBERSHIP_SOURCE,PASS_OFFICIAL_B3_IBRX100,B3_OFFICIAL_INDEXPROXY_GETPORTFOLIODAY,31/08/26,2026-08-31,OFFICIAL_B3_HEADER_DATE_UNINTERPRETED,https://sistemaswebb3-listados.b3.com.br/indexProxy/indexCall/GetPortfolioDay,https://www.b3.com.br/lumis/portal/file/fileDownload.jsp?fileId=8AA8D0976133DB2C0161344308732779,False,True,False,True
BR_IBRX100,WS:BVMF:ENGI11,,BVMF,ENGI11,ENERGISA,UNT N2,UNIT,FAIL,B3_TYPE_UNIT_NOT_ALLOWED,PASS,PRIMARY_MIC_OFFICIAL_TICKER_STABLE_WSID_NO_ISIN_IN_MEMBERSHIP_SOURCE,PASS_OFFICIAL_B3_IBRX100,B3_OFFICIAL_INDEXPROXY_GETPORTFOLIODAY,31/08/26,2026-08-31,OFFICIAL_B3_HEADER_DATE_UNINTERPRETED,https://sistemaswebb3-listados.b3.com.br/indexProxy/indexCall/GetPortfolioDay,https://www.b3.com.br/lumis/portal/file/fileDownload.jsp?fileId=8AA8D0976133DB2C0161344308732779,False,False,False,False
BR_IBRX100,WS:BVMF:ENEV3,,BVMF,ENEV3,ENEVA,ON NM,ORDINARY_SHARE,PASS,B3_TYPE_ON_OFFICIAL_ORDINARY_SHARE,PASS,PRIMARY_MIC_OFFICIAL_TICKER_STABLE_WSID_NO_ISIN_IN_MEMBERSHIP_SOURCE,PASS_OFFICIAL_B3_IBRX100,B3_OFFICIAL_INDEXPROXY_GETPORTFOLIODAY,31/08/26,2026-08-31,OFFICIAL_B3_HEADER_DATE_UNINTERPRETED,https://sistemaswebb3-listados.b3.com.br/indexProxy/indexCall/GetPortfolioDay,https://www.b3.com.br/lumis/portal/file/fileDownload.jsp?fileId=8AA8D0976133DB2C0161344308732779,False,True,False,True
BR_IBRX100,WS:BVMF:EGIE3,,BVMF,EGIE3,ENGIE BRASIL,ON ED NM,ORDINARY_SHARE,PASS,B3_TYPE_ON_OFFICIAL_ORDINARY_SHARE,PASS,PRIMARY_MIC_OFFICIAL_TICKER_STABLE_WSID_NO_ISIN_IN_MEMBERSHIP_SOURCE,PASS_OFFICIAL_B3_IBRX100,B3_OFFICIAL_INDEXPROXY_GETPORTFOLIODAY,31/08/26,2026-08-31,OFFICIAL_B3_HEADER_DATE_UNINTERPRETED,https://sistemaswebb3-listados.b3.com.br/indexProxy/indexCall/GetPortfolioDay,https://www.b3.com.br/lumis/portal/file/fileDownload.jsp?fileId=8AA8D0976133DB2C0161344308732779,False,True,False,True
BR_IBRX100,WS:BVMF:EQTL3,,BVMF,EQTL3,EQUATORIAL,ON NM,ORDINARY_SHARE,PASS,B3_TYPE_ON_OFFICIAL_ORDINARY_SHARE,PASS,PRIMARY_MIC_OFFICIAL_TICKER_STABLE_WSID_NO_ISIN_IN_MEMBERSHIP_SOURCE,PASS_OFFICIAL_B3_IBRX100,B3_OFFICIAL_INDEXPROXY_GETPORTFOLIODAY,31/08/26,2026-08-31,OFFICIAL_B3_HEADER_DATE_UNINTERPRETED,https://sistemaswebb3-listados.b3.com.br/indexProxy/indexCall/GetPortfolioDay,https://www.b3.com.br/lumis/portal/file/fileDownload.jsp?fileId=8AA8D0976133DB2C0161344308732779,False,True,False,True
BR_IBRX100,WS:BVMF:EZTC3,,BVMF,EZTC3,EZTEC,ON NM,ORDINARY_SHARE,PASS,B3_TYPE_ON_OFFICIAL_ORDINARY_SHARE,PASS,PRIMARY_MIC_OFFICIAL_TICKER_STABLE_WSID_NO_ISIN_IN_MEMBERSHIP_SOURCE,PASS_OFFICIAL_B3_IBRX100,B3_OFFICIAL_INDEXPROXY_GETPORTFOLIODAY,31/08/26,2026-08-31,OFFICIAL_B3_HEADER_DATE_UNINTERPRETED,https://sistemaswebb3-listados.b3.com.br/indexProxy/indexCall/GetPortfolioDay,https://www.b3.com.br/lumis/portal/file/fileDownload.jsp?fileId=8AA8D0976133DB2C0161344308732779,False,True,False,True
BR_IBRX100,WS:BVMF:FLRY3,,BVMF,FLRY3,FLEURY,ON NM,ORDINARY_SHARE,PASS,B3_TYPE_ON_OFFICIAL_ORDINARY_SHARE,PASS,PRIMARY_MIC_OFFICIAL_TICKER_STABLE_WSID_NO_ISIN_IN_MEMBERSHIP_SOURCE,PASS_OFFICIAL_B3_IBRX100,B3_OFFICIAL_INDEXPROXY_GETPORTFOLIODAY,31/08/26,2026-08-31,OFFICIAL_B3_HEADER_DATE_UNINTERPRETED,https://sistemaswebb3-listados.b3.com.br/indexProxy/indexCall/GetPortfolioDay,https://www.b3.com.br/lumis/portal/file/fileDownload.jsp?fileId=8AA8D0976133DB2C0161344308732779,False,True,False,True
BR_IBRX100,WS:BVMF:GGBR4,,BVMF,GGBR4,GERDAU,PN ED N1,PREFERRED_SHARE,FAIL,B3_TYPE_PN_PREFERRED_SHARE_NOT_ALLOWED,PASS,PRIMARY_MIC_OFFICIAL_TICKER_STABLE_WSID_NO_ISIN_IN_MEMBERSHIP_SOURCE,PASS_OFFICIAL_B3_IBRX100,B3_OFFICIAL_INDEXPROXY_GETPORTFOLIODAY,31/08/26,2026-08-31,OFFICIAL_B3_HEADER_DATE_UNINTERPRETED,https://sistemaswebb3-listados.b3.com.br/indexProxy/indexCall/GetPortfolioDay,https://www.b3.com.br/lumis/portal/file/fileDownload.jsp?fileId=8AA8D0976133DB2C0161344308732779,False,False,False,False
BR_IBRX100,WS:BVMF:GOAU4,,BVMF,GOAU4,GERDAU MET,PN ED N1,PREFERRED_SHARE,FAIL,B3_TYPE_PN_PREFERRED_SHARE_NOT_ALLOWED,PASS,PRIMARY_MIC_OFFICIAL_TICKER_STABLE_WSID_NO_ISIN_IN_MEMBERSHIP_SOURCE,PASS_OFFICIAL_B3_IBRX100,B3_OFFICIAL_INDEXPROXY_GETPORTFOLIODAY,31/08/26,2026-08-31,OFFICIAL_B3_HEADER_DATE_UNINTERPRETED,https://sistemaswebb3-listados.b3.com.br/indexProxy/indexCall/GetPortfolioDay,https://www.b3.com.br/lumis/portal/file/fileDownload.jsp?fileId=8AA8D0976133DB2C0161344308732779,False,False,False,False
BR_IBRX100,WS:BVMF:GGPS3,,BVMF,GGPS3,GPS,ON NM,ORDINARY_SHARE,PASS,B3_TYPE_ON_OFFICIAL_ORDINARY_SHARE,PASS,PRIMARY_MIC_OFFICIAL_TICKER_STABLE_WSID_NO_ISIN_IN_MEMBERSHIP_SOURCE,PASS_OFFICIAL_B3_IBRX100,B3_OFFICIAL_INDEXPROXY_GETPORTFOLIODAY,31/08/26,2026-08-31,OFFICIAL_B3_HEADER_DATE_UNINTERPRETED,https://sistemaswebb3-listados.b3.com.br/indexProxy/indexCall/GetPortfolioDay,https://www.b3.com.br/lumis/portal/file/fileDownload.jsp?fileId=8AA8D0976133DB2C0161344308732779,False,True,False,True
BR_IBRX100,WS:BVMF:GMAT3,,BVMF,GMAT3,GRUPO MATEUS,ON NM,ORDINARY_SHARE,PASS,B3_TYPE_ON_OFFICIAL_ORDINARY_SHARE,PASS,PRIMARY_MIC_OFFICIAL_TICKER_STABLE_WSID_NO_ISIN_IN_MEMBERSHIP_SOURCE,PASS_OFFICIAL_B3_IBRX100,B3_OFFICIAL_INDEXPROXY_GETPORTFOLIODAY,31/08/26,2026-08-31,OFFICIAL_B3_HEADER_DATE_UNINTERPRETED,https://sistemaswebb3-listados.b3.com.br/indexProxy/indexCall/GetPortfolioDay,https://www.b3.com.br/lumis/portal/file/fileDownload.jsp?fileId=8AA8D0976133DB2C0161344308732779,False,True,False,True
BR_IBRX100,WS:BVMF:HAPV3,,BVMF,HAPV3,HAPVIDA,ON NM,ORDINARY_SHARE,PASS,B3_TYPE_ON_OFFICIAL_ORDINARY_SHARE,PASS,PRIMARY_MIC_OFFICIAL_TICKER_STABLE_WSID_NO_ISIN_IN_MEMBERSHIP_SOURCE,PASS_OFFICIAL_B3_IBRX100,B3_OFFICIAL_INDEXPROXY_GETPORTFOLIODAY,31/08/26,2026-08-31,OFFICIAL_B3_HEADER_DATE_UNINTERPRETED,https://sistemaswebb3-listados.b3.com.br/indexProxy/indexCall/GetPortfolioDay,https://www.b3.com.br/lumis/portal/file/fileDownload.jsp?fileId=8AA8D0976133DB2C0161344308732779,False,True,False,True
BR_IBRX100,WS:BVMF:HYPE3,,BVMF,HYPE3,HYPERA,ON NM,ORDINARY_SHARE,PASS,B3_TYPE_ON_OFFICIAL_ORDINARY_SHARE,PASS,PRIMARY_MIC_OFFICIAL_TICKER_STABLE_WSID_NO_ISIN_IN_MEMBERSHIP_SOURCE,PASS_OFFICIAL_B3_IBRX100,B3_OFFICIAL_INDEXPROXY_GETPORTFOLIODAY,31/08/26,2026-08-31,OFFICIAL_B3_HEADER_DATE_UNINTERPRETED,https://sistemaswebb3-listados.b3.com.br/indexProxy/indexCall/GetPortfolioDay,https://www.b3.com.br/lumis/portal/file/fileDownload.jsp?fileId=8AA8D0976133DB2C0161344308732779,False,True,False,True
BR_IBRX100,WS:BVMF:IGTI11,,BVMF,IGTI11,IGUATEMI S.A,UNT N1,UNIT,FAIL,B3_TYPE_UNIT_NOT_ALLOWED,PASS,PRIMARY_MIC_OFFICIAL_TICKER_STABLE_WSID_NO_ISIN_IN_MEMBERSHIP_SOURCE,PASS_OFFICIAL_B3_IBRX100,B3_OFFICIAL_INDEXPROXY_GETPORTFOLIODAY,31/08/26,2026-08-31,OFFICIAL_B3_HEADER_DATE_UNINTERPRETED,https://sistemaswebb3-listados.b3.com.br/indexProxy/indexCall/GetPortfolioDay,https://www.b3.com.br/lumis/portal/file/fileDownload.jsp?fileId=8AA8D0976133DB2C0161344308732779,False,False,False,False
BR_IBRX100,WS:BVMF:INTB3,,BVMF,INTB3,INTELBRAS,ON NM,ORDINARY_SHARE,PASS,B3_TYPE_ON_OFFICIAL_ORDINARY_SHARE,PASS,PRIMARY_MIC_OFFICIAL_TICKER_STABLE_WSID_NO_ISIN_IN_MEMBERSHIP_SOURCE,PASS_OFFICIAL_B3_IBRX100,B3_OFFICIAL_INDEXPROXY_GETPORTFOLIODAY,31/08/26,2026-08-31,OFFICIAL_B3_HEADER_DATE_UNINTERPRETED,https://sistemaswebb3-listados.b3.com.br/indexProxy/indexCall/GetPortfolioDay,https://www.b3.com.br/lumis/portal/file/fileDownload.jsp?fileId=8AA8D0976133DB2C0161344308732779,False,True,False,True
BR_IBRX100,WS:BVMF:IRBR3,,BVMF,IRBR3,IRBBRASIL RE,ON NM,ORDINARY_SHARE,PASS,B3_TYPE_ON_OFFICIAL_ORDINARY_SHARE,PASS,PRIMARY_MIC_OFFICIAL_TICKER_STABLE_WSID_NO_ISIN_IN_MEMBERSHIP_SOURCE,PASS_OFFICIAL_B3_IBRX100,B3_OFFICIAL_INDEXPROXY_GETPORTFOLIODAY,31/08/26,2026-08-31,OFFICIAL_B3_HEADER_DATE_UNINTERPRETED,https://sistemaswebb3-listados.b3.com.br/indexProxy/indexCall/GetPortfolioDay,https://www.b3.com.br/lumis/portal/file/fileDownload.jsp?fileId=8AA8D0976133DB2C0161344308732779,False,True,False,True
BR_IBRX100,WS:BVMF:ISAE4,,BVMF,ISAE4,ISA ENERGIA,PN N1,PREFERRED_SHARE,FAIL,B3_TYPE_PN_PREFERRED_SHARE_NOT_ALLOWED,PASS,PRIMARY_MIC_OFFICIAL_TICKER_STABLE_WSID_NO_ISIN_IN_MEMBERSHIP_SOURCE,PASS_OFFICIAL_B3_IBRX100,B3_OFFICIAL_INDEXPROXY_GETPORTFOLIODAY,31/08/26,2026-08-31,OFFICIAL_B3_HEADER_DATE_UNINTERPRETED,https://sistemaswebb3-listados.b3.com.br/indexProxy/indexCall/GetPortfolioDay,https://www.b3.com.br/lumis/portal/file/fileDownload.jsp?fileId=8AA8D0976133DB2C0161344308732779,False,False,False,False
BR_IBRX100,WS:BVMF:ITSA4,,BVMF,ITSA4,ITAUSA,PN N1,PREFERRED_SHARE,FAIL,B3_TYPE_PN_PREFERRED_SHARE_NOT_ALLOWED,PASS,PRIMARY_MIC_OFFICIAL_TICKER_STABLE_WSID_NO_ISIN_IN_MEMBERSHIP_SOURCE,PASS_OFFICIAL_B3_IBRX100,B3_OFFICIAL_INDEXPROXY_GETPORTFOLIODAY,31/08/26,2026-08-31,OFFICIAL_B3_HEADER_DATE_UNINTERPRETED,https://sistemaswebb3-listados.b3.com.br/indexProxy/indexCall/GetPortfolioDay,https://www.b3.com.br/lumis/portal/file/fileDownload.jsp?fileId=8AA8D0976133DB2C0161344308732779,False,False,False,False
BR_IBRX100,WS:BVMF:ITUB3,,BVMF,ITUB3,ITAUUNIBANCO,ON N1,ORDINARY_SHARE,PASS,B3_TYPE_ON_OFFICIAL_ORDINARY_SHARE,PASS,PRIMARY_MIC_OFFICIAL_TICKER_STABLE_WSID_NO_ISIN_IN_MEMBERSHIP_SOURCE,PASS_OFFICIAL_B3_IBRX100,B3_OFFICIAL_INDEXPROXY_GETPORTFOLIODAY,31/08/26,2026-08-31,OFFICIAL_B3_HEADER_DATE_UNINTERPRETED,https://sistemaswebb3-listados.b3.com.br/indexProxy/indexCall/GetPortfolioDay,https://www.b3.com.br/lumis/portal/file/fileDownload.jsp?fileId=8AA8D0976133DB2C0161344308732779,False,True,False,True
BR_IBRX100,WS:BVMF:ITUB4,,BVMF,ITUB4,ITAUUNIBANCO,PN N1,PREFERRED_SHARE,FAIL,B3_TYPE_PN_PREFERRED_SHARE_NOT_ALLOWED,PASS,PRIMARY_MIC_OFFICIAL_TICKER_STABLE_WSID_NO_ISIN_IN_MEMBERSHIP_SOURCE,PASS_OFFICIAL_B3_IBRX100,B3_OFFICIAL_INDEXPROXY_GETPORTFOLIODAY,31/08/26,2026-08-31,OFFICIAL_B3_HEADER_DATE_UNINTERPRETED,https://sistemaswebb3-listados.b3.com.br/indexProxy/indexCall/GetPortfolioDay,https://www.b3.com.br/lumis/portal/file/fileDownload.jsp?fileId=8AA8D0976133DB2C0161344308732779,False,False,False,False
BR_IBRX100,WS:BVMF:JHSF3,,BVMF,JHSF3,JHSF PART,ON ED NM,ORDINARY_SHARE,PASS,B3_TYPE_ON_OFFICIAL_ORDINARY_SHARE,PASS,PRIMARY_MIC_OFFICIAL_TICKER_STABLE_WSID_NO_ISIN_IN_MEMBERSHIP_SOURCE,PASS_OFFICIAL_B3_IBRX100,B3_OFFICIAL_INDEXPROXY_GETPORTFOLIODAY,31/08/26,2026-08-31,OFFICIAL_B3_HEADER_DATE_UNINTERPRETED,https://sistemaswebb3-listados.b3.com.br/indexProxy/indexCall/GetPortfolioDay,https://www.b3.com.br/lumis/portal/file/fileDownload.jsp?fileId=8AA8D0976133DB2C0161344308732779,False,True,False,True
BR_IBRX100,WS:BVMF:KLBN11,,BVMF,KLBN11,KLABIN S/A,UNT N2,UNIT,FAIL,B3_TYPE_UNIT_NOT_ALLOWED,PASS,PRIMARY_MIC_OFFICIAL_TICKER_STABLE_WSID_NO_ISIN_IN_MEMBERSHIP_SOURCE,PASS_OFFICIAL_B3_IBRX100,B3_OFFICIAL_INDEXPROXY_GETPORTFOLIODAY,31/08/26,2026-08-31,OFFICIAL_B3_HEADER_DATE_UNINTERPRETED,https://sistemaswebb3-listados.b3.com.br/indexProxy/indexCall/GetPortfolioDay,https://www.b3.com.br/lumis/portal/file/fileDownload.jsp?fileId=8AA8D0976133DB2C0161344308732779,False,False,False,False
BR_IBRX100,WS:BVMF:RENT3,,BVMF,RENT3,LOCALIZA,ON NM,ORDINARY_SHARE,PASS,B3_TYPE_ON_OFFICIAL_ORDINARY_SHARE,PASS,PRIMARY_MIC_OFFICIAL_TICKER_STABLE_WSID_NO_ISIN_IN_MEMBERSHIP_SOURCE,PASS_OFFICIAL_B3_IBRX100,B3_OFFICIAL_INDEXPROXY_GETPORTFOLIODAY,31/08/26,2026-08-31,OFFICIAL_B3_HEADER_DATE_UNINTERPRETED,https://sistemaswebb3-listados.b3.com.br/indexProxy/indexCall/GetPortfolioDay,https://www.b3.com.br/lumis/portal/file/fileDownload.jsp?fileId=8AA8D0976133DB2C0161344308732779,False,True,False,True
BR_IBRX100,WS:BVMF:LREN3,,BVMF,LREN3,LOJAS RENNER,ON NM,ORDINARY_SHARE,PASS,B3_TYPE_ON_OFFICIAL_ORDINARY_SHARE,PASS,PRIMARY_MIC_OFFICIAL_TICKER_STABLE_WSID_NO_ISIN_IN_MEMBERSHIP_SOURCE,PASS_OFFICIAL_B3_IBRX100,B3_OFFICIAL_INDEXPROXY_GETPORTFOLIODAY,31/08/26,2026-08-31,OFFICIAL_B3_HEADER_DATE_UNINTERPRETED,https://sistemaswebb3-listados.b3.com.br/indexProxy/indexCall/GetPortfolioDay,https://www.b3.com.br/lumis/portal/file/fileDownload.jsp?fileId=8AA8D0976133DB2C0161344308732779,False,True,False,True
BR_IBRX100,WS:BVMF:MGLU3,,BVMF,MGLU3,MAGAZ LUIZA,ON NM,ORDINARY_SHARE,PASS,B3_TYPE_ON_OFFICIAL_ORDINARY_SHARE,PASS,PRIMARY_MIC_OFFICIAL_TICKER_STABLE_WSID_NO_ISIN_IN_MEMBERSHIP_SOURCE,PASS_OFFICIAL_B3_IBRX100,B3_OFFICIAL_INDEXPROXY_GETPORTFOLIODAY,31/08/26,2026-08-31,OFFICIAL_B3_HEADER_DATE_UNINTERPRETED,https://sistemaswebb3-listados.b3.com.br/indexProxy/indexCall/GetPortfolioDay,https://www.b3.com.br/lumis/portal/file/fileDownload.jsp?fileId=8AA8D0976133DB2C0161344308732779,False,True,False,True
BR_IBRX100,WS:BVMF:POMO4,,BVMF,POMO4,MARCOPOLO,PN ED N2,PREFERRED_SHARE,FAIL,B3_TYPE_PN_PREFERRED_SHARE_NOT_ALLOWED,PASS,PRIMARY_MIC_OFFICIAL_TICKER_STABLE_WSID_NO_ISIN_IN_MEMBERSHIP_SOURCE,PASS_OFFICIAL_B3_IBRX100,B3_OFFICIAL_INDEXPROXY_GETPORTFOLIODAY,31/08/26,2026-08-31,OFFICIAL_B3_HEADER_DATE_UNINTERPRETED,https://sistemaswebb3-listados.b3.com.br/indexProxy/indexCall/GetPortfolioDay,https://www.b3.com.br/lumis/portal/file/fileDownload.jsp?fileId=8AA8D0976133DB2C0161344308732779,False,False,False,False
BR_IBRX100,WS:BVMF:MBRF3,,BVMF,MBRF3,MARFRIG,ON NM,ORDINARY_SHARE,PASS,B3_TYPE_ON_OFFICIAL_ORDINARY_SHARE,PASS,PRIMARY_MIC_OFFICIAL_TICKER_STABLE_WSID_NO_ISIN_IN_MEMBERSHIP_SOURCE,PASS_OFFICIAL_B3_IBRX100,B3_OFFICIAL_INDEXPROXY_GETPORTFOLIODAY,31/08/26,2026-08-31,OFFICIAL_B3_HEADER_DATE_UNINTERPRETED,https://sistemaswebb3-listados.b3.com.br/indexProxy/indexCall/GetPortfolioDay,https://www.b3.com.br/lumis/portal/file/fileDownload.jsp?fileId=8AA8D0976133DB2C0161344308732779,False,True,False,True
BR_IBRX100,WS:BVMF:BEEF3,,BVMF,BEEF3,MINERVA,ON ATZ NM,ORDINARY_SHARE,PASS,B3_TYPE_ON_OFFICIAL_ORDINARY_SHARE,PASS,PRIMARY_MIC_OFFICIAL_TICKER_STABLE_WSID_NO_ISIN_IN_MEMBERSHIP_SOURCE,PASS_OFFICIAL_B3_IBRX100,B3_OFFICIAL_INDEXPROXY_GETPORTFOLIODAY,31/08/26,2026-08-31,OFFICIAL_B3_HEADER_DATE_UNINTERPRETED,https://sistemaswebb3-listados.b3.com.br/indexProxy/indexCall/GetPortfolioDay,https://www.b3.com.br/lumis/portal/file/fileDownload.jsp?fileId=8AA8D0976133DB2C0161344308732779,False,True,False,True
BR_IBRX100,WS:BVMF:MOTV3,,BVMF,MOTV3,MOTIVA SA,ON NM,ORDINARY_SHARE,PASS,B3_TYPE_ON_OFFICIAL_ORDINARY_SHARE,PASS,PRIMARY_MIC_OFFICIAL_TICKER_STABLE_WSID_NO_ISIN_IN_MEMBERSHIP_SOURCE,PASS_OFFICIAL_B3_IBRX100,B3_OFFICIAL_INDEXPROXY_GETPORTFOLIODAY,31/08/26,2026-08-31,OFFICIAL_B3_HEADER_DATE_UNINTERPRETED,https://sistemaswebb3-listados.b3.com.br/indexProxy/indexCall/GetPortfolioDay,https://www.b3.com.br/lumis/portal/file/fileDownload.jsp?fileId=8AA8D0976133DB2C0161344308732779,False,True,False,True
BR_IBRX100,WS:BVMF:MDNE3,,BVMF,MDNE3,MOURA DUBEUX,ON NM,ORDINARY_SHARE,PASS,B3_TYPE_ON_OFFICIAL_ORDINARY_SHARE,PASS,PRIMARY_MIC_OFFICIAL_TICKER_STABLE_WSID_NO_ISIN_IN_MEMBERSHIP_SOURCE,PASS_OFFICIAL_B3_IBRX100,B3_OFFICIAL_INDEXPROXY_GETPORTFOLIODAY,31/08/26,2026-08-31,OFFICIAL_B3_HEADER_DATE_UNINTERPRETED,https://sistemaswebb3-listados.b3.com.br/indexProxy/indexCall/GetPortfolioDay,https://www.b3.com.br/lumis/portal/file/fileDownload.jsp?fileId=8AA8D0976133DB2C0161344308732779,False,True,False,True
BR_IBRX100,WS:BVMF:MOVI3,,BVMF,MOVI3,MOVIDA,ON NM,ORDINARY_SHARE,PASS,B3_TYPE_ON_OFFICIAL_ORDINARY_SHARE,PASS,PRIMARY_MIC_OFFICIAL_TICKER_STABLE_WSID_NO_ISIN_IN_MEMBERSHIP_SOURCE,PASS_OFFICIAL_B3_IBRX100,B3_OFFICIAL_INDEXPROXY_GETPORTFOLIODAY,31/08/26,2026-08-31,OFFICIAL_B3_HEADER_DATE_UNINTERPRETED,https://sistemaswebb3-listados.b3.com.br/indexProxy/indexCall/GetPortfolioDay,https://www.b3.com.br/lumis/portal/file/fileDownload.jsp?fileId=8AA8D0976133DB2C0161344308732779,False,True,False,True
BR_IBRX100,WS:BVMF:MRVE3,,BVMF,MRVE3,MRV,ON NM,ORDINARY_SHARE,PASS,B3_TYPE_ON_OFFICIAL_ORDINARY_SHARE,PASS,PRIMARY_MIC_OFFICIAL_TICKER_STABLE_WSID_NO_ISIN_IN_MEMBERSHIP_SOURCE,PASS_OFFICIAL_B3_IBRX100,B3_OFFICIAL_INDEXPROXY_GETPORTFOLIODAY,31/08/26,2026-08-31,OFFICIAL_B3_HEADER_DATE_UNINTERPRETED,https://sistemaswebb3-listados.b3.com.br/indexProxy/indexCall/GetPortfolioDay,https://www.b3.com.br/lumis/portal/file/fileDownload.jsp?fileId=8AA8D0976133DB2C0161344308732779,False,True,False,True
BR_IBRX100,WS:BVMF:MULT3,,BVMF,MULT3,MULTIPLAN,ON N2,ORDINARY_SHARE,PASS,B3_TYPE_ON_OFFICIAL_ORDINARY_SHARE,PASS,PRIMARY_MIC_OFFICIAL_TICKER_STABLE_WSID_NO_ISIN_IN_MEMBERSHIP_SOURCE,PASS_OFFICIAL_B3_IBRX100,B3_OFFICIAL_INDEXPROXY_GETPORTFOLIODAY,31/08/26,2026-08-31,OFFICIAL_B3_HEADER_DATE_UNINTERPRETED,https://sistemaswebb3-listados.b3.com.br/indexProxy/indexCall/GetPortfolioDay,https://www.b3.com.br/lumis/portal/file/fileDownload.jsp?fileId=8AA8D0976133DB2C0161344308732779,False,True,False,True
BR_IBRX100,WS:BVMF:NATU3,,BVMF,NATU3,NATURA,ON NM,ORDINARY_SHARE,PASS,B3_TYPE_ON_OFFICIAL_ORDINARY_SHARE,PASS,PRIMARY_MIC_OFFICIAL_TICKER_STABLE_WSID_NO_ISIN_IN_MEMBERSHIP_SOURCE,PASS_OFFICIAL_B3_IBRX100,B3_OFFICIAL_INDEXPROXY_GETPORTFOLIODAY,31/08/26,2026-08-31,OFFICIAL_B3_HEADER_DATE_UNINTERPRETED,https://sistemaswebb3-listados.b3.com.br/indexProxy/indexCall/GetPortfolioDay,https://www.b3.com.br/lumis/portal/file/fileDownload.jsp?fileId=8AA8D0976133DB2C0161344308732779,False,True,False,True
BR_IBRX100,WS:BVMF:ORVR3,,BVMF,ORVR3,ORIZON,ON NM,ORDINARY_SHARE,PASS,B3_TYPE_ON_OFFICIAL_ORDINARY_SHARE,PASS,PRIMARY_MIC_OFFICIAL_TICKER_STABLE_WSID_NO_ISIN_IN_MEMBERSHIP_SOURCE,PASS_OFFICIAL_B3_IBRX100,B3_OFFICIAL_INDEXPROXY_GETPORTFOLIODAY,31/08/26,2026-08-31,OFFICIAL_B3_HEADER_DATE_UNINTERPRETED,https://sistemaswebb3-listados.b3.com.br/indexProxy/indexCall/GetPortfolioDay,https://www.b3.com.br/lumis/portal/file/fileDownload.jsp?fileId=8AA8D0976133DB2C0161344308732779,False,True,False,True
BR_IBRX100,WS:BVMF:PETR3,,BVMF,PETR3,PETROBRAS,ON EDJ N2,ORDINARY_SHARE,PASS,B3_TYPE_ON_OFFICIAL_ORDINARY_SHARE,PASS,PRIMARY_MIC_OFFICIAL_TICKER_STABLE_WSID_NO_ISIN_IN_MEMBERSHIP_SOURCE,PASS_OFFICIAL_B3_IBRX100,B3_OFFICIAL_INDEXPROXY_GETPORTFOLIODAY,31/08/26,2026-08-31,OFFICIAL_B3_HEADER_DATE_UNINTERPRETED,https://sistemaswebb3-listados.b3.com.br/indexProxy/indexCall/GetPortfolioDay,https://www.b3.com.br/lumis/portal/file/fileDownload.jsp?fileId=8AA8D0976133DB2C0161344308732779,False,True,False,True
BR_IBRX100,WS:BVMF:PETR4,,BVMF,PETR4,PETROBRAS,PN EDJ N2,PREFERRED_SHARE,FAIL,B3_TYPE_PN_PREFERRED_SHARE_NOT_ALLOWED,PASS,PRIMARY_MIC_OFFICIAL_TICKER_STABLE_WSID_NO_ISIN_IN_MEMBERSHIP_SOURCE,PASS_OFFICIAL_B3_IBRX100,B3_OFFICIAL_INDEXPROXY_GETPORTFOLIODAY,31/08/26,2026-08-31,OFFICIAL_B3_HEADER_DATE_UNINTERPRETED,https://sistemaswebb3-listados.b3.com.br/indexProxy/indexCall/GetPortfolioDay,https://www.b3.com.br/lumis/portal/file/fileDownload.jsp?fileId=8AA8D0976133DB2C0161344308732779,False,False,False,False
BR_IBRX100,WS:BVMF:RECV3,,BVMF,RECV3,PETRORECSA,ON NM,ORDINARY_SHARE,PASS,B3_TYPE_ON_OFFICIAL_ORDINARY_SHARE,PASS,PRIMARY_MIC_OFFICIAL_TICKER_STABLE_WSID_NO_ISIN_IN_MEMBERSHIP_SOURCE,PASS_OFFICIAL_B3_IBRX100,B3_OFFICIAL_INDEXPROXY_GETPORTFOLIODAY,31/08/26,2026-08-31,OFFICIAL_B3_HEADER_DATE_UNINTERPRETED,https://sistemaswebb3-listados.b3.com.br/indexProxy/indexCall/GetPortfolioDay,https://www.b3.com.br/lumis/portal/file/fileDownload.jsp?fileId=8AA8D0976133DB2C0161344308732779,False,True,False,True
BR_IBRX100,WS:BVMF:AUAU3,,BVMF,AUAU3,PETZCOBASI,ON NM,ORDINARY_SHARE,PASS,B3_TYPE_ON_OFFICIAL_ORDINARY_SHARE,PASS,PRIMARY_MIC_OFFICIAL_TICKER_STABLE_WSID_NO_ISIN_IN_MEMBERSHIP_SOURCE,PASS_OFFICIAL_B3_IBRX100,B3_OFFICIAL_INDEXPROXY_GETPORTFOLIODAY,31/08/26,2026-08-31,OFFICIAL_B3_HEADER_DATE_UNINTERPRETED,https://sistemaswebb3-listados.b3.com.br/indexProxy/indexCall/GetPortfolioDay,https://www.b3.com.br/lumis/portal/file/fileDownload.jsp?fileId=8AA8D0976133DB2C0161344308732779,False,True,False,True
BR_IBRX100,WS:BVMF:PSSA3,,BVMF,PSSA3,PORTO SEGURO,ON NM,ORDINARY_SHARE,PASS,B3_TYPE_ON_OFFICIAL_ORDINARY_SHARE,PASS,PRIMARY_MIC_OFFICIAL_TICKER_STABLE_WSID_NO_ISIN_IN_MEMBERSHIP_SOURCE,PASS_OFFICIAL_B3_IBRX100,B3_OFFICIAL_INDEXPROXY_GETPORTFOLIODAY,31/08/26,2026-08-31,OFFICIAL_B3_HEADER_DATE_UNINTERPRETED,https://sistemaswebb3-listados.b3.com.br/indexProxy/indexCall/GetPortfolioDay,https://www.b3.com.br/lumis/portal/file/fileDownload.jsp?fileId=8AA8D0976133DB2C0161344308732779,False,True,False,True
BR_IBRX100,WS:BVMF:PRIO3,,BVMF,PRIO3,PRIO,ON NM,ORDINARY_SHARE,PASS,B3_TYPE_ON_OFFICIAL_ORDINARY_SHARE,PASS,PRIMARY_MIC_OFFICIAL_TICKER_STABLE_WSID_NO_ISIN_IN_MEMBERSHIP_SOURCE,PASS_OFFICIAL_B3_IBRX100,B3_OFFICIAL_INDEXPROXY_GETPORTFOLIODAY,31/08/26,2026-08-31,OFFICIAL_B3_HEADER_DATE_UNINTERPRETED,https://sistemaswebb3-listados.b3.com.br/indexProxy/indexCall/GetPortfolioDay,https://www.b3.com.br/lumis/portal/file/fileDownload.jsp?fileId=8AA8D0976133DB2C0161344308732779,False,True,False,True
BR_IBRX100,WS:BVMF:RADL3,,BVMF,RADL3,RAIADROGASIL,ON NM,ORDINARY_SHARE,PASS,B3_TYPE_ON_OFFICIAL_ORDINARY_SHARE,PASS,PRIMARY_MIC_OFFICIAL_TICKER_STABLE_WSID_NO_ISIN_IN_MEMBERSHIP_SOURCE,PASS_OFFICIAL_B3_IBRX100,B3_OFFICIAL_INDEXPROXY_GETPORTFOLIODAY,31/08/26,2026-08-31,OFFICIAL_B3_HEADER_DATE_UNINTERPRETED,https://sistemaswebb3-listados.b3.com.br/indexProxy/indexCall/GetPortfolioDay,https://www.b3.com.br/lumis/portal/file/fileDownload.jsp?fileId=8AA8D0976133DB2C0161344308732779,False,True,False,True
BR_IBRX100,WS:BVMF:RAPT4,,BVMF,RAPT4,RANDON PART,PN N1,PREFERRED_SHARE,FAIL,B3_TYPE_PN_PREFERRED_SHARE_NOT_ALLOWED,PASS,PRIMARY_MIC_OFFICIAL_TICKER_STABLE_WSID_NO_ISIN_IN_MEMBERSHIP_SOURCE,PASS_OFFICIAL_B3_IBRX100,B3_OFFICIAL_INDEXPROXY_GETPORTFOLIODAY,31/08/26,2026-08-31,OFFICIAL_B3_HEADER_DATE_UNINTERPRETED,https://sistemaswebb3-listados.b3.com.br/indexProxy/indexCall/GetPortfolioDay,https://www.b3.com.br/lumis/portal/file/fileDownload.jsp?fileId=8AA8D0976133DB2C0161344308732779,False,False,False,False
BR_IBRX100,WS:BVMF:RDOR3,,BVMF,RDOR3,REDE D OR,ON NM,ORDINARY_SHARE,PASS,B3_TYPE_ON_OFFICIAL_ORDINARY_SHARE,PASS,PRIMARY_MIC_OFFICIAL_TICKER_STABLE_WSID_NO_ISIN_IN_MEMBERSHIP_SOURCE,PASS_OFFICIAL_B3_IBRX100,B3_OFFICIAL_INDEXPROXY_GETPORTFOLIODAY,31/08/26,2026-08-31,OFFICIAL_B3_HEADER_DATE_UNINTERPRETED,https://sistemaswebb3-listados.b3.com.br/indexProxy/indexCall/GetPortfolioDay,https://www.b3.com.br/lumis/portal/file/fileDownload.jsp?fileId=8AA8D0976133DB2C0161344308732779,False,True,False,True
BR_IBRX100,WS:BVMF:RAIL3,,BVMF,RAIL3,RUMO S.A.,ON NM,ORDINARY_SHARE,PASS,B3_TYPE_ON_OFFICIAL_ORDINARY_SHARE,PASS,PRIMARY_MIC_OFFICIAL_TICKER_STABLE_WSID_NO_ISIN_IN_MEMBERSHIP_SOURCE,PASS_OFFICIAL_B3_IBRX100,B3_OFFICIAL_INDEXPROXY_GETPORTFOLIODAY,31/08/26,2026-08-31,OFFICIAL_B3_HEADER_DATE_UNINTERPRETED,https://sistemaswebb3-listados.b3.com.br/indexProxy/indexCall/GetPortfolioDay,https://www.b3.com.br/lumis/portal/file/fileDownload.jsp?fileId=8AA8D0976133DB2C0161344308732779,False,True,False,True
BR_IBRX100,WS:BVMF:SBSP3,,BVMF,SBSP3,SABESP,ON NM,ORDINARY_SHARE,PASS,B3_TYPE_ON_OFFICIAL_ORDINARY_SHARE,PASS,PRIMARY_MIC_OFFICIAL_TICKER_STABLE_WSID_NO_ISIN_IN_MEMBERSHIP_SOURCE,PASS_OFFICIAL_B3_IBRX100,B3_OFFICIAL_INDEXPROXY_GETPORTFOLIODAY,31/08/26,2026-08-31,OFFICIAL_B3_HEADER_DATE_UNINTERPRETED,https://sistemaswebb3-listados.b3.com.br/indexProxy/indexCall/GetPortfolioDay,https://www.b3.com.br/lumis/portal/file/fileDownload.jsp?fileId=8AA8D0976133DB2C0161344308732779,False,True,False,True
BR_IBRX100,WS:BVMF:SAPR11,,BVMF,SAPR11,SANEPAR,UNT N2,UNIT,FAIL,B3_TYPE_UNIT_NOT_ALLOWED,PASS,PRIMARY_MIC_OFFICIAL_TICKER_STABLE_WSID_NO_ISIN_IN_MEMBERSHIP_SOURCE,PASS_OFFICIAL_B3_IBRX100,B3_OFFICIAL_INDEXPROXY_GETPORTFOLIODAY,31/08/26,2026-08-31,OFFICIAL_B3_HEADER_DATE_UNINTERPRETED,https://sistemaswebb3-listados.b3.com.br/indexProxy/indexCall/GetPortfolioDay,https://www.b3.com.br/lumis/portal/file/fileDownload.jsp?fileId=8AA8D0976133DB2C0161344308732779,False,False,False,False
BR_IBRX100,WS:BVMF:SANB11,,BVMF,SANB11,SANTANDER BR,UNT,UNIT,FAIL,B3_TYPE_UNIT_NOT_ALLOWED,PASS,PRIMARY_MIC_OFFICIAL_TICKER_STABLE_WSID_NO_ISIN_IN_MEMBERSHIP_SOURCE,PASS_OFFICIAL_B3_IBRX100,B3_OFFICIAL_INDEXPROXY_GETPORTFOLIODAY,31/08/26,2026-08-31,OFFICIAL_B3_HEADER_DATE_UNINTERPRETED,https://sistemaswebb3-listados.b3.com.br/indexProxy/indexCall/GetPortfolioDay,https://www.b3.com.br/lumis/portal/file/fileDownload.jsp?fileId=8AA8D0976133DB2C0161344308732779,False,False,False,False
BR_IBRX100,WS:BVMF:SMTO3,,BVMF,SMTO3,SAO MARTINHO,ON NM,ORDINARY_SHARE,PASS,B3_TYPE_ON_OFFICIAL_ORDINARY_SHARE,PASS,PRIMARY_MIC_OFFICIAL_TICKER_STABLE_WSID_NO_ISIN_IN_MEMBERSHIP_SOURCE,PASS_OFFICIAL_B3_IBRX100,B3_OFFICIAL_INDEXPROXY_GETPORTFOLIODAY,31/08/26,2026-08-31,OFFICIAL_B3_HEADER_DATE_UNINTERPRETED,https://sistemaswebb3-listados.b3.com.br/indexProxy/indexCall/GetPortfolioDay,https://www.b3.com.br/lumis/portal/file/fileDownload.jsp?fileId=8AA8D0976133DB2C0161344308732779,False,True,False,True
BR_IBRX100,WS:BVMF:CSNA3,,BVMF,CSNA3,SID NACIONAL,ON,ORDINARY_SHARE,PASS,B3_TYPE_ON_OFFICIAL_ORDINARY_SHARE,PASS,PRIMARY_MIC_OFFICIAL_TICKER_STABLE_WSID_NO_ISIN_IN_MEMBERSHIP_SOURCE,PASS_OFFICIAL_B3_IBRX100,B3_OFFICIAL_INDEXPROXY_GETPORTFOLIODAY,31/08/26,2026-08-31,OFFICIAL_B3_HEADER_DATE_UNINTERPRETED,https://sistemaswebb3-listados.b3.com.br/indexProxy/indexCall/GetPortfolioDay,https://www.b3.com.br/lumis/portal/file/fileDownload.jsp?fileId=8AA8D0976133DB2C0161344308732779,False,True,False,True
BR_IBRX100,WS:BVMF:SIMH3,,BVMF,SIMH3,SIMPAR,ON NM,ORDINARY_SHARE,PASS,B3_TYPE_ON_OFFICIAL_ORDINARY_SHARE,PASS,PRIMARY_MIC_OFFICIAL_TICKER_STABLE_WSID_NO_ISIN_IN_MEMBERSHIP_SOURCE,PASS_OFFICIAL_B3_IBRX100,B3_OFFICIAL_INDEXPROXY_GETPORTFOLIODAY,31/08/26,2026-08-31,OFFICIAL_B3_HEADER_DATE_UNINTERPRETED,https://sistemaswebb3-listados.b3.com.br/indexProxy/indexCall/GetPortfolioDay,https://www.b3.com.br/lumis/portal/file/fileDownload.jsp?fileId=8AA8D0976133DB2C0161344308732779,False,True,False,True
BR_IBRX100,WS:BVMF:SLCE3,,BVMF,SLCE3,SLC AGRICOLA,ON NM,ORDINARY_SHARE,PASS,B3_TYPE_ON_OFFICIAL_ORDINARY_SHARE,PASS,PRIMARY_MIC_OFFICIAL_TICKER_STABLE_WSID_NO_ISIN_IN_MEMBERSHIP_SOURCE,PASS_OFFICIAL_B3_IBRX100,B3_OFFICIAL_INDEXPROXY_GETPORTFOLIODAY,31/08/26,2026-08-31,OFFICIAL_B3_HEADER_DATE_UNINTERPRETED,https://sistemaswebb3-listados.b3.com.br/indexProxy/indexCall/GetPortfolioDay,https://www.b3.com.br/lumis/portal/file/fileDownload.jsp?fileId=8AA8D0976133DB2C0161344308732779,False,True,False,True
BR_IBRX100,WS:BVMF:SMFT3,,BVMF,SMFT3,SMART FIT,ON NM,ORDINARY_SHARE,PASS,B3_TYPE_ON_OFFICIAL_ORDINARY_SHARE,PASS,PRIMARY_MIC_OFFICIAL_TICKER_STABLE_WSID_NO_ISIN_IN_MEMBERSHIP_SOURCE,PASS_OFFICIAL_B3_IBRX100,B3_OFFICIAL_INDEXPROXY_GETPORTFOLIODAY,31/08/26,2026-08-31,OFFICIAL_B3_HEADER_DATE_UNINTERPRETED,https://sistemaswebb3-listados.b3.com.br/indexProxy/indexCall/GetPortfolioDay,https://www.b3.com.br/lumis/portal/file/fileDownload.jsp?fileId=8AA8D0976133DB2C0161344308732779,False,True,False,True
BR_IBRX100,WS:BVMF:SUZB3,,BVMF,SUZB3,SUZANO S.A.,ON NM,ORDINARY_SHARE,PASS,B3_TYPE_ON_OFFICIAL_ORDINARY_SHARE,PASS,PRIMARY_MIC_OFFICIAL_TICKER_STABLE_WSID_NO_ISIN_IN_MEMBERSHIP_SOURCE,PASS_OFFICIAL_B3_IBRX100,B3_OFFICIAL_INDEXPROXY_GETPORTFOLIODAY,31/08/26,2026-08-31,OFFICIAL_B3_HEADER_DATE_UNINTERPRETED,https://sistemaswebb3-listados.b3.com.br/indexProxy/indexCall/GetPortfolioDay,https://www.b3.com.br/lumis/portal/file/fileDownload.jsp?fileId=8AA8D0976133DB2C0161344308732779,False,True,False,True
BR_IBRX100,WS:BVMF:TAEE11,,BVMF,TAEE11,TAESA,UNT N2,UNIT,FAIL,B3_TYPE_UNIT_NOT_ALLOWED,PASS,PRIMARY_MIC_OFFICIAL_TICKER_STABLE_WSID_NO_ISIN_IN_MEMBERSHIP_SOURCE,PASS_OFFICIAL_B3_IBRX100,B3_OFFICIAL_INDEXPROXY_GETPORTFOLIODAY,31/08/26,2026-08-31,OFFICIAL_B3_HEADER_DATE_UNINTERPRETED,https://sistemaswebb3-listados.b3.com.br/indexProxy/indexCall/GetPortfolioDay,https://www.b3.com.br/lumis/portal/file/fileDownload.jsp?fileId=8AA8D0976133DB2C0161344308732779,False,False,False,False
BR_IBRX100,WS:BVMF:VIVT3,,BVMF,VIVT3,TELEF BRASIL,ON EJ,ORDINARY_SHARE,PASS,B3_TYPE_ON_OFFICIAL_ORDINARY_SHARE,PASS,PRIMARY_MIC_OFFICIAL_TICKER_STABLE_WSID_NO_ISIN_IN_MEMBERSHIP_SOURCE,PASS_OFFICIAL_B3_IBRX100,B3_OFFICIAL_INDEXPROXY_GETPORTFOLIODAY,31/08/26,2026-08-31,OFFICIAL_B3_HEADER_DATE_UNINTERPRETED,https://sistemaswebb3-listados.b3.com.br/indexProxy/indexCall/GetPortfolioDay,https://www.b3.com.br/lumis/portal/file/fileDownload.jsp?fileId=8AA8D0976133DB2C0161344308732779,False,True,False,True
BR_IBRX100,WS:BVMF:TEND3,,BVMF,TEND3,TENDA,ON NM,ORDINARY_SHARE,PASS,B3_TYPE_ON_OFFICIAL_ORDINARY_SHARE,PASS,PRIMARY_MIC_OFFICIAL_TICKER_STABLE_WSID_NO_ISIN_IN_MEMBERSHIP_SOURCE,PASS_OFFICIAL_B3_IBRX100,B3_OFFICIAL_INDEXPROXY_GETPORTFOLIODAY,31/08/26,2026-08-31,OFFICIAL_B3_HEADER_DATE_UNINTERPRETED,https://sistemaswebb3-listados.b3.com.br/indexProxy/indexCall/GetPortfolioDay,https://www.b3.com.br/lumis/portal/file/fileDownload.jsp?fileId=8AA8D0976133DB2C0161344308732779,False,True,False,True
BR_IBRX100,WS:BVMF:TIMS3,,BVMF,TIMS3,TIM,ON NM,ORDINARY_SHARE,PASS,B3_TYPE_ON_OFFICIAL_ORDINARY_SHARE,PASS,PRIMARY_MIC_OFFICIAL_TICKER_STABLE_WSID_NO_ISIN_IN_MEMBERSHIP_SOURCE,PASS_OFFICIAL_B3_IBRX100,B3_OFFICIAL_INDEXPROXY_GETPORTFOLIODAY,31/08/26,2026-08-31,OFFICIAL_B3_HEADER_DATE_UNINTERPRETED,https://sistemaswebb3-listados.b3.com.br/indexProxy/indexCall/GetPortfolioDay,https://www.b3.com.br/lumis/portal/file/fileDownload.jsp?fileId=8AA8D0976133DB2C0161344308732779,False,True,False,True
BR_IBRX100,WS:BVMF:TOTS3,,BVMF,TOTS3,TOTVS,ON NM,ORDINARY_SHARE,PASS,B3_TYPE_ON_OFFICIAL_ORDINARY_SHARE,PASS,PRIMARY_MIC_OFFICIAL_TICKER_STABLE_WSID_NO_ISIN_IN_MEMBERSHIP_SOURCE,PASS_OFFICIAL_B3_IBRX100,B3_OFFICIAL_INDEXPROXY_GETPORTFOLIODAY,31/08/26,2026-08-31,OFFICIAL_B3_HEADER_DATE_UNINTERPRETED,https://sistemaswebb3-listados.b3.com.br/indexProxy/indexCall/GetPortfolioDay,https://www.b3.com.br/lumis/portal/file/fileDownload.jsp?fileId=8AA8D0976133DB2C0161344308732779,False,True,False,True
BR_IBRX100,WS:BVMF:UGPA3,,BVMF,UGPA3,ULTRAPAR,ON ED NM,ORDINARY_SHARE,PASS,B3_TYPE_ON_OFFICIAL_ORDINARY_SHARE,PASS,PRIMARY_MIC_OFFICIAL_TICKER_STABLE_WSID_NO_ISIN_IN_MEMBERSHIP_SOURCE,PASS_OFFICIAL_B3_IBRX100,B3_OFFICIAL_INDEXPROXY_GETPORTFOLIODAY,31/08/26,2026-08-31,OFFICIAL_B3_HEADER_DATE_UNINTERPRETED,https://sistemaswebb3-listados.b3.com.br/indexProxy/indexCall/GetPortfolioDay,https://www.b3.com.br/lumis/portal/file/fileDownload.jsp?fileId=8AA8D0976133DB2C0161344308732779,False,True,False,True
BR_IBRX100,WS:BVMF:USIM5,,BVMF,USIM5,USIMINAS,PNA N1,PREFERRED_SHARE,FAIL,B3_TYPE_PN_PREFERRED_SHARE_NOT_ALLOWED,PASS,PRIMARY_MIC_OFFICIAL_TICKER_STABLE_WSID_NO_ISIN_IN_MEMBERSHIP_SOURCE,PASS_OFFICIAL_B3_IBRX100,B3_OFFICIAL_INDEXPROXY_GETPORTFOLIODAY,31/08/26,2026-08-31,OFFICIAL_B3_HEADER_DATE_UNINTERPRETED,https://sistemaswebb3-listados.b3.com.br/indexProxy/indexCall/GetPortfolioDay,https://www.b3.com.br/lumis/portal/file/fileDownload.jsp?fileId=8AA8D0976133DB2C0161344308732779,False,False,False,False
BR_IBRX100,WS:BVMF:VALE3,,BVMF,VALE3,VALE,ON NM,ORDINARY_SHARE,PASS,B3_TYPE_ON_OFFICIAL_ORDINARY_SHARE,PASS,PRIMARY_MIC_OFFICIAL_TICKER_STABLE_WSID_NO_ISIN_IN_MEMBERSHIP_SOURCE,PASS_OFFICIAL_B3_IBRX100,B3_OFFICIAL_INDEXPROXY_GETPORTFOLIODAY,31/08/26,2026-08-31,OFFICIAL_B3_HEADER_DATE_UNINTERPRETED,https://sistemaswebb3-listados.b3.com.br/indexProxy/indexCall/GetPortfolioDay,https://www.b3.com.br/lumis/portal/file/fileDownload.jsp?fileId=8AA8D0976133DB2C0161344308732779,False,True,False,True
BR_IBRX100,WS:BVMF:VAMO3,,BVMF,VAMO3,VAMOS,ON NM,ORDINARY_SHARE,PASS,B3_TYPE_ON_OFFICIAL_ORDINARY_SHARE,PASS,PRIMARY_MIC_OFFICIAL_TICKER_STABLE_WSID_NO_ISIN_IN_MEMBERSHIP_SOURCE,PASS_OFFICIAL_B3_IBRX100,B3_OFFICIAL_INDEXPROXY_GETPORTFOLIODAY,31/08/26,2026-08-31,OFFICIAL_B3_HEADER_DATE_UNINTERPRETED,https://sistemaswebb3-listados.b3.com.br/indexProxy/indexCall/GetPortfolioDay,https://www.b3.com.br/lumis/portal/file/fileDownload.jsp?fileId=8AA8D0976133DB2C0161344308732779,False,True,False,True
BR_IBRX100,WS:BVMF:VBBR3,,BVMF,VBBR3,VIBRA,ON NM,ORDINARY_SHARE,PASS,B3_TYPE_ON_OFFICIAL_ORDINARY_SHARE,PASS,PRIMARY_MIC_OFFICIAL_TICKER_STABLE_WSID_NO_ISIN_IN_MEMBERSHIP_SOURCE,PASS_OFFICIAL_B3_IBRX100,B3_OFFICIAL_INDEXPROXY_GETPORTFOLIODAY,31/08/26,2026-08-31,OFFICIAL_B3_HEADER_DATE_UNINTERPRETED,https://sistemaswebb3-listados.b3.com.br/indexProxy/indexCall/GetPortfolioDay,https://www.b3.com.br/lumis/portal/file/fileDownload.jsp?fileId=8AA8D0976133DB2C0161344308732779,False,True,False,True
BR_IBRX100,WS:BVMF:VIVA3,,BVMF,VIVA3,VIVARA S.A.,ON NM,ORDINARY_SHARE,PASS,B3_TYPE_ON_OFFICIAL_ORDINARY_SHARE,PASS,PRIMARY_MIC_OFFICIAL_TICKER_STABLE_WSID_NO_ISIN_IN_MEMBERSHIP_SOURCE,PASS_OFFICIAL_B3_IBRX100,B3_OFFICIAL_INDEXPROXY_GETPORTFOLIODAY,31/08/26,2026-08-31,OFFICIAL_B3_HEADER_DATE_UNINTERPRETED,https://sistemaswebb3-listados.b3.com.br/indexProxy/indexCall/GetPortfolioDay,https://www.b3.com.br/lumis/portal/file/fileDownload.jsp?fileId=8AA8D0976133DB2C0161344308732779,False,True,False,True
BR_IBRX100,WS:BVMF:WEGE3,,BVMF,WEGE3,WEG,ON ATZ NM,ORDINARY_SHARE,PASS,B3_TYPE_ON_OFFICIAL_ORDINARY_SHARE,PASS,PRIMARY_MIC_OFFICIAL_TICKER_STABLE_WSID_NO_ISIN_IN_MEMBERSHIP_SOURCE,PASS_OFFICIAL_B3_IBRX100,B3_OFFICIAL_INDEXPROXY_GETPORTFOLIODAY,31/08/26,2026-08-31,OFFICIAL_B3_HEADER_DATE_UNINTERPRETED,https://sistemaswebb3-listados.b3.com.br/indexProxy/indexCall/GetPortfolioDay,https://www.b3.com.br/lumis/portal/file/fileDownload.jsp?fileId=8AA8D0976133DB2C0161344308732779,False,True,False,True
BR_IBRX100,WS:BVMF:YDUQ3,,BVMF,YDUQ3,YDUQS PART,ON NM,ORDINARY_SHARE,PASS,B3_TYPE_ON_OFFICIAL_ORDINARY_SHARE,PASS,PRIMARY_MIC_OFFICIAL_TICKER_STABLE_WSID_NO_ISIN_IN_MEMBERSHIP_SOURCE,PASS_OFFICIAL_B3_IBRX100,B3_OFFICIAL_INDEXPROXY_GETPORTFOLIODAY,31/08/26,2026-08-31,OFFICIAL_B3_HEADER_DATE_UNINTERPRETED,https://sistemaswebb3-listados.b3.com.br/indexProxy/indexCall/GetPortfolioDay,https://www.b3.com.br/lumis/portal/file/fileDownload.jsp?fileId=8AA8D0976133DB2C0161344308732779,False,True,False,True
