WS_ID,Yahoo_Symbol,Yahoo_Mapping_Status,Primary_Ticker,Primary_MIC,Primary_Currency
WS:XLON:LGEN.L,LGEN.L,DERIVED_RULE_NORMALIZED,LGEN.L,XLON,GBP
WS:XWAR:INGP.WA,INGP.WA,DERIVED_RULE_NORMALIZED,INGP.WA,XWAR,PLN
WS:XLON:INF.L,INF.L,DERIVED_RULE_NORMALIZED,INF.L,XLON,GBP
WS:XLON:NWG.L,NWG.L,DERIVED_RULE_NORMALIZED,NWG.L,XLON,GBP
WS:XSWX:VZN.S,VZN.SW,DERIVED_RULE_NORMALIZED,VZN.S,XSWX,CHF
WS:XCSE:ISS.CO,ISS.CO,DERIVED_RULE_NORMALIZED,ISS.CO,XCSE,DKK
WS:XETR:MRCG.DE,MRCG.DE,DERIVED_RULE_NORMALIZED,MRCG.DE,XETR,EUR
WS:XAMS:HEIN.AS,HEIN.AS,DERIVED_RULE_NORMALIZED,HEIN.AS,XAMS,EUR
WS:XLON:WISEA.L,WISEA.L,DERIVED_RULE_NORMALIZED,WISEa.L,XLON,GBP
WS:XLON:HLN.L,HLN.L,DERIVED_RULE_NORMALIZED,HLN.L,XLON,GBP
WS:XSWX:GF.S,GF.SW,DERIVED_RULE_NORMALIZED,GF.S,XSWX,CHF
WS:XMIL:TRN.MI,TRN.MI,DERIVED_RULE_NORMALIZED,TRN.MI,XMIL,EUR
WS:XAMS:WLSNC.AS,WLSNC.AS,DERIVED_RULE_NORMALIZED,WLSNc.AS,XAMS,EUR
WS:XSTO:SAVE.ST,SAVE.ST,DERIVED_RULE_NORMALIZED,SAVE.ST,XSTO,SEK
WS:XMIL:BMPS.MI,BMPS.MI,DERIVED_RULE_NORMALIZED,BMPS.MI,XMIL,EUR
WS:XHEL:STERV.HE,STERV.HE,DERIVED_RULE_NORMALIZED,STERV.HE,XHEL,EUR
WS:XBRU:SYENS.BR,SYENS.BR,DERIVED_RULE_NORMALIZED,SYENS.BR,XBRU,EUR
WS:XLON:LMPL.L,LMPL.L,DERIVED_RULE_NORMALIZED,LMPL.L,XLON,GBP
WS:XSTO:WIHL.ST,WIHL.ST,DERIVED_RULE_NORMALIZED,WIHL.ST,XSTO,SEK
WS:XWAR:PZU.WA,PZU.WA,DERIVED_RULE_NORMALIZED,PZU.WA,XWAR,PLN
WS:XAMS:AALB.AS,AALB.AS,DERIVED_RULE_NORMALIZED,AALB.AS,XAMS,EUR
WS:XLON:BAES.L,BAES.L,DERIVED_RULE_NORMALIZED,BAES.L,XLON,GBP
WS:XCSE:FLS.CO,FLS.CO,DERIVED_RULE_NORMALIZED,FLS.CO,XCSE,DKK
WS:XSTO:EQTAB.ST,EQTAB.ST,DERIVED_RULE_NORMALIZED,EQTAB.ST,XSTO,SEK
WS:XLON:CTEC.L,CTEC.L,DERIVED_RULE_NORMALIZED,CTEC.L,XLON,GBP
WS:XSTO:AXFO.ST,AXFO.ST,DERIVED_RULE_NORMALIZED,AXFO.ST,XSTO,SEK
WS:XCSE:RILBA.CO,RILBA.CO,DERIVED_RULE_NORMALIZED,RILBA.CO,XCSE,DKK
WS:XETR:P911_P.DE,P911_P.DE,DERIVED_RULE_NORMALIZED,P911_p.DE,XETR,EUR
WS:XSWX:KNIN.S,KNIN.SW,DERIVED_RULE_NORMALIZED,KNIN.S,XSWX,CHF
WS:XSWX:SCHP.S,SCHP.SW,DERIVED_RULE_NORMALIZED,SCHP.S,XSWX,CHF
WS:XTSE:ATRL,ATRL.TO,DERIVED_RULE,ATRL,XTSE,CAD
WS:XTSE:WCN,WCN.TO,DERIVED_RULE,WCN,XTSE,CAD
WS:XTSE:RCH,RCH.TO,DERIVED_RULE,RCH,XTSE,CAD
WS:XTSE:GFL,GFL.TO,DERIVED_RULE,GFL,XTSE,CAD
WS:XTSE:ONEX,ONEX.TO,DERIVED_RULE,ONEX,XTSE,CAD
WS:XTSE:SES,SES.TO,DERIVED_RULE,SES,XTSE,CAD
WS:XTSE:EDR,EDR.TO,DERIVED_RULE,EDR,XTSE,CAD
WS:XTSE:LB,LB.TO,DERIVED_RULE,LB,XTSE,CAD
WS:XTSE:SKE,SKE.TO,DERIVED_RULE,SKE,XTSE,CAD
WS:XTSE:CCA,CCA.TO,DERIVED_RULE,CCA,XTSE,CAD
WS:XTSE:TXG,TXG.TO,DERIVED_RULE,TXG,XTSE,CAD
WS:XTSE:MAU,MAU.TO,DERIVED_RULE,MAU,XTSE,CAD
WS:XTSE:TECK.B,TECK-B.TO,DERIVED_RULE_NORMALIZED,TECK.B,XTSE,CAD
WS:XTSE:NXE,NXE.TO,DERIVED_RULE,NXE,XTSE,CAD
WS:XTSE:MG,MG.TO,DERIVED_RULE,MG,XTSE,CAD
WS:XTSE:NTR,NTR.TO,DERIVED_RULE,NTR,XTSE,CAD
WS:XTSE:TSU,TSU.TO,DERIVED_RULE,TSU,XTSE,CAD
WS:XTSE:ABRA,ABRA.TO,DERIVED_RULE,ABRA,XTSE,CAD
WS:XTSE:BIR,BIR.TO,DERIVED_RULE,BIR,XTSE,CAD
WS:XTSE:ERO,ERO.TO,DERIVED_RULE,ERO,XTSE,CAD
WS:XTSE:BDT,BDT.TO,DERIVED_RULE,BDT,XTSE,CAD
WS:XTSE:SXGC,SXGC.TO,DERIVED_RULE,SXGC,XTSE,CAD
WS:XTSE:WSP,WSP.TO,DERIVED_RULE,WSP,XTSE,CAD
WS:XTSE:TOU,TOU.TO,DERIVED_RULE,TOU,XTSE,CAD
WS:XTSE:IAU,IAU.TO,DERIVED_RULE,IAU,XTSE,CAD
WS:XTSE:FTT,FTT.TO,DERIVED_RULE,FTT,XTSE,CAD
WS:XTSE:WCP,WCP.TO,DERIVED_RULE,WCP,XTSE,CAD
WS:XTSE:SOBO,SOBO.TO,DERIVED_RULE,SOBO,XTSE,CAD
WS:XTSE:EFX,EFX.TO,DERIVED_RULE,EFX,XTSE,CAD
WS:XTSE:CLS,CLS.TO,DERIVED_RULE,CLS,XTSE,CAD
WS:XTKS:6471,6471.T,DERIVED_RULE,6471,XTKS,JPY
WS:XTKS:1963,1963.T,DERIVED_RULE,1963,XTKS,JPY
WS:XTKS:6504,6504.T,DERIVED_RULE,6504,XTKS,JPY
WS:XTKS:5101,5101.T,DERIVED_RULE,5101,XTKS,JPY
WS:XTKS:6113,6113.T,DERIVED_RULE,6113,XTKS,JPY
WS:XTKS:6305,6305.T,DERIVED_RULE,6305,XTKS,JPY
WS:XTKS:2503,2503.T,DERIVED_RULE,2503,XTKS,JPY
WS:XTKS:4704,4704.T,DERIVED_RULE,4704,XTKS,JPY
WS:XTKS:7186,7186.T,DERIVED_RULE,7186,XTKS,JPY
WS:XTKS:9843,9843.T,DERIVED_RULE,9843,XTKS,JPY
WS:XTKS:8795,8795.T,DERIVED_RULE,8795,XTKS,JPY
WS:XTKS:3402,3402.T,DERIVED_RULE,3402,XTKS,JPY
WS:XTKS:9147,9147.T,DERIVED_RULE,9147,XTKS,JPY
WS:XTKS:9532,9532.T,DERIVED_RULE,9532,XTKS,JPY
WS:XTKS:9983,9983.T,DERIVED_RULE,9983,XTKS,JPY
WS:XTKS:7270,7270.T,DERIVED_RULE,7270,XTKS,JPY
WS:XTKS:4902,4902.T,DERIVED_RULE,4902,XTKS,JPY
WS:XTKS:3382,3382.T,DERIVED_RULE,3382,XTKS,JPY
WS:XTKS:4151,4151.T,DERIVED_RULE,4151,XTKS,JPY
WS:XTKS:7532,7532.T,DERIVED_RULE,7532,XTKS,JPY
WS:XTKS:7912,7912.T,DERIVED_RULE,7912,XTKS,JPY
WS:XTKS:5706,5706.T,DERIVED_RULE,5706,XTKS,JPY
WS:XTKS:8253,8253.T,DERIVED_RULE,8253,XTKS,JPY
WS:XTKS:8830,8830.T,DERIVED_RULE,8830,XTKS,JPY
WS:XTKS:5803,5803.T,DERIVED_RULE,5803,XTKS,JPY
WS:XTKS:5411,5411.T,DERIVED_RULE,5411,XTKS,JPY
WS:XTKS:3861,3861.T,DERIVED_RULE,3861,XTKS,JPY
WS:XTKS:8604,8604.T,DERIVED_RULE,8604,XTKS,JPY
WS:XTKS:6501,6501.T,DERIVED_RULE,6501,XTKS,JPY
WS:XTKS:5406,5406.T,DERIVED_RULE,5406,XTKS,JPY
WS:XHKG:941,0941.HK,DERIVED_RULE,941,XHKG,HKD
WS:XHKG:1928,1928.HK,DERIVED_RULE,1928,XHKG,HKD
WS:XHKG:6160,6160.HK,DERIVED_RULE,6160,XHKG,HKD
WS:XHKG:1099,1099.HK,DERIVED_RULE,1099,XHKG,HKD
WS:XHKG:669,0669.HK,DERIVED_RULE,669,XHKG,HKD
WS:XHKG:175,0175.HK,DERIVED_RULE,175,XHKG,HKD
WS:XHKG:2020,2020.HK,DERIVED_RULE,2020,XHKG,HKD
WS:XHKG:1044,1044.HK,DERIVED_RULE,1044,XHKG,HKD
WS:XHKG:868,0868.HK,DERIVED_RULE,868,XHKG,HKD
WS:XHKG:9633,9633.HK,DERIVED_RULE,9633,XHKG,HKD
WS:XHKG:960,0960.HK,DERIVED_RULE,960,XHKG,HKD
WS:XHKG:1398,1398.HK,DERIVED_RULE,1398,XHKG,HKD
WS:XHKG:241,0241.HK,DERIVED_RULE,241,XHKG,HKD
WS:XHKG:857,0857.HK,DERIVED_RULE,857,XHKG,HKD
WS:XHKG:16,0016.HK,DERIVED_RULE,16,XHKG,HKD
WS:XHKG:700,0700.HK,DERIVED_RULE,700,XHKG,HKD
WS:XHKG:388,0388.HK,DERIVED_RULE,388,XHKG,HKD
WS:XHKG:2382,2382.HK,DERIVED_RULE,2382,XHKG,HKD
WS:XHKG:288,0288.HK,DERIVED_RULE,288,XHKG,HKD
WS:XHKG:939,0939.HK,DERIVED_RULE,939,XHKG,HKD
WS:XHKG:3968,3968.HK,DERIVED_RULE,3968,XHKG,HKD
WS:XHKG:2359,2359.HK,DERIVED_RULE,2359,XHKG,HKD
WS:XHKG:1299,1299.HK,DERIVED_RULE,1299,XHKG,HKD
WS:XHKG:285,0285.HK,DERIVED_RULE,285,XHKG,HKD
WS:XHKG:300,0300.HK,DERIVED_RULE,300,XHKG,HKD
WS:XHKG:2313,2313.HK,DERIVED_RULE,2313,XHKG,HKD
WS:XHKG:1876,1876.HK,DERIVED_RULE,1876,XHKG,HKD
WS:XHKG:322,0322.HK,DERIVED_RULE,322,XHKG,HKD
WS:XHKG:6181,6181.HK,DERIVED_RULE,6181,XHKG,HKD
WS:XHKG:27,0027.HK,DERIVED_RULE,27,XHKG,HKD
WS:XSHE:300628,300628.SZ,DERIVED_RULE,300628,XSHE,CNY
WS:XSHG:600918,600918.SS,DERIVED_RULE,600918,XSHG,CNY
WS:XSHE:000657,000657.SZ,DERIVED_RULE,000657,XSHE,CNY
WS:XSHE:300408,300408.SZ,DERIVED_RULE,300408,XSHE,CNY
WS:XSHE:002625,002625.SZ,DERIVED_RULE,002625,XSHE,CNY
WS:XSHE:300033,300033.SZ,DERIVED_RULE,300033,XSHE,CNY
WS:XSHG:600150,600150.SS,DERIVED_RULE,600150,XSHG,CNY
WS:XSHG:601211,601211.SS,DERIVED_RULE,601211,XSHG,CNY
WS:XSHE:301165,301165.SZ,DERIVED_RULE,301165,XSHE,CNY
WS:XSHG:601006,601006.SS,DERIVED_RULE,601006,XSHG,CNY
WS:XSHE:300413,300413.SZ,DERIVED_RULE,300413,XSHE,CNY
WS:XSHG:600519,600519.SS,DERIVED_RULE,600519,XSHG,CNY
WS:XSHG:601878,601878.SS,DERIVED_RULE,601878,XSHG,CNY
WS:XSHG:600460,600460.SS,DERIVED_RULE,600460,XSHG,CNY
WS:XSHE:300433,300433.SZ,DERIVED_RULE,300433,XSHE,CNY
WS:XSHG:600066,600066.SS,DERIVED_RULE,600066,XSHG,CNY
WS:XSHE:000338,000338.SZ,DERIVED_RULE,000338,XSHE,CNY
WS:XSHG:600031,600031.SS,DERIVED_RULE,600031,XSHG,CNY
WS:XSHG:600016,600016.SS,DERIVED_RULE,600016,XSHG,CNY
WS:XSHE:000157,000157.SZ,DERIVED_RULE,000157,XSHE,CNY
WS:XSHG:603259,603259.SS,DERIVED_RULE,603259,XSHG,CNY
WS:XSHG:601689,601689.SS,DERIVED_RULE,601689,XSHG,CNY
WS:XSHG:601816,601816.SS,DERIVED_RULE,601816,XSHG,CNY
WS:XSHG:600436,600436.SS,DERIVED_RULE,600436,XSHG,CNY
WS:XSHE:300750,300750.SZ,DERIVED_RULE,300750,XSHE,CNY
WS:XSHG:600115,600115.SS,DERIVED_RULE,600115,XSHG,CNY
WS:XSHE:002027,002027.SZ,DERIVED_RULE,002027,XSHE,CNY
WS:XSHG:688111,688111.SS,DERIVED_RULE,688111,XSHG,CNY
WS:XSHG:601066,601066.SS,DERIVED_RULE,601066,XSHG,CNY
WS:XSHE:300476,300476.SZ,DERIVED_RULE,300476,XSHE,CNY
WS:ISIN:INE467B01029,TCS.NS,DERIVED_RULE,TCS,XNSE,INR
WS:ISIN:INE758T01015,ETERNAL.NS,DERIVED_RULE,ETERNAL,XNSE,INR
WS:ISIN:INE238A01034,AXISBANK.NS,DERIVED_RULE,AXISBANK,XNSE,INR
WS:ISIN:INE280A01028,TITAN.NS,DERIVED_RULE,TITAN,XNSE,INR
WS:ISIN:INE397D01024,BHARTIARTL.NS,DERIVED_RULE,BHARTIARTL,XNSE,INR
WS:ISIN:INE123W01016,SBILIFE.NS,DERIVED_RULE,SBILIFE,XNSE,INR
WS:ISIN:INE027H01010,MAXHEALTH.NS,DERIVED_RULE,MAXHEALTH,XNSE,INR
WS:ISIN:INE021A01026,ASIANPAINT.NS,DERIVED_RULE,ASIANPAINT,XNSE,INR
WS:ISIN:INE030A01027,HINDUNILVR.NS,DERIVED_RULE,HINDUNILVR,XNSE,INR
WS:ISIN:INE239A01024,NESTLEIND.NS,DERIVED_RULE,NESTLEIND,XNSE,INR
WS:ISIN:INE263A01024,BEL.NS,DERIVED_RULE,BEL,XNSE,INR
WS:ISIN:INE795G01014,HDFCLIFE.NS,DERIVED_RULE,HDFCLIFE,XNSE,INR
WS:ISIN:INE090A01021,ICICIBANK.NS,DERIVED_RULE,ICICIBANK,XNSE,INR
WS:ISIN:INE018A01030,LT.NS,DERIVED_RULE,LT,XNSE,INR
WS:ISIN:INE059A01026,CIPLA.NS,DERIVED_RULE,CIPLA,XNSE,INR
WS:ISIN:INE646L01027,INDIGO.NS,DERIVED_RULE,INDIGO,XNSE,INR
WS:ISIN:INE237A01036,KOTAKBANK.NS,DERIVED_RULE,KOTAKBANK,XNSE,INR
WS:ISIN:INE752E01010,POWERGRID.NS,DERIVED_RULE,POWERGRID,XNSE,INR
WS:ISIN:INE733E01010,NTPC.NS,DERIVED_RULE,NTPC,XNSE,INR
WS:ISIN:INE040A01034,HDFCBANK.NS,DERIVED_RULE,HDFCBANK,XNSE,INR
WS:ISIN:INE009A01021,INFY.NS,DERIVED_RULE,INFY,XNSE,INR
WS:ISIN:INE213A01029,ONGC.NS,DERIVED_RULE,ONGC,XNSE,INR
WS:ISIN:INE860A01027,HCLTECH.NS,DERIVED_RULE,HCLTECH,XNSE,INR
WS:ISIN:INE019A01038,JSWSTEEL.NS,DERIVED_RULE,JSWSTEEL,XNSE,INR
WS:ISIN:INE481G01011,ULTRACEMCO.NS,DERIVED_RULE,ULTRACEMCO,XNSE,INR
WS:ISIN:INE081A01020,TATASTEEL.NS,DERIVED_RULE,TATASTEEL,XNSE,INR
WS:ISIN:INE047A01021,GRASIM.NS,DERIVED_RULE,GRASIM,XNSE,INR
WS:ISIN:INE721A01047,SHRIRAMFIN.NS,DERIVED_RULE,SHRIRAMFIN,XNSE,INR
WS:ISIN:INE585B01010,MARUTI.NS,DERIVED_RULE,MARUTI,XNSE,INR
WS:ISIN:INE101A01026,M&M.NS,DERIVED_RULE,M&M,XNSE,INR
WS:ISIN:TW0006505001,6505.TW,DERIVED_RULE,6505,XTAI,TWD
WS:ISIN:TW0002301009,2301.TW,DERIVED_RULE,2301,XTAI,TWD
WS:XTAI:3711,3711.TW,DERIVED_RULE,3711,XTAI,TWD
WS:ISIN:TW0002884004,2884.TW,DERIVED_RULE,2884,XTAI,TWD
WS:ISIN:TW0003008009,3008.TW,DERIVED_RULE,3008,XTAI,TWD
WS:ISIN:TW0002308004,2308.TW,DERIVED_RULE,2308,XTAI,TWD
WS:ISIN:TW0002449006,2449.TW,DERIVED_RULE,2449,XTAI,TWD
WS:ISIN:TW0002360005,2360.TW,DERIVED_RULE,2360,XTAI,TWD
WS:ISIN:TW0002059003,2059.TW,DERIVED_RULE,2059,XTAI,TWD
WS:ISIN:TW0002382009,2382.TW,DERIVED_RULE,2382,XTAI,TWD
WS:ISIN:KYG022421088,3661.TW,DERIVED_RULE,3661,XTAI,TWD
WS:ISIN:TW0002454006,2454.TW,DERIVED_RULE,2454,XTAI,TWD
WS:ISIN:TW0003037008,3037.TW,DERIVED_RULE,3037,XTAI,TWD
WS:ISIN:TW0002368008,2368.TW,DERIVED_RULE,2368,XTAI,TWD
WS:ISIN:TW0002327004,2327.TW,DERIVED_RULE,2327,XTAI,TWD
WS:ISIN:TW0002317005,2317.TW,DERIVED_RULE,2317,XTAI,TWD
WS:ISIN:TW0002882008,2882.TW,DERIVED_RULE,2882,XTAI,TWD
WS:ISIN:KYG114741062,3665.TW,DERIVED_RULE,3665,XTAI,TWD
WS:ISIN:TW0003231007,3231.TW,DERIVED_RULE,3231,XTAI,TWD
WS:ISIN:TW0002344009,2344.TW,DERIVED_RULE,2344,XTAI,TWD
WS:ISIN:TW0002345006,2345.TW,DERIVED_RULE,2345,XTAI,TWD
WS:ISIN:TW0002357001,2357.TW,DERIVED_RULE,2357,XTAI,TWD
WS:ISIN:TW0003045001,3045.TW,DERIVED_RULE,3045,XTAI,TWD
WS:ISIN:TW0002886009,2886.TW,DERIVED_RULE,2886,XTAI,TWD
WS:ISIN:KYG989221000,4958.TW,DERIVED_RULE,4958,XTAI,TWD
WS:ISIN:TW0002891009,2891.TW,DERIVED_RULE,2891,XTAI,TWD
WS:ISIN:TW0001303006,1303.TW,DERIVED_RULE,1303,XTAI,TWD
WS:ISIN:TW0002887007,2887.TW,DERIVED_RULE,2887,XTAI,TWD
WS:ISIN:TW0002892007,2892.TW,DERIVED_RULE,2892,XTAI,TWD
WS:ISIN:TW0002880002,2880.TW,DERIVED_RULE,2880,XTAI,TWD
