Field,Rows_Present,Rows_Missing,Coverage_Pct,Min,P05,P25,Median,P75,P95,Max
Close_Tech,2037,0,100.0,1.2699999809265137,8.760000228881836,34.61000061035156,85.88999938964844,259.82000732421875,4899.599999999999,470258.0
EMA20,2037,0,100.0,1.2241712244329475,8.851258480509463,34.41577893811309,86.95036565418188,257.1224706527975,4846.645799982223,474762.9853318175
EMA50,2037,0,100.0,1.3661434733007947,8.97999404786594,34.27499668066353,85.69314638358615,252.1280989443239,4721.849732098161,468260.70872937446
SMA200,2037,0,100.0,1.563500006198883,9.159220035552979,33.585899934768676,81.38940006256104,234.18130012512208,4271.906999999994,438014.265
ATR14_Wilder_DEV,2037,0,100.0,0.024607319528614197,0.24182363917385097,1.088525602250755,2.8315714411725574,9.000309461893577,162.0725369057968,9405.773987303544
R5,2037,0,100.0,-0.23420778670854558,-0.09938039688154189,-0.04146337605600536,-0.0134529018534425,0.014637344199954105,0.0722034358107467,0.8981714347388137
R20,2037,0,100.0,-0.40841712272057196,-0.14209211329006713,-0.04601812851351905,0.009331235400655169,0.08211145554013011,0.2610093235305459,3.0099342585829074
R60,2037,0,100.0,-0.6775073297790677,-0.23163423127400465,-0.06293706652450304,0.03560437212933554,0.14967616720194576,0.4183050699411977,8.400723026451198
High20,2037,0,100.0,1.340000033378601,9.319999885559083,37.33000183105469,93.91000366210938,280.1099853515625,5395.799999999981,491185.0
High60,2037,0,100.0,1.600000023841858,9.864000320434572,38.900001525878906,96.8499984741211,299.32000732421875,5582.399999999991,491185.0
High252,2037,0,100.0,1.9299999475479126,12.488000106811525,43.470001220703125,108.56999969482422,326.6300048828125,5930.199999999998,491185.0
Low20,2037,0,100.0,0.9399999976158142,8.268000411987305,31.649999618530273,79.31999969482422,235.25999450683594,4329.799999999994,452501.0
Low60,2037,0,100.0,0.9399999976158142,7.796000194549561,29.219999313354492,73.91999816894531,215.77999877929688,3936.560009765619,428527.0
Dist_EMA20,2037,0,100.0,-0.2505096245019436,-0.07476830619682281,-0.02879299084282838,-0.004595178107151154,0.02623876278551407,0.08885935836373271,0.7870042348198756
Dist_EMA50,2037,0,100.0,-0.36037289979336196,-0.11111387817494574,-0.03824207768104826,0.003080634864875087,0.055304313256288706,0.16561480825502997,0.9250406292265587
Dist_SMA200,2037,0,100.0,-0.6038540619792825,-0.21059511345397777,-0.049985435519485866,0.04963560911376952,0.160710715371567,0.43255683670623796,3.1189942706820935
Dist_High252,2037,0,100.0,-0.827049665566661,-0.4861326751987821,-0.29149648319762567,-0.1620543505360259,-0.08421264378137239,-0.02186241818422008,-0.00024168048806738618
Range20_Pct,2037,0,100.0,0.008205410794190612,0.06809335118843989,0.10683069165439558,0.15117578995306538,0.2262903028918851,0.3756210430961816,0.9606264364319115
MedianVolume20_Tech,2037,0,100.0,25450.0,299310.0,881171.5,2264400.0,7841665.5,68821237.99999978,1737671412.5
MedianTurnover20_Native,2037,0,100.0,17325390.740299225,25706387.10918427,67622923.24256897,222155428.78917217,1209710501.3226929,17457770924.99997,2413868833500.0
RVOL20_Current,2037,0,100.0,0.0,0.516831026723137,0.7001618981538168,0.8758702246902155,1.099700989535602,1.754372761190775,8.36717482971132
TrueRange_Current,2037,0,100.0,0.0,0.1700000762939453,0.8649978637695312,2.3499984741210938,7.079986572265625,128.0,14269.0
TrueRange_ATR14_Ratio,2037,0,100.0,0.0,0.43774465639105214,0.6086330041115009,0.7502612728366478,0.9606176747545688,1.4822879912911497,10.974067435786559
Range_Current_Pct,2037,0,100.0,0.0,0.010743400147281364,0.01728724930460719,0.02371364653243848,0.03306966854915077,0.05537448399775828,0.20622567515829557
Close_Location_0_1,2036,1,99.9509,0.0,0.04121747206498848,0.2621782187425603,0.532846054785064,0.7927898806665754,0.9671303289855417,1.0
Gap_Pct,2037,0,100.0,-0.10128844380219171,-0.012565921345412966,-0.0013079566328692005,0.0028495702545241475,0.007831944185099138,0.015845722353227076,1.0160404350922785
Range5_Pct,2037,0,100.0,0.0034345073135548386,0.026944690841043912,0.04657529683112323,0.06470585549849157,0.09575015606180855,0.17830094370049196,0.5289513428940174
Range10_Pct,2037,0,100.0,0.004552713328418508,0.03956195247324848,0.06284038484082917,0.08858447488584476,0.1329145728643216,0.22556753283199243,0.5289513428940174
Range20_Pct,2037,0,100.0,0.008205410794190612,0.06809335118843989,0.10683069165439558,0.15117578995306538,0.2262903028918851,0.3756210430961816,0.9606264364319115
Range5_to_Range20,2037,0,100.0,0.01472750381891105,0.20456038559646164,0.3333333333333333,0.4458906038770915,0.58048075712288,0.8403058978914093,1.0
TR_Mean5,2037,0,100.0,0.02200007438659668,0.21652006149291994,0.9660003662109375,2.5779983520507814,8.363998413085938,144.35999999999967,10492.8
TR_Mean20,2037,0,100.0,0.022500002384185792,0.23390010833740238,1.1005001068115234,2.9904998779296874,9.313002014160157,170.4249999999994,9140.15
TR_Mean5_to_20,2037,0,100.0,0.1099092501023646,0.6391637494697365,0.7697318967677274,0.8717795787320983,0.9931770987837437,1.2373262428725185,3.1550026898293875
EMA20_Slope5_Pct,2037,0,100.0,-0.1132300678169772,-0.03286520669355177,-0.011892566731299015,-0.001571265750721973,0.012084461460489138,0.044050600082175505,0.15237952881500894
EMA50_Slope10_Pct,2037,0,100.0,-0.12466234778007135,-0.038067646928042494,-0.01033932765039558,0.0055482254448528945,0.024340175235800787,0.06781249955277899,0.525768298077196
Consecutive_Close_Above_EMA20,2037,0,100.0,0.0,0.0,0.0,0.0,7.0,27.0,94.0
Consecutive_Close_Above_EMA50,2037,0,100.0,0.0,0.0,0.0,1.0,20.0,60.19999999999982,199.0
Consecutive_Close_Above_SMA200,2037,0,100.0,0.0,0.0,0.0,17.0,94.0,130.0,135.0
Days_Since_Cross_Above_EMA20,2037,0,100.0,0.0,0.0,4.0,11.0,19.0,40.19999999999982,120.0
Days_Since_Cross_Below_EMA20,2037,0,100.0,0.0,1.0,3.0,7.0,16.0,36.0,114.0
Days_Since_Cross_Above_EMA50,2037,0,100.0,0.0,1.0,7.0,17.0,37.0,82.19999999999982,244.0
Days_Since_Cross_Below_EMA50,2037,0,100.0,0.0,1.0,4.0,14.0,34.0,81.19999999999982,215.0
RecentLow10_vs_Prior10_Pct,2037,0,100.0,-0.21504353716399727,-0.06444787035625366,-0.01334427184578979,0.020038334204565356,0.07443034497997436,0.20770207782444458,2.996388805296419
Distance_Low20_ATR,2037,0,100.0,0.0,0.18774274328539636,0.855387825957612,1.9023360877986404,3.4494613110524805,5.986348633382354,21.87638982976054
Distance_Low60_ATR,2037,0,100.0,0.007286995465987035,0.4431042841523851,2.1024790805574174,3.983789464011813,6.441240660246845,10.175497022600606,54.04402362226892
Distance_High20_ATR,2037,0,100.0,0.0,0.24952109461444236,1.2411198364272675,2.361996542630862,3.6235584225912385,5.825057989937045,11.293962762688007
Max_Daily_Return5,2037,0,100.0,-0.007961619601067338,0.0011268228791146311,0.01014202687137078,0.01935077759577397,0.03294892874566657,0.07056314018615695,0.9862511805107079
Min_Daily_Return5,2037,0,100.0,-0.19377529727081355,-0.07678371809864093,-0.03833939672399267,-0.024709491765268266,-0.014913779234551394,-0.00476773119246359,0.0181028234904963
Max_Daily_Return20,2037,0,100.0,0.002711064897427118,0.01574360643410566,0.029255313077842793,0.04597478814249589,0.07090094830608296,0.14577691184134825,2.909967845659164
Min_Daily_Return20,2037,0,100.0,-0.349991931512315,-0.12312181643443443,-0.06314036944777213,-0.04046992965954366,-0.02819894378089538,-0.017224405678385173,-0.0014770682530059753
Max_TR_Preceding_ATR14_20,2037,0,100.0,0.30063180548518137,1.3069610958091762,1.742549169466257,2.1629935458401772,2.9061315076404464,5.010310995973466,124.77531852945476
Max_Volume_PrecedingMedian20_20,2037,0,100.0,0.8809364514281349,1.273852180727752,1.6624280741635291,2.129842647036595,2.8346887126708284,4.930107459040624,39.16291668749063
Impulse_Return20_Max,2037,0,100.0,0.002711064897427118,0.01574360643410566,0.029255313077842793,0.04597478814249589,0.07090094830608296,0.14577691184134825,2.909967845659164
Impulse_Days_Ago,2037,0,100.0,0.0,1.0,8.0,13.0,16.0,19.0,19.0
PostImpulse_Min_vs_ImpulseClose,2037,0,100.0,-0.4590996963567425,-0.14707154004672418,-0.07136294027565082,-0.037037089364844955,-0.01132075471698113,0.0,0.0
PostImpulse_Latest_vs_ImpulseClose,2037,0,100.0,-0.4590996963567425,-0.12759384476236416,-0.054846976633520006,-0.01971091888774512,0.011673171965421059,0.09938702307503229,0.5500868558193399
PostImpulse_Range_Pct,2037,0,100.0,0.004126589605930737,0.037803446468866096,0.07125263898662913,0.10475901752045294,0.1547508836768863,0.2737961915896669,0.8013896931094383
ReturnStd5,2037,0,100.0,0.0011583240611431672,0.006155738190551239,0.011823164703056447,0.01891494713795071,0.02795386208616053,0.050535349368262365,0.44616429937867735
ReturnStd20,2037,0,100.0,0.001351049351467963,0.009813909510919903,0.01591215276659358,0.0228238771546295,0.03287504487756024,0.057810493552805355,0.6505086565261389
ReturnStd5_to_20,2037,0,100.0,0.02179298961348599,0.3599871811140917,0.6237610196004262,0.833734851307638,1.0689495914564502,1.4139832203421212,2.044707242411163
AsOf_Age_Calendar_Days,2037,0,100.0,0.0,0.0,0.0,0.0,0.0,0.0,1.0
