Source_ID,Coverage_Route,Candidate_URL,Candidate_Host,Followed_In_v0_25,Materialization_Priority_Score_v0_26,Priority_Reasons_v0_26,Candidate_Host_v0_26,Fetched_In_v0_26,Validation_Status_v0_26
EU_VIENNA_COMPANIES,EU_PRIMARY_EXCHANGES,https://www.wienerborse.at/en/listing/debt-securities/downloads/,www.wienerborse.at,False,8,DOWNLOAD_TERM;SECURITY_TERM;LIST_TERM,www.wienerborse.at,False,CANDIDATE_ONLY_NOT_VALIDATED_AS_BULK_SECURITY_TYPE_SOURCE
EU_XETRA_SHARES,EU_PRIMARY_EXCHANGES,https://www.cashmarket.deutsche-boerse.com/cash-en/trading/Tradable-Instruments-Xetra/Downloads,www.cashmarket.deutsche-boerse.com,False,7,DOWNLOAD_TERM;SECURITY_TERM,www.cashmarket.deutsche-boerse.com,False,CANDIDATE_ONLY_NOT_VALIDATED_AS_BULK_SECURITY_TYPE_SOURCE
EU_SIX_EQUITIES,EU_PRIMARY_EXCHANGES,https://www.six-group.com/dam/download/the-swiss-stock-exchange/trading/markets/equities/auction-volume-discovery-en.pdf,www.six-group.com,False,6,DOWNLOAD_TERM;EQUITY_TERM,www.six-group.com,False,CANDIDATE_ONLY_NOT_VALIDATED_AS_BULK_SECURITY_TYPE_SOURCE
EU_SIX_EQUITIES,EU_PRIMARY_EXCHANGES,https://www.six-group.com/dam/download/the-swiss-stock-exchange/trading/markets/equities/avd-insight-ssx.pdf,www.six-group.com,False,6,DOWNLOAD_TERM;EQUITY_TERM,www.six-group.com,False,CANDIDATE_ONLY_NOT_VALIDATED_AS_BULK_SECURITY_TYPE_SOURCE
EU_SIX_EQUITIES,EU_PRIMARY_EXCHANGES,https://www.six-group.com/dam/download/the-swiss-stock-exchange/trading/trading-provisions/regulation/trading-guides/product-guide-equities.pdf,www.six-group.com,False,6,DOWNLOAD_TERM;EQUITY_TERM,www.six-group.com,False,CANDIDATE_ONLY_NOT_VALIDATED_AS_BULK_SECURITY_TYPE_SOURCE
BMV_LISTED_COMPANIES,MX_IPC,https://www.bmv.com.mx/es/Grupo_BMV/Empresas_listadas/_rid/451/_mto/3/_act/download/doc/Codigo_de_Principios_y_Mejores_Practicas_en_Gobienro_Corporativo_CCE__11-02-25_.pdf,www.bmv.com.mx,False,5,DOWNLOAD_TERM;LIST_TERM,www.bmv.com.mx,False,CANDIDATE_ONLY_NOT_VALIDATED_AS_BULK_SECURITY_TYPE_SOURCE
EU_SIX_EQUITIES,EU_PRIMARY_EXCHANGES,https://www.six-group.com/en/products-services/the-swiss-stock-exchange/listing/download-center.html,www.six-group.com,False,5,DOWNLOAD_TERM;LIST_TERM,www.six-group.com,False,CANDIDATE_ONLY_NOT_VALIDATED_AS_BULK_SECURITY_TYPE_SOURCE
EU_SIX_EQUITIES,EU_PRIMARY_EXCHANGES,https://www.six-group.com/en/products-services/the-swiss-stock-exchange/trading/download-center.html,www.six-group.com,False,4,DOWNLOAD_TERM,www.six-group.com,False,CANDIDATE_ONLY_NOT_VALIDATED_AS_BULK_SECURITY_TYPE_SOURCE
EU_VIENNA_COMPANIES,EU_PRIMARY_EXCHANGES,https://www.wienerborse.at/en/indices/download-area/index-compositions/,www.wienerborse.at,False,4,DOWNLOAD_TERM,www.wienerborse.at,False,CANDIDATE_ONLY_NOT_VALIDATED_AS_BULK_SECURITY_TYPE_SOURCE
EU_VIENNA_COMPANIES,EU_PRIMARY_EXCHANGES,https://www.wienerborse.at/en/indices/download-area/index-profiles/,www.wienerborse.at,False,4,DOWNLOAD_TERM,www.wienerborse.at,False,CANDIDATE_ONLY_NOT_VALIDATED_AS_BULK_SECURITY_TYPE_SOURCE
EU_VIENNA_COMPANIES,EU_PRIMARY_EXCHANGES,https://www.wienerborse.at/en/indices/download-area/index-rules/,www.wienerborse.at,False,4,DOWNLOAD_TERM,www.wienerborse.at,False,CANDIDATE_ONLY_NOT_VALIDATED_AS_BULK_SECURITY_TYPE_SOURCE
EU_VIENNA_COMPANIES,EU_PRIMARY_EXCHANGES,https://www.wienerborse.at/en/indices/download-area/index-statistics/,www.wienerborse.at,False,4,DOWNLOAD_TERM,www.wienerborse.at,False,CANDIDATE_ONLY_NOT_VALIDATED_AS_BULK_SECURITY_TYPE_SOURCE
EU_VIENNA_COMPANIES,EU_PRIMARY_EXCHANGES,https://www.wienerborse.at/en/indices/download-area/regulations/,www.wienerborse.at,False,4,DOWNLOAD_TERM,www.wienerborse.at,False,CANDIDATE_ONLY_NOT_VALIDATED_AS_BULK_SECURITY_TYPE_SOURCE
EU_VIENNA_COMPANIES,EU_PRIMARY_EXCHANGES,https://www.wienerborse.at/en/indices/download-area/sector-classification/,www.wienerborse.at,False,4,DOWNLOAD_TERM,www.wienerborse.at,False,CANDIDATE_ONLY_NOT_VALIDATED_AS_BULK_SECURITY_TYPE_SOURCE
EU_VIENNA_COMPANIES,EU_PRIMARY_EXCHANGES,https://www.wienerborse.at/en/listing/debt-securities/,www.wienerborse.at,False,4,SECURITY_TERM;LIST_TERM,www.wienerborse.at,False,CANDIDATE_ONLY_NOT_VALIDATED_AS_BULK_SECURITY_TYPE_SOURCE
EU_VIENNA_COMPANIES,EU_PRIMARY_EXCHANGES,https://www.wienerborse.at/en/listing/debt-securities/contact/,www.wienerborse.at,False,4,SECURITY_TERM;LIST_TERM,www.wienerborse.at,False,CANDIDATE_ONLY_NOT_VALIDATED_AS_BULK_SECURITY_TYPE_SOURCE
EU_VIENNA_COMPANIES,EU_PRIMARY_EXCHANGES,https://www.wienerborse.at/en/listing/debt-securities/listed/,www.wienerborse.at,False,4,SECURITY_TERM;LIST_TERM,www.wienerborse.at,False,CANDIDATE_ONLY_NOT_VALIDATED_AS_BULK_SECURITY_TYPE_SOURCE
EU_VIENNA_COMPANIES,EU_PRIMARY_EXCHANGES,https://www.wienerborse.at/en/listing/debt-securities/listed/new-and-existing/,www.wienerborse.at,False,4,SECURITY_TERM;LIST_TERM,www.wienerborse.at,False,CANDIDATE_ONLY_NOT_VALIDATED_AS_BULK_SECURITY_TYPE_SOURCE
EU_VIENNA_COMPANIES,EU_PRIMARY_EXCHANGES,https://www.wienerborse.at/en/listing/debt-securities/listed/prospectus/,www.wienerborse.at,False,4,SECURITY_TERM;LIST_TERM,www.wienerborse.at,False,CANDIDATE_ONLY_NOT_VALIDATED_AS_BULK_SECURITY_TYPE_SOURCE
EU_VIENNA_COMPANIES,EU_PRIMARY_EXCHANGES,https://www.wienerborse.at/en/listing/debt-securities/qualified-investor-segment/,www.wienerborse.at,False,4,SECURITY_TERM;LIST_TERM,www.wienerborse.at,False,CANDIDATE_ONLY_NOT_VALIDATED_AS_BULK_SECURITY_TYPE_SOURCE
EU_VIENNA_COMPANIES,EU_PRIMARY_EXCHANGES,https://www.wienerborse.at/en/listing/debt-securities/regulated-market/,www.wienerborse.at,False,4,SECURITY_TERM;LIST_TERM,www.wienerborse.at,False,CANDIDATE_ONLY_NOT_VALIDATED_AS_BULK_SECURITY_TYPE_SOURCE
EU_VIENNA_COMPANIES,EU_PRIMARY_EXCHANGES,https://www.wienerborse.at/en/listing/debt-securities/vienna-esg-segment/,www.wienerborse.at,False,4,SECURITY_TERM;LIST_TERM,www.wienerborse.at,False,CANDIDATE_ONLY_NOT_VALIDATED_AS_BULK_SECURITY_TYPE_SOURCE
EU_VIENNA_COMPANIES,EU_PRIMARY_EXCHANGES,https://www.wienerborse.at/en/listing/debt-securities/vienna-mtf/,www.wienerborse.at,False,4,SECURITY_TERM;LIST_TERM,www.wienerborse.at,False,CANDIDATE_ONLY_NOT_VALIDATED_AS_BULK_SECURITY_TYPE_SOURCE
BMV_LISTED_COMPANIES,MX_IPC,https://www.bmv.com.mx/es/mercados/instrumentos,www.bmv.com.mx,False,3,SECURITY_TERM,www.bmv.com.mx,False,CANDIDATE_ONLY_NOT_VALIDATED_AS_BULK_SECURITY_TYPE_SOURCE
BMV_LISTED_COMPANIES,MX_IPC,https://www.bmv.com.mx/es/mi-empresa-en-bolsa/instrumentos-disponibles,www.bmv.com.mx,False,3,SECURITY_TERM,www.bmv.com.mx,False,CANDIDATE_ONLY_NOT_VALIDATED_AS_BULK_SECURITY_TYPE_SOURCE
EU_EURONEXT_EQUITIES,EU_PRIMARY_EXCHANGES,https://live.euronext.com/de/products/equities/list,live.euronext.com,False,3,EQUITY_TERM;LIST_TERM,live.euronext.com,False,CANDIDATE_ONLY_NOT_VALIDATED_AS_BULK_SECURITY_TYPE_SOURCE
EU_EURONEXT_EQUITIES,EU_PRIMARY_EXCHANGES,https://live.euronext.com/el/products/equities/list,live.euronext.com,False,3,EQUITY_TERM;LIST_TERM,live.euronext.com,False,CANDIDATE_ONLY_NOT_VALIDATED_AS_BULK_SECURITY_TYPE_SOURCE
EU_EURONEXT_EQUITIES,EU_PRIMARY_EXCHANGES,https://live.euronext.com/en/markets/amsterdam/equities/list,live.euronext.com,False,3,EQUITY_TERM;LIST_TERM,live.euronext.com,False,CANDIDATE_ONLY_NOT_VALIDATED_AS_BULK_SECURITY_TYPE_SOURCE
EU_EURONEXT_EQUITIES,EU_PRIMARY_EXCHANGES,https://live.euronext.com/en/markets/brussels/equities/list,live.euronext.com,False,3,EQUITY_TERM;LIST_TERM,live.euronext.com,False,CANDIDATE_ONLY_NOT_VALIDATED_AS_BULK_SECURITY_TYPE_SOURCE
EU_EURONEXT_EQUITIES,EU_PRIMARY_EXCHANGES,https://live.euronext.com/en/markets/dublin/equities/list,live.euronext.com,False,3,EQUITY_TERM;LIST_TERM,live.euronext.com,False,CANDIDATE_ONLY_NOT_VALIDATED_AS_BULK_SECURITY_TYPE_SOURCE
EU_EURONEXT_EQUITIES,EU_PRIMARY_EXCHANGES,https://live.euronext.com/en/markets/lisbon/equities/list,live.euronext.com,False,3,EQUITY_TERM;LIST_TERM,live.euronext.com,False,CANDIDATE_ONLY_NOT_VALIDATED_AS_BULK_SECURITY_TYPE_SOURCE
EU_EURONEXT_EQUITIES,EU_PRIMARY_EXCHANGES,https://live.euronext.com/en/markets/milan/equities/list,live.euronext.com,False,3,EQUITY_TERM;LIST_TERM,live.euronext.com,False,CANDIDATE_ONLY_NOT_VALIDATED_AS_BULK_SECURITY_TYPE_SOURCE
EU_EURONEXT_EQUITIES,EU_PRIMARY_EXCHANGES,https://live.euronext.com/en/products/equities/list,live.euronext.com,False,3,EQUITY_TERM;LIST_TERM,live.euronext.com,False,CANDIDATE_ONLY_NOT_VALIDATED_AS_BULK_SECURITY_TYPE_SOURCE
EU_EURONEXT_EQUITIES,EU_PRIMARY_EXCHANGES,https://live.euronext.com/en/products/equities/list#main-content,live.euronext.com,False,3,EQUITY_TERM;LIST_TERM,live.euronext.com,False,CANDIDATE_ONLY_NOT_VALIDATED_AS_BULK_SECURITY_TYPE_SOURCE
EU_EURONEXT_EQUITIES,EU_PRIMARY_EXCHANGES,https://live.euronext.com/en/products/equities/list#mobile-search-menu,live.euronext.com,False,3,EQUITY_TERM;LIST_TERM,live.euronext.com,False,CANDIDATE_ONLY_NOT_VALIDATED_AS_BULK_SECURITY_TYPE_SOURCE
EU_EURONEXT_EQUITIES,EU_PRIMARY_EXCHANGES,https://live.euronext.com/en/products/equities/list#off-canvas,live.euronext.com,False,3,EQUITY_TERM;LIST_TERM,live.euronext.com,False,CANDIDATE_ONLY_NOT_VALIDATED_AS_BULK_SECURITY_TYPE_SOURCE
EU_EURONEXT_EQUITIES,EU_PRIMARY_EXCHANGES,https://live.euronext.com/fr/products/equities/list,live.euronext.com,False,3,EQUITY_TERM;LIST_TERM,live.euronext.com,False,CANDIDATE_ONLY_NOT_VALIDATED_AS_BULK_SECURITY_TYPE_SOURCE
EU_EURONEXT_EQUITIES,EU_PRIMARY_EXCHANGES,https://live.euronext.com/it/products/equities/list,live.euronext.com,False,3,EQUITY_TERM;LIST_TERM,live.euronext.com,False,CANDIDATE_ONLY_NOT_VALIDATED_AS_BULK_SECURITY_TYPE_SOURCE
EU_EURONEXT_EQUITIES,EU_PRIMARY_EXCHANGES,https://live.euronext.com/nb/products/equities/list,live.euronext.com,False,3,EQUITY_TERM;LIST_TERM,live.euronext.com,False,CANDIDATE_ONLY_NOT_VALIDATED_AS_BULK_SECURITY_TYPE_SOURCE
EU_EURONEXT_EQUITIES,EU_PRIMARY_EXCHANGES,https://live.euronext.com/nl/products/equities/list,live.euronext.com,False,3,EQUITY_TERM;LIST_TERM,live.euronext.com,False,CANDIDATE_ONLY_NOT_VALIDATED_AS_BULK_SECURITY_TYPE_SOURCE
EU_EURONEXT_EQUITIES,EU_PRIMARY_EXCHANGES,https://live.euronext.com/pt/products/equities/list,live.euronext.com,False,3,EQUITY_TERM;LIST_TERM,live.euronext.com,False,CANDIDATE_ONLY_NOT_VALIDATED_AS_BULK_SECURITY_TYPE_SOURCE
EU_GPW_LISTED_COMPANIES,EU_PRIMARY_EXCHANGES,https://www.gpw.pl/instrumenty-pochodne,www.gpw.pl,False,3,SECURITY_TERM,www.gpw.pl,False,CANDIDATE_ONLY_NOT_VALIDATED_AS_BULK_SECURITY_TYPE_SOURCE
EU_SIX_EQUITIES,EU_PRIMARY_EXCHANGES,https://www.six-group.com/en/products-services/securities-services.html,www.six-group.com,False,3,SECURITY_TERM,www.six-group.com,False,CANDIDATE_ONLY_NOT_VALIDATED_AS_BULK_SECURITY_TYPE_SOURCE
EU_SIX_EQUITIES,EU_PRIMARY_EXCHANGES,https://www.six-group.com/en/products-services/securities-services/clearing.html,www.six-group.com,False,3,SECURITY_TERM,www.six-group.com,False,CANDIDATE_ONLY_NOT_VALIDATED_AS_BULK_SECURITY_TYPE_SOURCE
EU_SIX_EQUITIES,EU_PRIMARY_EXCHANGES,https://www.six-group.com/en/products-services/securities-services/digital-assets.html,www.six-group.com,False,3,SECURITY_TERM,www.six-group.com,False,CANDIDATE_ONLY_NOT_VALIDATED_AS_BULK_SECURITY_TYPE_SOURCE
EU_SIX_EQUITIES,EU_PRIMARY_EXCHANGES,https://www.six-group.com/en/products-services/securities-services/knowledge-hub.html,www.six-group.com,False,3,SECURITY_TERM,www.six-group.com,False,CANDIDATE_ONLY_NOT_VALIDATED_AS_BULK_SECURITY_TYPE_SOURCE
EU_SIX_EQUITIES,EU_PRIMARY_EXCHANGES,https://www.six-group.com/en/products-services/securities-services/securities-finance.html,www.six-group.com,False,3,SECURITY_TERM,www.six-group.com,False,CANDIDATE_ONLY_NOT_VALIDATED_AS_BULK_SECURITY_TYPE_SOURCE
EU_SIX_EQUITIES,EU_PRIMARY_EXCHANGES,https://www.six-group.com/en/products-services/securities-services/settlement-and-custody.html,www.six-group.com,False,3,SECURITY_TERM,www.six-group.com,False,CANDIDATE_ONLY_NOT_VALIDATED_AS_BULK_SECURITY_TYPE_SOURCE
EU_SIX_EQUITIES,EU_PRIMARY_EXCHANGES,https://www.six-group.com/en/products-services/securities-services/tax-services.html,www.six-group.com,False,3,SECURITY_TERM,www.six-group.com,False,CANDIDATE_ONLY_NOT_VALIDATED_AS_BULK_SECURITY_TYPE_SOURCE
EU_SIX_EQUITIES,EU_PRIMARY_EXCHANGES,https://www.six-group.com/en/products-services/securities-services/trade-repository.html,www.six-group.com,False,3,SECURITY_TERM,www.six-group.com,False,CANDIDATE_ONLY_NOT_VALIDATED_AS_BULK_SECURITY_TYPE_SOURCE
EU_SIX_EQUITIES,EU_PRIMARY_EXCHANGES,https://www.six-group.com/en/products-services/the-swiss-stock-exchange/listing/equities.html,www.six-group.com,False,3,EQUITY_TERM;LIST_TERM,www.six-group.com,False,CANDIDATE_ONLY_NOT_VALIDATED_AS_BULK_SECURITY_TYPE_SOURCE
EU_SIX_EQUITIES,EU_PRIMARY_EXCHANGES,https://www.six-group.com/en/products-services/the-swiss-stock-exchange/listing/equities/carbon-credits-for-issuers.html,www.six-group.com,False,3,EQUITY_TERM;LIST_TERM,www.six-group.com,False,CANDIDATE_ONLY_NOT_VALIDATED_AS_BULK_SECURITY_TYPE_SOURCE
EU_SIX_EQUITIES,EU_PRIMARY_EXCHANGES,https://www.six-group.com/en/products-services/the-swiss-stock-exchange/listing/equities/ipo-academy.html,www.six-group.com,False,3,EQUITY_TERM;LIST_TERM,www.six-group.com,False,CANDIDATE_ONLY_NOT_VALIDATED_AS_BULK_SECURITY_TYPE_SOURCE
EU_SIX_EQUITIES,EU_PRIMARY_EXCHANGES,https://www.six-group.com/en/products-services/the-swiss-stock-exchange/listing/equities/ipo-for-sme.html,www.six-group.com,False,3,EQUITY_TERM;LIST_TERM,www.six-group.com,False,CANDIDATE_ONLY_NOT_VALIDATED_AS_BULK_SECURITY_TYPE_SOURCE
EU_SIX_EQUITIES,EU_PRIMARY_EXCHANGES,https://www.six-group.com/en/products-services/the-swiss-stock-exchange/listing/equities/ipo.html,www.six-group.com,False,3,EQUITY_TERM;LIST_TERM,www.six-group.com,False,CANDIDATE_ONLY_NOT_VALIDATED_AS_BULK_SECURITY_TYPE_SOURCE
EU_SIX_EQUITIES,EU_PRIMARY_EXCHANGES,https://www.six-group.com/en/products-services/the-swiss-stock-exchange/listing/equities/services-for-issuers.html,www.six-group.com,False,3,EQUITY_TERM;LIST_TERM,www.six-group.com,False,CANDIDATE_ONLY_NOT_VALIDATED_AS_BULK_SECURITY_TYPE_SOURCE
EU_VIENNA_COMPANIES,EU_PRIMARY_EXCHANGES,https://www.wienerborse.at/en/listing/shares/,www.wienerborse.at,False,3,EQUITY_TERM;LIST_TERM,www.wienerborse.at,False,CANDIDATE_ONLY_NOT_VALIDATED_AS_BULK_SECURITY_TYPE_SOURCE
EU_VIENNA_COMPANIES,EU_PRIMARY_EXCHANGES,https://www.wienerborse.at/en/listing/shares/companies-list/,www.wienerborse.at,False,3,EQUITY_TERM;LIST_TERM,www.wienerborse.at,False,CANDIDATE_ONLY_NOT_VALIDATED_AS_BULK_SECURITY_TYPE_SOURCE
EU_VIENNA_COMPANIES,EU_PRIMARY_EXCHANGES,https://www.wienerborse.at/en/listing/shares/companies-list/#content,www.wienerborse.at,False,3,EQUITY_TERM;LIST_TERM,www.wienerborse.at,False,CANDIDATE_ONLY_NOT_VALIDATED_AS_BULK_SECURITY_TYPE_SOURCE
EU_VIENNA_COMPANIES,EU_PRIMARY_EXCHANGES,https://www.wienerborse.at/en/listing/shares/companies-list/#search,www.wienerborse.at,False,3,EQUITY_TERM;LIST_TERM,www.wienerborse.at,False,CANDIDATE_ONLY_NOT_VALIDATED_AS_BULK_SECURITY_TYPE_SOURCE
EU_VIENNA_COMPANIES,EU_PRIMARY_EXCHANGES,https://www.wienerborse.at/en/listing/shares/companies-list/#update,www.wienerborse.at,False,3,EQUITY_TERM;LIST_TERM,www.wienerborse.at,False,CANDIDATE_ONLY_NOT_VALIDATED_AS_BULK_SECURITY_TYPE_SOURCE
EU_VIENNA_COMPANIES,EU_PRIMARY_EXCHANGES,https://www.wienerborse.at/en/listing/shares/corporate-actions/,www.wienerborse.at,False,3,EQUITY_TERM;LIST_TERM,www.wienerborse.at,False,CANDIDATE_ONLY_NOT_VALIDATED_AS_BULK_SECURITY_TYPE_SOURCE
EU_VIENNA_COMPANIES,EU_PRIMARY_EXCHANGES,https://www.wienerborse.at/en/listing/shares/delistings/,www.wienerborse.at,False,3,EQUITY_TERM;LIST_TERM,www.wienerborse.at,False,CANDIDATE_ONLY_NOT_VALIDATED_AS_BULK_SECURITY_TYPE_SOURCE
EU_VIENNA_COMPANIES,EU_PRIMARY_EXCHANGES,https://www.wienerborse.at/en/listing/shares/investor-relations-services/,www.wienerborse.at,False,3,EQUITY_TERM;LIST_TERM,www.wienerborse.at,False,CANDIDATE_ONLY_NOT_VALIDATED_AS_BULK_SECURITY_TYPE_SOURCE
EU_VIENNA_COMPANIES,EU_PRIMARY_EXCHANGES,https://www.wienerborse.at/en/listing/shares/investors/,www.wienerborse.at,False,3,EQUITY_TERM;LIST_TERM,www.wienerborse.at,False,CANDIDATE_ONLY_NOT_VALIDATED_AS_BULK_SECURITY_TYPE_SOURCE
EU_VIENNA_COMPANIES,EU_PRIMARY_EXCHANGES,https://www.wienerborse.at/en/listing/shares/new-listings/new-listings-2026/,www.wienerborse.at,False,3,EQUITY_TERM;LIST_TERM,www.wienerborse.at,False,CANDIDATE_ONLY_NOT_VALIDATED_AS_BULK_SECURITY_TYPE_SOURCE
EU_XETRA_SHARES,EU_PRIMARY_EXCHANGES,https://www.cashmarket.deutsche-boerse.com/cash-en/trading/Equities/dax-listed-blue-chips-xetra,www.cashmarket.deutsche-boerse.com,False,3,EQUITY_TERM;LIST_TERM,www.cashmarket.deutsche-boerse.com,False,CANDIDATE_ONLY_NOT_VALIDATED_AS_BULK_SECURITY_TYPE_SOURCE
EU_XETRA_SHARES,EU_PRIMARY_EXCHANGES,https://www.cashmarket.deutsche-boerse.com/cash-en/trading/Equities/list-of-tradable-shares,www.cashmarket.deutsche-boerse.com,False,3,EQUITY_TERM;LIST_TERM,www.cashmarket.deutsche-boerse.com,False,CANDIDATE_ONLY_NOT_VALIDATED_AS_BULK_SECURITY_TYPE_SOURCE
EU_XETRA_SHARES,EU_PRIMARY_EXCHANGES,https://www.cashmarket.deutsche-boerse.com/cash-en/trading/Equities/list-of-tradable-shares/1139462!tradable,www.cashmarket.deutsche-boerse.com,False,3,EQUITY_TERM;LIST_TERM,www.cashmarket.deutsche-boerse.com,False,CANDIDATE_ONLY_NOT_VALIDATED_AS_BULK_SECURITY_TYPE_SOURCE
EU_XETRA_SHARES,EU_PRIMARY_EXCHANGES,https://www.cashmarket.deutsche-boerse.com/cash-en/trading/Equities/list-of-tradable-shares/3275622!tradable,www.cashmarket.deutsche-boerse.com,False,3,EQUITY_TERM;LIST_TERM,www.cashmarket.deutsche-boerse.com,False,CANDIDATE_ONLY_NOT_VALIDATED_AS_BULK_SECURITY_TYPE_SOURCE
EU_XETRA_SHARES,EU_PRIMARY_EXCHANGES,https://www.cashmarket.deutsche-boerse.com/cash-en/trading/Equities/list-of-tradable-shares/xetra,www.cashmarket.deutsche-boerse.com,False,3,EQUITY_TERM;LIST_TERM,www.cashmarket.deutsche-boerse.com,False,CANDIDATE_ONLY_NOT_VALIDATED_AS_BULK_SECURITY_TYPE_SOURCE
EU_XETRA_SHARES,EU_PRIMARY_EXCHANGES,https://www.cashmarket.deutsche-boerse.com/cash-en/trading/Tradable-Instruments-Xetra,www.cashmarket.deutsche-boerse.com,False,3,SECURITY_TERM,www.cashmarket.deutsche-boerse.com,False,CANDIDATE_ONLY_NOT_VALIDATED_AS_BULK_SECURITY_TYPE_SOURCE
EU_XETRA_SHARES,EU_PRIMARY_EXCHANGES,https://www.cashmarket.deutsche-boerse.com/cash-en/trading/Tradable-Instruments-Xetra/boersefrankfurt,www.cashmarket.deutsche-boerse.com,False,3,SECURITY_TERM,www.cashmarket.deutsche-boerse.com,False,CANDIDATE_ONLY_NOT_VALIDATED_AS_BULK_SECURITY_TYPE_SOURCE
EU_NASDAQ_NORDIC_EQUITIES,EU_PRIMARY_EXCHANGES,https://www.nasdaq.com/european-market-activity/shares,www.nasdaq.com,False,2,EQUITY_TERM,www.nasdaq.com,False,CANDIDATE_ONLY_NOT_VALIDATED_AS_BULK_SECURITY_TYPE_SOURCE
EU_NASDAQ_NORDIC_EQUITIES,EU_PRIMARY_EXCHANGES,https://www.nasdaq.com/products/european-markets/derivatives/becoming-a-market-maker-for-equity-derivatives,www.nasdaq.com,False,2,EQUITY_TERM,www.nasdaq.com,False,CANDIDATE_ONLY_NOT_VALIDATED_AS_BULK_SECURITY_TYPE_SOURCE
EU_NASDAQ_NORDIC_EQUITIES,EU_PRIMARY_EXCHANGES,https://www.nasdaq.com/products/european-markets/equities,www.nasdaq.com,False,2,EQUITY_TERM,www.nasdaq.com,False,CANDIDATE_ONLY_NOT_VALIDATED_AS_BULK_SECURITY_TYPE_SOURCE
EU_NASDAQ_NORDIC_EQUITIES,EU_PRIMARY_EXCHANGES,https://www.nasdaq.com/products/european-markets/equities#contact-us,www.nasdaq.com,False,2,EQUITY_TERM,www.nasdaq.com,False,CANDIDATE_ONLY_NOT_VALIDATED_AS_BULK_SECURITY_TYPE_SOURCE
EU_NASDAQ_NORDIC_EQUITIES,EU_PRIMARY_EXCHANGES,https://www.nasdaq.com/products/european-markets/equities#main-content,www.nasdaq.com,False,2,EQUITY_TERM,www.nasdaq.com,False,CANDIDATE_ONLY_NOT_VALIDATED_AS_BULK_SECURITY_TYPE_SOURCE
EU_NASDAQ_NORDIC_EQUITIES,EU_PRIMARY_EXCHANGES,https://www.nasdaq.com/products/european-markets/equities/cash-equity-membership,www.nasdaq.com,False,2,EQUITY_TERM,www.nasdaq.com,False,CANDIDATE_ONLY_NOT_VALIDATED_AS_BULK_SECURITY_TYPE_SOURCE
EU_NASDAQ_NORDIC_EQUITIES,EU_PRIMARY_EXCHANGES,https://www.nasdaq.com/products/european-markets/trade-reporting-of-manual-cash-equity-trades,www.nasdaq.com,False,2,EQUITY_TERM,www.nasdaq.com,False,CANDIDATE_ONLY_NOT_VALIDATED_AS_BULK_SECURITY_TYPE_SOURCE
EU_SIX_EQUITIES,EU_PRIMARY_EXCHANGES,https://www.six-group.com/de/products-services/the-swiss-stock-exchange/trading/markets/equities.html,www.six-group.com,False,2,EQUITY_TERM,www.six-group.com,False,CANDIDATE_ONLY_NOT_VALIDATED_AS_BULK_SECURITY_TYPE_SOURCE
EU_SIX_EQUITIES,EU_PRIMARY_EXCHANGES,https://www.six-group.com/en/market-data/indices/switzerland/equity/smi.html,www.six-group.com,False,2,EQUITY_TERM,www.six-group.com,False,CANDIDATE_ONLY_NOT_VALIDATED_AS_BULK_SECURITY_TYPE_SOURCE
EU_SIX_EQUITIES,EU_PRIMARY_EXCHANGES,https://www.six-group.com/en/market-data/indices/switzerland/equity/spi.html,www.six-group.com,False,2,EQUITY_TERM,www.six-group.com,False,CANDIDATE_ONLY_NOT_VALIDATED_AS_BULK_SECURITY_TYPE_SOURCE
EU_SIX_EQUITIES,EU_PRIMARY_EXCHANGES,https://www.six-group.com/en/market-data/shares/market-activity.html,www.six-group.com,False,2,EQUITY_TERM,www.six-group.com,False,CANDIDATE_ONLY_NOT_VALIDATED_AS_BULK_SECURITY_TYPE_SOURCE
EU_SIX_EQUITIES,EU_PRIMARY_EXCHANGES,https://www.six-group.com/en/products-services/the-swiss-stock-exchange/contacts/trading/equities.html,www.six-group.com,False,2,EQUITY_TERM,www.six-group.com,False,CANDIDATE_ONLY_NOT_VALIDATED_AS_BULK_SECURITY_TYPE_SOURCE
EU_SIX_EQUITIES,EU_PRIMARY_EXCHANGES,https://www.six-group.com/en/products-services/the-swiss-stock-exchange/education/equity-issuers.html,www.six-group.com,False,2,EQUITY_TERM,www.six-group.com,False,CANDIDATE_ONLY_NOT_VALIDATED_AS_BULK_SECURITY_TYPE_SOURCE
EU_SIX_EQUITIES,EU_PRIMARY_EXCHANGES,https://www.six-group.com/en/products-services/the-swiss-stock-exchange/education/equity-issuers/board-essentials.html,www.six-group.com,False,2,EQUITY_TERM,www.six-group.com,False,CANDIDATE_ONLY_NOT_VALIDATED_AS_BULK_SECURITY_TYPE_SOURCE
EU_SIX_EQUITIES,EU_PRIMARY_EXCHANGES,https://www.six-group.com/en/products-services/the-swiss-stock-exchange/education/equity-issuers/e-learning-platform.html,www.six-group.com,False,2,EQUITY_TERM,www.six-group.com,False,CANDIDATE_ONLY_NOT_VALIDATED_AS_BULK_SECURITY_TYPE_SOURCE
EU_SIX_EQUITIES,EU_PRIMARY_EXCHANGES,https://www.six-group.com/en/products-services/the-swiss-stock-exchange/education/investment-knowledge/shares.html,www.six-group.com,False,2,EQUITY_TERM,www.six-group.com,False,CANDIDATE_ONLY_NOT_VALIDATED_AS_BULK_SECURITY_TYPE_SOURCE
EU_SIX_EQUITIES,EU_PRIMARY_EXCHANGES,https://www.six-group.com/en/products-services/the-swiss-stock-exchange/market-data/shares.html,www.six-group.com,False,2,EQUITY_TERM,www.six-group.com,False,CANDIDATE_ONLY_NOT_VALIDATED_AS_BULK_SECURITY_TYPE_SOURCE
EU_SIX_EQUITIES,EU_PRIMARY_EXCHANGES,https://www.six-group.com/en/products-services/the-swiss-stock-exchange/trading/markets/equities.html,www.six-group.com,False,2,EQUITY_TERM,www.six-group.com,False,CANDIDATE_ONLY_NOT_VALIDATED_AS_BULK_SECURITY_TYPE_SOURCE
EU_SIX_EQUITIES,EU_PRIMARY_EXCHANGES,https://www.six-group.com/en/products-services/the-swiss-stock-exchange/trading/markets/equities.html#scrollTo=trading-infosnacks,www.six-group.com,False,2,EQUITY_TERM,www.six-group.com,False,CANDIDATE_ONLY_NOT_VALIDATED_AS_BULK_SECURITY_TYPE_SOURCE
EU_SIX_EQUITIES,EU_PRIMARY_EXCHANGES,https://www.six-group.com/en/products-services/the-swiss-stock-exchange/trading/markets/sponsored-foreign-shares.html,www.six-group.com,False,2,EQUITY_TERM,www.six-group.com,False,CANDIDATE_ONLY_NOT_VALIDATED_AS_BULK_SECURITY_TYPE_SOURCE
EU_VIENNA_COMPANIES,EU_PRIMARY_EXCHANGES,https://www.wienerborse.at/en/trading/market-segmentation/equity-market/,www.wienerborse.at,False,2,EQUITY_TERM,www.wienerborse.at,False,CANDIDATE_ONLY_NOT_VALIDATED_AS_BULK_SECURITY_TYPE_SOURCE
EU_XETRA_SHARES,EU_PRIMARY_EXCHANGES,https://www.cashmarket.deutsche-boerse.com/cash-en/Data-Tech/statistics/order-book-turnover-foreign-shares,www.cashmarket.deutsche-boerse.com,False,2,EQUITY_TERM,www.cashmarket.deutsche-boerse.com,False,CANDIDATE_ONLY_NOT_VALIDATED_AS_BULK_SECURITY_TYPE_SOURCE
EU_XETRA_SHARES,EU_PRIMARY_EXCHANGES,https://www.cashmarket.deutsche-boerse.com/cash-en/Stay-Informed/newsroom/shareholder-notices,www.cashmarket.deutsche-boerse.com,False,2,EQUITY_TERM,www.cashmarket.deutsche-boerse.com,False,CANDIDATE_ONLY_NOT_VALIDATED_AS_BULK_SECURITY_TYPE_SOURCE
EU_XETRA_SHARES,EU_PRIMARY_EXCHANGES,https://www.cashmarket.deutsche-boerse.com/cash-en/trading/Equities,www.cashmarket.deutsche-boerse.com,False,2,EQUITY_TERM,www.cashmarket.deutsche-boerse.com,False,CANDIDATE_ONLY_NOT_VALIDATED_AS_BULK_SECURITY_TYPE_SOURCE
EU_XETRA_SHARES,EU_PRIMARY_EXCHANGES,https://www.cashmarket.deutsche-boerse.com/cash-en/trading/Equities/top-liquids-xlm,www.cashmarket.deutsche-boerse.com,False,2,EQUITY_TERM,www.cashmarket.deutsche-boerse.com,False,CANDIDATE_ONLY_NOT_VALIDATED_AS_BULK_SECURITY_TYPE_SOURCE
BMV_LISTED_COMPANIES,MX_IPC,https://www.bmv.com.mx/en/Grupo_BMV/Empresas_listadas,www.bmv.com.mx,False,1,LIST_TERM,www.bmv.com.mx,False,CANDIDATE_ONLY_NOT_VALIDATED_AS_BULK_SECURITY_TYPE_SOURCE
BMV_LISTED_COMPANIES,MX_IPC,https://www.bmv.com.mx/es/empresas-listadas,www.bmv.com.mx,False,1,LIST_TERM,www.bmv.com.mx,False,CANDIDATE_ONLY_NOT_VALIDATED_AS_BULK_SECURITY_TYPE_SOURCE
BMV_LISTED_COMPANIES,MX_IPC,https://www.bmv.com.mx/es/empresas-listadas/analista-independiente,www.bmv.com.mx,False,1,LIST_TERM,www.bmv.com.mx,False,CANDIDATE_ONLY_NOT_VALIDATED_AS_BULK_SECURITY_TYPE_SOURCE
BMV_LISTED_COMPANIES,MX_IPC,https://www.bmv.com.mx/es/empresas-listadas/calificadoras,www.bmv.com.mx,False,1,LIST_TERM,www.bmv.com.mx,False,CANDIDATE_ONLY_NOT_VALIDATED_AS_BULK_SECURITY_TYPE_SOURCE
BMV_LISTED_COMPANIES,MX_IPC,https://www.bmv.com.mx/es/empresas-listadas/comite-de-emisoras,www.bmv.com.mx,False,1,LIST_TERM,www.bmv.com.mx,False,CANDIDATE_ONLY_NOT_VALIDATED_AS_BULK_SECURITY_TYPE_SOURCE
BMV_LISTED_COMPANIES,MX_IPC,https://www.bmv.com.mx/es/empresas-listadas/informacion-digitalizada,www.bmv.com.mx,False,1,LIST_TERM,www.bmv.com.mx,False,CANDIDATE_ONLY_NOT_VALIDATED_AS_BULK_SECURITY_TYPE_SOURCE
BMV_LISTED_COMPANIES,MX_IPC,https://www.bmv.com.mx/es/empresas-listadas/informacion-financiera-xbrl,www.bmv.com.mx,False,1,LIST_TERM,www.bmv.com.mx,False,CANDIDATE_ONLY_NOT_VALIDATED_AS_BULK_SECURITY_TYPE_SOURCE
BMV_LISTED_COMPANIES,MX_IPC,https://www.bmv.com.mx/es/empresas-listadas/servicios-a-emisoras,www.bmv.com.mx,False,1,LIST_TERM,www.bmv.com.mx,False,CANDIDATE_ONLY_NOT_VALIDATED_AS_BULK_SECURITY_TYPE_SOURCE
BMV_LISTED_COMPANIES,MX_IPC,https://www.bmv.com.mx/es/empresas-listadas?jump=true,www.bmv.com.mx,False,1,LIST_TERM,www.bmv.com.mx,False,CANDIDATE_ONLY_NOT_VALIDATED_AS_BULK_SECURITY_TYPE_SOURCE
BMV_LISTED_COMPANIES,MX_IPC,https://www.bmv.com.mx/es/listados-y-prospectos,www.bmv.com.mx,False,1,LIST_TERM,www.bmv.com.mx,False,CANDIDATE_ONLY_NOT_VALIDATED_AS_BULK_SECURITY_TYPE_SOURCE
BMV_LISTED_COMPANIES,MX_IPC,https://www.bmv.com.mx/es/listados-y-prospectos/aranceles-y-calculos-de-cuotas,www.bmv.com.mx,False,1,LIST_TERM,www.bmv.com.mx,False,CANDIDATE_ONLY_NOT_VALIDATED_AS_BULK_SECURITY_TYPE_SOURCE
BMV_LISTED_COMPANIES,MX_IPC,https://www.bmv.com.mx/es/listados-y-prospectos/ofertas-publicas,www.bmv.com.mx,False,1,LIST_TERM,www.bmv.com.mx,False,CANDIDATE_ONLY_NOT_VALIDATED_AS_BULK_SECURITY_TYPE_SOURCE
BMV_LISTED_COMPANIES,MX_IPC,https://www.bmv.com.mx/es/listados-y-prospectos/prospectos-de-colocacion,www.bmv.com.mx,False,1,LIST_TERM,www.bmv.com.mx,False,CANDIDATE_ONLY_NOT_VALIDATED_AS_BULK_SECURITY_TYPE_SOURCE
BMV_LISTED_COMPANIES,MX_IPC,https://www.bmv.com.mx/es/listados-y-prospectos/solicitudes-y-tramites-de-listado,www.bmv.com.mx,False,1,LIST_TERM,www.bmv.com.mx,False,CANDIDATE_ONLY_NOT_VALIDATED_AS_BULK_SECURITY_TYPE_SOURCE
BMV_LISTED_COMPANIES,MX_IPC,https://www.bmv.com.mx/es/mi-empresa-en-bolsa/comite-de-listado-de-valores,www.bmv.com.mx,False,1,LIST_TERM,www.bmv.com.mx,False,CANDIDATE_ONLY_NOT_VALIDATED_AS_BULK_SECURITY_TYPE_SOURCE
BMV_LISTED_COMPANIES,MX_IPC,https://www.bmv.com.mx/es/mi-empresa-en-bolsa/como-listarse-en-bolsa,www.bmv.com.mx,False,1,LIST_TERM,www.bmv.com.mx,False,CANDIDATE_ONLY_NOT_VALIDATED_AS_BULK_SECURITY_TYPE_SOURCE
BMV_LISTED_COMPANIES,MX_IPC,https://www.bmv.com.mx/es/mi-empresa-en-bolsa/por-que-listarse-en-bolsa,www.bmv.com.mx,False,1,LIST_TERM,www.bmv.com.mx,False,CANDIDATE_ONLY_NOT_VALIDATED_AS_BULK_SECURITY_TYPE_SOURCE
BMV_LISTED_COMPANIES,MX_IPC,https://www.bmv.com.mx/es/relacion-con-inversionistas/cobertura-de-analistas,www.bmv.com.mx,False,1,LIST_TERM,www.bmv.com.mx,False,CANDIDATE_ONLY_NOT_VALIDATED_AS_BULK_SECURITY_TYPE_SOURCE
EU_EURONEXT_EQUITIES,EU_PRIMARY_EXCHANGES,https://live.euronext.com/en/markets/amsterdam/bonds/list,live.euronext.com,False,1,LIST_TERM,live.euronext.com,False,CANDIDATE_ONLY_NOT_VALIDATED_AS_BULK_SECURITY_TYPE_SOURCE
EU_EURONEXT_EQUITIES,EU_PRIMARY_EXCHANGES,https://live.euronext.com/en/markets/amsterdam/etfs/list,live.euronext.com,False,1,LIST_TERM,live.euronext.com,False,CANDIDATE_ONLY_NOT_VALIDATED_AS_BULK_SECURITY_TYPE_SOURCE
EU_EURONEXT_EQUITIES,EU_PRIMARY_EXCHANGES,https://live.euronext.com/en/markets/amsterdam/funds/list,live.euronext.com,False,1,LIST_TERM,live.euronext.com,False,CANDIDATE_ONLY_NOT_VALIDATED_AS_BULK_SECURITY_TYPE_SOURCE
EU_EURONEXT_EQUITIES,EU_PRIMARY_EXCHANGES,https://live.euronext.com/en/markets/amsterdam/index-derivatives/futures/list,live.euronext.com,False,1,LIST_TERM,live.euronext.com,False,CANDIDATE_ONLY_NOT_VALIDATED_AS_BULK_SECURITY_TYPE_SOURCE
EU_EURONEXT_EQUITIES,EU_PRIMARY_EXCHANGES,https://live.euronext.com/en/markets/amsterdam/indices/list,live.euronext.com,False,1,LIST_TERM,live.euronext.com,False,CANDIDATE_ONLY_NOT_VALIDATED_AS_BULK_SECURITY_TYPE_SOURCE
EU_EURONEXT_EQUITIES,EU_PRIMARY_EXCHANGES,https://live.euronext.com/en/markets/amsterdam/structured-products/list,live.euronext.com,False,1,LIST_TERM,live.euronext.com,False,CANDIDATE_ONLY_NOT_VALIDATED_AS_BULK_SECURITY_TYPE_SOURCE
EU_EURONEXT_EQUITIES,EU_PRIMARY_EXCHANGES,https://live.euronext.com/en/markets/brussels/bonds/list,live.euronext.com,False,1,LIST_TERM,live.euronext.com,False,CANDIDATE_ONLY_NOT_VALIDATED_AS_BULK_SECURITY_TYPE_SOURCE
EU_EURONEXT_EQUITIES,EU_PRIMARY_EXCHANGES,https://live.euronext.com/en/markets/brussels/etfs/list,live.euronext.com,False,1,LIST_TERM,live.euronext.com,False,CANDIDATE_ONLY_NOT_VALIDATED_AS_BULK_SECURITY_TYPE_SOURCE
EU_EURONEXT_EQUITIES,EU_PRIMARY_EXCHANGES,https://live.euronext.com/en/markets/brussels/index-derivatives/futures/list,live.euronext.com,False,1,LIST_TERM,live.euronext.com,False,CANDIDATE_ONLY_NOT_VALIDATED_AS_BULK_SECURITY_TYPE_SOURCE
EU_EURONEXT_EQUITIES,EU_PRIMARY_EXCHANGES,https://live.euronext.com/en/markets/brussels/indices/list,live.euronext.com,False,1,LIST_TERM,live.euronext.com,False,CANDIDATE_ONLY_NOT_VALIDATED_AS_BULK_SECURITY_TYPE_SOURCE
EU_EURONEXT_EQUITIES,EU_PRIMARY_EXCHANGES,https://live.euronext.com/en/markets/brussels/structured-products/list,live.euronext.com,False,1,LIST_TERM,live.euronext.com,False,CANDIDATE_ONLY_NOT_VALIDATED_AS_BULK_SECURITY_TYPE_SOURCE
EU_EURONEXT_EQUITIES,EU_PRIMARY_EXCHANGES,https://live.euronext.com/en/markets/dublin/bonds/list,live.euronext.com,False,1,LIST_TERM,live.euronext.com,False,CANDIDATE_ONLY_NOT_VALIDATED_AS_BULK_SECURITY_TYPE_SOURCE
EU_EURONEXT_EQUITIES,EU_PRIMARY_EXCHANGES,https://live.euronext.com/en/markets/dublin/daily-official-list,live.euronext.com,False,1,LIST_TERM,live.euronext.com,False,CANDIDATE_ONLY_NOT_VALIDATED_AS_BULK_SECURITY_TYPE_SOURCE
EU_EURONEXT_EQUITIES,EU_PRIMARY_EXCHANGES,https://live.euronext.com/en/markets/dublin/etfs/list,live.euronext.com,False,1,LIST_TERM,live.euronext.com,False,CANDIDATE_ONLY_NOT_VALIDATED_AS_BULK_SECURITY_TYPE_SOURCE
EU_EURONEXT_EQUITIES,EU_PRIMARY_EXCHANGES,https://live.euronext.com/en/markets/dublin/funds/list,live.euronext.com,False,1,LIST_TERM,live.euronext.com,False,CANDIDATE_ONLY_NOT_VALIDATED_AS_BULK_SECURITY_TYPE_SOURCE
EU_EURONEXT_EQUITIES,EU_PRIMARY_EXCHANGES,https://live.euronext.com/en/markets/dublin/govbonds/list,live.euronext.com,False,1,LIST_TERM,live.euronext.com,False,CANDIDATE_ONLY_NOT_VALIDATED_AS_BULK_SECURITY_TYPE_SOURCE
EU_EURONEXT_EQUITIES,EU_PRIMARY_EXCHANGES,https://live.euronext.com/en/markets/dublin/indices/list,live.euronext.com,False,1,LIST_TERM,live.euronext.com,False,CANDIDATE_ONLY_NOT_VALIDATED_AS_BULK_SECURITY_TYPE_SOURCE
EU_EURONEXT_EQUITIES,EU_PRIMARY_EXCHANGES,https://live.euronext.com/en/markets/lisbon/funds/list,live.euronext.com,False,1,LIST_TERM,live.euronext.com,False,CANDIDATE_ONLY_NOT_VALIDATED_AS_BULK_SECURITY_TYPE_SOURCE
EU_EURONEXT_EQUITIES,EU_PRIMARY_EXCHANGES,https://live.euronext.com/en/markets/lisbon/index-derivatives/futures/list,live.euronext.com,False,1,LIST_TERM,live.euronext.com,False,CANDIDATE_ONLY_NOT_VALIDATED_AS_BULK_SECURITY_TYPE_SOURCE
EU_EURONEXT_EQUITIES,EU_PRIMARY_EXCHANGES,https://live.euronext.com/en/markets/lisbon/indices/list,live.euronext.com,False,1,LIST_TERM,live.euronext.com,False,CANDIDATE_ONLY_NOT_VALIDATED_AS_BULK_SECURITY_TYPE_SOURCE
EU_EURONEXT_EQUITIES,EU_PRIMARY_EXCHANGES,https://live.euronext.com/en/markets/milan/bonds/list,live.euronext.com,False,1,LIST_TERM,live.euronext.com,False,CANDIDATE_ONLY_NOT_VALIDATED_AS_BULK_SECURITY_TYPE_SOURCE
EU_EURONEXT_EQUITIES,EU_PRIMARY_EXCHANGES,https://live.euronext.com/en/markets/milan/etfs/list,live.euronext.com,False,1,LIST_TERM,live.euronext.com,False,CANDIDATE_ONLY_NOT_VALIDATED_AS_BULK_SECURITY_TYPE_SOURCE
EU_EURONEXT_EQUITIES,EU_PRIMARY_EXCHANGES,https://live.euronext.com/en/markets/milan/funds/list,live.euronext.com,False,1,LIST_TERM,live.euronext.com,False,CANDIDATE_ONLY_NOT_VALIDATED_AS_BULK_SECURITY_TYPE_SOURCE
EU_EURONEXT_EQUITIES,EU_PRIMARY_EXCHANGES,https://live.euronext.com/en/markets/milan/structured-products/list,live.euronext.com,False,1,LIST_TERM,live.euronext.com,False,CANDIDATE_ONLY_NOT_VALIDATED_AS_BULK_SECURITY_TYPE_SOURCE
EU_GPW_LISTED_COMPANIES,EU_PRIMARY_EXCHANGES,https://www.gpw.pl/html/js/flowplayer-6.0.5/skin/minimalist.css,www.gpw.pl,False,1,LIST_TERM,www.gpw.pl,False,CANDIDATE_ONLY_NOT_VALIDATED_AS_BULK_SECURITY_TYPE_SOURCE
EU_GPW_LISTED_COMPANIES,EU_PRIMARY_EXCHANGES,https://www.gpw.pl/lista-alertow-notowania,www.gpw.pl,False,1,LIST_TERM,www.gpw.pl,False,CANDIDATE_ONLY_NOT_VALIDATED_AS_BULK_SECURITY_TYPE_SOURCE
EU_GPW_LISTED_COMPANIES,EU_PRIMARY_EXCHANGES,https://www.gpw.pl/lista-czlonkow-gieldy,www.gpw.pl,False,1,LIST_TERM,www.gpw.pl,False,CANDIDATE_ONLY_NOT_VALIDATED_AS_BULK_SECURITY_TYPE_SOURCE
EU_GPW_LISTED_COMPANIES,EU_PRIMARY_EXCHANGES,https://www.gpw.pl/lista-czlonkow-gieldy-regs,www.gpw.pl,False,1,LIST_TERM,www.gpw.pl,False,CANDIDATE_ONLY_NOT_VALIDATED_AS_BULK_SECURITY_TYPE_SOURCE
EU_GPW_LISTED_COMPANIES,EU_PRIMARY_EXCHANGES,https://www.gpw.pl/lista-domow-maklerskich,www.gpw.pl,False,1,LIST_TERM,www.gpw.pl,False,CANDIDATE_ONLY_NOT_VALIDATED_AS_BULK_SECURITY_TYPE_SOURCE
EU_GPW_LISTED_COMPANIES,EU_PRIMARY_EXCHANGES,https://www.gpw.pl/lista-konferencji,www.gpw.pl,False,1,LIST_TERM,www.gpw.pl,False,CANDIDATE_ONLY_NOT_VALIDATED_AS_BULK_SECURITY_TYPE_SOURCE
EU_NASDAQ_NORDIC_EQUITIES,EU_PRIMARY_EXCHANGES,https://www.nasdaq.com/products/european-markets/listings,www.nasdaq.com,False,1,LIST_TERM,www.nasdaq.com,False,CANDIDATE_ONLY_NOT_VALIDATED_AS_BULK_SECURITY_TYPE_SOURCE
EU_NASDAQ_NORDIC_EQUITIES,EU_PRIMARY_EXCHANGES,https://www.nasdaq.com/products/european-markets/listings/listing-of-exchange-traded-products-in-europe,www.nasdaq.com,False,1,LIST_TERM,www.nasdaq.com,False,CANDIDATE_ONLY_NOT_VALIDATED_AS_BULK_SECURITY_TYPE_SOURCE
EU_NASDAQ_NORDIC_EQUITIES,EU_PRIMARY_EXCHANGES,https://www.nasdaq.com/products/listings,www.nasdaq.com,False,1,LIST_TERM,www.nasdaq.com,False,CANDIDATE_ONLY_NOT_VALIDATED_AS_BULK_SECURITY_TYPE_SOURCE
EU_NASDAQ_NORDIC_EQUITIES,EU_PRIMARY_EXCHANGES,https://www.nasdaq.com/products/listings/transfer-to-nasdaq,www.nasdaq.com,False,1,LIST_TERM,www.nasdaq.com,False,CANDIDATE_ONLY_NOT_VALIDATED_AS_BULK_SECURITY_TYPE_SOURCE
EU_NASDAQ_NORDIC_EQUITIES,EU_PRIMARY_EXCHANGES,https://www.nasdaq.com/products/north-american-markets/etf-listings,www.nasdaq.com,False,1,LIST_TERM,www.nasdaq.com,False,CANDIDATE_ONLY_NOT_VALIDATED_AS_BULK_SECURITY_TYPE_SOURCE
EU_NASDAQ_NORDIC_EQUITIES,EU_PRIMARY_EXCHANGES,https://www.nasdaq.com/products/north-american-markets/etf-listings/resources/etf-issuers-insights,www.nasdaq.com,False,1,LIST_TERM,www.nasdaq.com,False,CANDIDATE_ONLY_NOT_VALIDATED_AS_BULK_SECURITY_TYPE_SOURCE
EU_NASDAQ_NORDIC_EQUITIES,EU_PRIMARY_EXCHANGES,https://www.nasdaq.com/products/north-american-markets/etf-listings/resources/just-for-funds,www.nasdaq.com,False,1,LIST_TERM,www.nasdaq.com,False,CANDIDATE_ONLY_NOT_VALIDATED_AS_BULK_SECURITY_TYPE_SOURCE
EU_NASDAQ_NORDIC_EQUITIES,EU_PRIMARY_EXCHANGES,https://www.nasdaq.com/products/north-american-markets/etf-listings/resources/nasdaq-etf-insights-and-education,www.nasdaq.com,False,1,LIST_TERM,www.nasdaq.com,False,CANDIDATE_ONLY_NOT_VALIDATED_AS_BULK_SECURITY_TYPE_SOURCE
EU_NASDAQ_NORDIC_EQUITIES,EU_PRIMARY_EXCHANGES,https://www.nasdaq.com/products?by+objective=list+on+nasdaq,www.nasdaq.com,False,1,LIST_TERM,www.nasdaq.com,False,CANDIDATE_ONLY_NOT_VALIDATED_AS_BULK_SECURITY_TYPE_SOURCE
EU_SIX_EQUITIES,EU_PRIMARY_EXCHANGES,https://www.six-group.com/en/products-services/the-swiss-stock-exchange/listing.html,www.six-group.com,False,1,LIST_TERM,www.six-group.com,False,CANDIDATE_ONLY_NOT_VALIDATED_AS_BULK_SECURITY_TYPE_SOURCE
EU_SIX_EQUITIES,EU_PRIMARY_EXCHANGES,https://www.six-group.com/en/products-services/the-swiss-stock-exchange/listing/bonds.html,www.six-group.com,False,1,LIST_TERM,www.six-group.com,False,CANDIDATE_ONLY_NOT_VALIDATED_AS_BULK_SECURITY_TYPE_SOURCE
EU_SIX_EQUITIES,EU_PRIMARY_EXCHANGES,https://www.six-group.com/en/products-services/the-swiss-stock-exchange/listing/etfs-etps-and-funds.html,www.six-group.com,False,1,LIST_TERM,www.six-group.com,False,CANDIDATE_ONLY_NOT_VALIDATED_AS_BULK_SECURITY_TYPE_SOURCE
EU_SIX_EQUITIES,EU_PRIMARY_EXCHANGES,https://www.six-group.com/en/products-services/the-swiss-stock-exchange/listing/etfs-etps-and-funds/etfs.html,www.six-group.com,False,1,LIST_TERM,www.six-group.com,False,CANDIDATE_ONLY_NOT_VALIDATED_AS_BULK_SECURITY_TYPE_SOURCE
EU_SIX_EQUITIES,EU_PRIMARY_EXCHANGES,https://www.six-group.com/en/products-services/the-swiss-stock-exchange/listing/etfs-etps-and-funds/etps.html,www.six-group.com,False,1,LIST_TERM,www.six-group.com,False,CANDIDATE_ONLY_NOT_VALIDATED_AS_BULK_SECURITY_TYPE_SOURCE
EU_SIX_EQUITIES,EU_PRIMARY_EXCHANGES,https://www.six-group.com/en/products-services/the-swiss-stock-exchange/listing/etfs-etps-and-funds/mutual-funds.html,www.six-group.com,False,1,LIST_TERM,www.six-group.com,False,CANDIDATE_ONLY_NOT_VALIDATED_AS_BULK_SECURITY_TYPE_SOURCE
EU_SIX_EQUITIES,EU_PRIMARY_EXCHANGES,https://www.six-group.com/en/products-services/the-swiss-stock-exchange/listing/structured-products.html,www.six-group.com,False,1,LIST_TERM,www.six-group.com,False,CANDIDATE_ONLY_NOT_VALIDATED_AS_BULK_SECURITY_TYPE_SOURCE
EU_VIENNA_COMPANIES,EU_PRIMARY_EXCHANGES,https://www.wienerborse.at/en/indices/index-changes/atx-watchlist/,www.wienerborse.at,False,1,LIST_TERM,www.wienerborse.at,False,CANDIDATE_ONLY_NOT_VALIDATED_AS_BULK_SECURITY_TYPE_SOURCE
EU_VIENNA_COMPANIES,EU_PRIMARY_EXCHANGES,https://www.wienerborse.at/en/listing/,www.wienerborse.at,False,1,LIST_TERM,www.wienerborse.at,False,CANDIDATE_ONLY_NOT_VALIDATED_AS_BULK_SECURITY_TYPE_SOURCE
EU_VIENNA_COMPANIES,EU_PRIMARY_EXCHANGES,https://www.wienerborse.at/en/listing/going-public-ipo/,www.wienerborse.at,False,1,LIST_TERM,www.wienerborse.at,False,CANDIDATE_ONLY_NOT_VALIDATED_AS_BULK_SECURITY_TYPE_SOURCE
EU_VIENNA_COMPANIES,EU_PRIMARY_EXCHANGES,https://www.wienerborse.at/en/listing/going-public-ipo/capital-market-coach/,www.wienerborse.at,False,1,LIST_TERM,www.wienerborse.at,False,CANDIDATE_ONLY_NOT_VALIDATED_AS_BULK_SECURITY_TYPE_SOURCE
EU_VIENNA_COMPANIES,EU_PRIMARY_EXCHANGES,https://www.wienerborse.at/en/listing/going-public-ipo/legal-requirements/,www.wienerborse.at,False,1,LIST_TERM,www.wienerborse.at,False,CANDIDATE_ONLY_NOT_VALIDATED_AS_BULK_SECURITY_TYPE_SOURCE
EU_VIENNA_COMPANIES,EU_PRIMARY_EXCHANGES,https://www.wienerborse.at/en/listing/going-public-ipo/listing-partners/,www.wienerborse.at,False,1,LIST_TERM,www.wienerborse.at,False,CANDIDATE_ONLY_NOT_VALIDATED_AS_BULK_SECURITY_TYPE_SOURCE
EU_VIENNA_COMPANIES,EU_PRIMARY_EXCHANGES,https://www.wienerborse.at/en/listing/going-public-ipo/process/,www.wienerborse.at,False,1,LIST_TERM,www.wienerborse.at,False,CANDIDATE_ONLY_NOT_VALIDATED_AS_BULK_SECURITY_TYPE_SOURCE
EU_VIENNA_COMPANIES,EU_PRIMARY_EXCHANGES,https://www.wienerborse.at/en/listing/structured-products/listed/,www.wienerborse.at,False,1,LIST_TERM,www.wienerborse.at,False,CANDIDATE_ONLY_NOT_VALIDATED_AS_BULK_SECURITY_TYPE_SOURCE
EU_VIENNA_COMPANIES,EU_PRIMARY_EXCHANGES,https://www.wienerborse.at/en/listing/structured-products/listed/clo-listings/,www.wienerborse.at,False,1,LIST_TERM,www.wienerborse.at,False,CANDIDATE_ONLY_NOT_VALIDATED_AS_BULK_SECURITY_TYPE_SOURCE
EU_VIENNA_COMPANIES,EU_PRIMARY_EXCHANGES,https://www.wienerborse.at/en/listing/structured-products/listed/prospectus/,www.wienerborse.at,False,1,LIST_TERM,www.wienerborse.at,False,CANDIDATE_ONLY_NOT_VALIDATED_AS_BULK_SECURITY_TYPE_SOURCE
EU_VIENNA_COMPANIES,EU_PRIMARY_EXCHANGES,https://www.wienerborse.at/en/listing/structured-products/regulated-market-vienna-mtf/,www.wienerborse.at,False,1,LIST_TERM,www.wienerborse.at,False,CANDIDATE_ONLY_NOT_VALIDATED_AS_BULK_SECURITY_TYPE_SOURCE
EU_VIENNA_COMPANIES,EU_PRIMARY_EXCHANGES,https://www.wienerborse.at/en/trading/members/member-list/,www.wienerborse.at,False,1,LIST_TERM,www.wienerborse.at,False,CANDIDATE_ONLY_NOT_VALIDATED_AS_BULK_SECURITY_TYPE_SOURCE
EU_VIENNA_COMPANIES,EU_PRIMARY_EXCHANGES,https://www.wienerborse.at/listing/aktien/unternehmensliste/,www.wienerborse.at,False,1,LIST_TERM,www.wienerborse.at,False,CANDIDATE_ONLY_NOT_VALIDATED_AS_BULK_SECURITY_TYPE_SOURCE
EU_XETRA_SHARES,EU_PRIMARY_EXCHANGES,https://www.cashmarket.deutsche-boerse.com/cash-en/Data-Tech/statistics/listed-companies,www.cashmarket.deutsche-boerse.com,False,1,LIST_TERM,www.cashmarket.deutsche-boerse.com,False,CANDIDATE_ONLY_NOT_VALIDATED_AS_BULK_SECURITY_TYPE_SOURCE
EU_XETRA_SHARES,EU_PRIMARY_EXCHANGES,https://www.cashmarket.deutsche-boerse.com/cash-en/Get-Listed,www.cashmarket.deutsche-boerse.com,False,1,LIST_TERM,www.cashmarket.deutsche-boerse.com,False,CANDIDATE_ONLY_NOT_VALIDATED_AS_BULK_SECURITY_TYPE_SOURCE
EU_XETRA_SHARES,EU_PRIMARY_EXCHANGES,https://www.cashmarket.deutsche-boerse.com/cash-en/Get-Listed/IPO-Bell-Ringing-Ceremony,www.cashmarket.deutsche-boerse.com,False,1,LIST_TERM,www.cashmarket.deutsche-boerse.com,False,CANDIDATE_ONLY_NOT_VALIDATED_AS_BULK_SECURITY_TYPE_SOURCE
EU_XETRA_SHARES,EU_PRIMARY_EXCHANGES,https://www.cashmarket.deutsche-boerse.com/cash-en/Get-Listed/IPO-Bell-Ringing-Ceremony/media-gallery,www.cashmarket.deutsche-boerse.com,False,1,LIST_TERM,www.cashmarket.deutsche-boerse.com,False,CANDIDATE_ONLY_NOT_VALIDATED_AS_BULK_SECURITY_TYPE_SOURCE
EU_XETRA_SHARES,EU_PRIMARY_EXCHANGES,https://www.cashmarket.deutsche-boerse.com/cash-en/Get-Listed/Raise-Capital,www.cashmarket.deutsche-boerse.com,False,1,LIST_TERM,www.cashmarket.deutsche-boerse.com,False,CANDIDATE_ONLY_NOT_VALIDATED_AS_BULK_SECURITY_TYPE_SOURCE
EU_XETRA_SHARES,EU_PRIMARY_EXCHANGES,https://www.cashmarket.deutsche-boerse.com/cash-en/Get-Listed/Raise-Capital/IPO,www.cashmarket.deutsche-boerse.com,False,1,LIST_TERM,www.cashmarket.deutsche-boerse.com,False,CANDIDATE_ONLY_NOT_VALIDATED_AS_BULK_SECURITY_TYPE_SOURCE
EU_XETRA_SHARES,EU_PRIMARY_EXCHANGES,https://www.cashmarket.deutsche-boerse.com/cash-en/Get-Listed/Raise-Capital/Road-to-IPO,www.cashmarket.deutsche-boerse.com,False,1,LIST_TERM,www.cashmarket.deutsche-boerse.com,False,CANDIDATE_ONLY_NOT_VALIDATED_AS_BULK_SECURITY_TYPE_SOURCE
EU_XETRA_SHARES,EU_PRIMARY_EXCHANGES,https://www.cashmarket.deutsche-boerse.com/cash-en/Get-Listed/Raise-Capital/Road-to-IPO/why-frankfurt,www.cashmarket.deutsche-boerse.com,False,1,LIST_TERM,www.cashmarket.deutsche-boerse.com,False,CANDIDATE_ONLY_NOT_VALIDATED_AS_BULK_SECURITY_TYPE_SOURCE
EU_XETRA_SHARES,EU_PRIMARY_EXCHANGES,https://www.cashmarket.deutsche-boerse.com/cash-en/Get-Listed/Raise-Capital/directplace,www.cashmarket.deutsche-boerse.com,False,1,LIST_TERM,www.cashmarket.deutsche-boerse.com,False,CANDIDATE_ONLY_NOT_VALIDATED_AS_BULK_SECURITY_TYPE_SOURCE
EU_XETRA_SHARES,EU_PRIMARY_EXCHANGES,https://www.cashmarket.deutsche-boerse.com/cash-en/Get-Listed/Raise-Capital/listing-trends,www.cashmarket.deutsche-boerse.com,False,1,LIST_TERM,www.cashmarket.deutsche-boerse.com,False,CANDIDATE_ONLY_NOT_VALIDATED_AS_BULK_SECURITY_TYPE_SOURCE
EU_XETRA_SHARES,EU_PRIMARY_EXCHANGES,https://www.cashmarket.deutsche-boerse.com/cash-en/Get-Listed/capital-market-partner,www.cashmarket.deutsche-boerse.com,False,1,LIST_TERM,www.cashmarket.deutsche-boerse.com,False,CANDIDATE_ONLY_NOT_VALIDATED_AS_BULK_SECURITY_TYPE_SOURCE
EU_XETRA_SHARES,EU_PRIMARY_EXCHANGES,https://www.cashmarket.deutsche-boerse.com/cash-en/Get-Listed/capital-market-partner/deutsche-boerse-capital-market-partner-search,www.cashmarket.deutsche-boerse.com,False,1,LIST_TERM,www.cashmarket.deutsche-boerse.com,False,CANDIDATE_ONLY_NOT_VALIDATED_AS_BULK_SECURITY_TYPE_SOURCE
EU_XETRA_SHARES,EU_PRIMARY_EXCHANGES,https://www.cashmarket.deutsche-boerse.com/cash-en/Get-Listed/ipo-line-going-public,www.cashmarket.deutsche-boerse.com,False,1,LIST_TERM,www.cashmarket.deutsche-boerse.com,False,CANDIDATE_ONLY_NOT_VALIDATED_AS_BULK_SECURITY_TYPE_SOURCE
EU_XETRA_SHARES,EU_PRIMARY_EXCHANGES,https://www.cashmarket.deutsche-boerse.com/cash-en/Get-Listed/ipo-line-going-public/Certificates-Warrants,www.cashmarket.deutsche-boerse.com,False,1,LIST_TERM,www.cashmarket.deutsche-boerse.com,False,CANDIDATE_ONLY_NOT_VALIDATED_AS_BULK_SECURITY_TYPE_SOURCE
EU_XETRA_SHARES,EU_PRIMARY_EXCHANGES,https://www.cashmarket.deutsche-boerse.com/cash-en/Get-Listed/ipo-line-going-public/ETFs-ETPs,www.cashmarket.deutsche-boerse.com,False,1,LIST_TERM,www.cashmarket.deutsche-boerse.com,False,CANDIDATE_ONLY_NOT_VALIDATED_AS_BULK_SECURITY_TYPE_SOURCE
EU_XETRA_SHARES,EU_PRIMARY_EXCHANGES,https://www.cashmarket.deutsche-boerse.com/cash-en/Get-Listed/ipo-line-going-public/Our-Markets,www.cashmarket.deutsche-boerse.com,False,1,LIST_TERM,www.cashmarket.deutsche-boerse.com,False,CANDIDATE_ONLY_NOT_VALIDATED_AS_BULK_SECURITY_TYPE_SOURCE
EU_XETRA_SHARES,EU_PRIMARY_EXCHANGES,https://www.cashmarket.deutsche-boerse.com/cash-en/Get-Listed/ipo-line-going-public/going-public,www.cashmarket.deutsche-boerse.com,False,1,LIST_TERM,www.cashmarket.deutsche-boerse.com,False,CANDIDATE_ONLY_NOT_VALIDATED_AS_BULK_SECURITY_TYPE_SOURCE
EU_XETRA_SHARES,EU_PRIMARY_EXCHANGES,https://www.cashmarket.deutsche-boerse.com/cash-en/Get-Listed/ipo-line-going-public/ipo-line-going-public,www.cashmarket.deutsche-boerse.com,False,1,LIST_TERM,www.cashmarket.deutsche-boerse.com,False,CANDIDATE_ONLY_NOT_VALIDATED_AS_BULK_SECURITY_TYPE_SOURCE
EU_XETRA_SHARES,EU_PRIMARY_EXCHANGES,https://www.cashmarket.deutsche-boerse.com/cash-en/Stay-Informed/circulars-newsletters/listing-circulars,www.cashmarket.deutsche-boerse.com,False,1,LIST_TERM,www.cashmarket.deutsche-boerse.com,False,CANDIDATE_ONLY_NOT_VALIDATED_AS_BULK_SECURITY_TYPE_SOURCE
EU_XETRA_SHARES,EU_PRIMARY_EXCHANGES,https://www.cashmarket.deutsche-boerse.com/cash-en/Stay-Informed/circulars-newsletters/specialists-circulars,www.cashmarket.deutsche-boerse.com,False,1,LIST_TERM,www.cashmarket.deutsche-boerse.com,False,CANDIDATE_ONLY_NOT_VALIDATED_AS_BULK_SECURITY_TYPE_SOURCE
EU_XETRA_SHARES,EU_PRIMARY_EXCHANGES,https://www.cashmarket.deutsche-boerse.com/cash-en/Stay-Informed/fwb-announcements/fwb-informationen-zu-listingverfahren,www.cashmarket.deutsche-boerse.com,False,1,LIST_TERM,www.cashmarket.deutsche-boerse.com,False,CANDIDATE_ONLY_NOT_VALIDATED_AS_BULK_SECURITY_TYPE_SOURCE
EU_XETRA_SHARES,EU_PRIMARY_EXCHANGES,https://www.cashmarket.deutsche-boerse.com/cash-en/trading/Frankfurt/continuous-auction-with-specialist,www.cashmarket.deutsche-boerse.com,False,1,LIST_TERM,www.cashmarket.deutsche-boerse.com,False,CANDIDATE_ONLY_NOT_VALIDATED_AS_BULK_SECURITY_TYPE_SOURCE
EU_XETRA_SHARES,EU_PRIMARY_EXCHANGES,https://www.cashmarket.deutsche-boerse.com/cash-en/trading/Frankfurt/specialists,www.cashmarket.deutsche-boerse.com,False,1,LIST_TERM,www.cashmarket.deutsche-boerse.com,False,CANDIDATE_ONLY_NOT_VALIDATED_AS_BULK_SECURITY_TYPE_SOURCE
TMX_LISTED_DIRECTORY,CA_TSX,https://www.tsx.com/en/listings,www.tsx.com,False,1,LIST_TERM,www.tsx.com,False,CANDIDATE_ONLY_NOT_VALIDATED_AS_BULK_SECURITY_TYPE_SOURCE
TMX_LISTED_DIRECTORY,CA_TSX,https://www.tsx.com/en/listings/current-market-statistics,www.tsx.com,False,1,LIST_TERM,www.tsx.com,False,CANDIDATE_ONLY_NOT_VALIDATED_AS_BULK_SECURITY_TYPE_SOURCE
TMX_LISTED_DIRECTORY,CA_TSX,https://www.tsx.com/en/listings/current-market-statistics/subscribe,www.tsx.com,False,1,LIST_TERM,www.tsx.com,False,CANDIDATE_ONLY_NOT_VALIDATED_AS_BULK_SECURITY_TYPE_SOURCE
TMX_LISTED_DIRECTORY,CA_TSX,https://www.tsx.com/en/listings/listing-with-us,www.tsx.com,False,1,LIST_TERM,www.tsx.com,False,CANDIDATE_ONLY_NOT_VALIDATED_AS_BULK_SECURITY_TYPE_SOURCE
TMX_LISTED_DIRECTORY,CA_TSX,https://www.tsx.com/en/listings/listing-with-us/listed-company-directory,www.tsx.com,False,1,LIST_TERM,www.tsx.com,False,CANDIDATE_ONLY_NOT_VALIDATED_AS_BULK_SECURITY_TYPE_SOURCE
TMX_LISTED_DIRECTORY,CA_TSX,https://www.tsx.com/en/listings/listing-with-us/listing-guides,www.tsx.com,False,1,LIST_TERM,www.tsx.com,False,CANDIDATE_ONLY_NOT_VALIDATED_AS_BULK_SECURITY_TYPE_SOURCE
TMX_LISTED_DIRECTORY,CA_TSX,https://www.tsx.com/en/listings/listing-with-us/sector-and-product-profiles,www.tsx.com,False,1,LIST_TERM,www.tsx.com,False,CANDIDATE_ONLY_NOT_VALIDATED_AS_BULK_SECURITY_TYPE_SOURCE
TMX_LISTED_DIRECTORY,CA_TSX,https://www.tsx.com/en/listings/listing-with-us/sector-and-product-profiles/clean-technology,www.tsx.com,False,1,LIST_TERM,www.tsx.com,False,CANDIDATE_ONLY_NOT_VALIDATED_AS_BULK_SECURITY_TYPE_SOURCE
TMX_LISTED_DIRECTORY,CA_TSX,https://www.tsx.com/en/listings/listing-with-us/sector-and-product-profiles/closed-end-funds,www.tsx.com,False,1,LIST_TERM,www.tsx.com,False,CANDIDATE_ONLY_NOT_VALIDATED_AS_BULK_SECURITY_TYPE_SOURCE
TMX_LISTED_DIRECTORY,CA_TSX,https://www.tsx.com/en/listings/listing-with-us/sector-and-product-profiles/diversified-industries,www.tsx.com,False,1,LIST_TERM,www.tsx.com,False,CANDIDATE_ONLY_NOT_VALIDATED_AS_BULK_SECURITY_TYPE_SOURCE
TMX_LISTED_DIRECTORY,CA_TSX,https://www.tsx.com/en/listings/listing-with-us/sector-and-product-profiles/exchange-traded-funds,www.tsx.com,False,1,LIST_TERM,www.tsx.com,False,CANDIDATE_ONLY_NOT_VALIDATED_AS_BULK_SECURITY_TYPE_SOURCE
TMX_LISTED_DIRECTORY,CA_TSX,https://www.tsx.com/en/listings/listing-with-us/sector-and-product-profiles/international,www.tsx.com,False,1,LIST_TERM,www.tsx.com,False,CANDIDATE_ONLY_NOT_VALIDATED_AS_BULK_SECURITY_TYPE_SOURCE
TMX_LISTED_DIRECTORY,CA_TSX,https://www.tsx.com/en/listings/listing-with-us/sector-and-product-profiles/latin-america,www.tsx.com,False,1,LIST_TERM,www.tsx.com,False,CANDIDATE_ONLY_NOT_VALIDATED_AS_BULK_SECURITY_TYPE_SOURCE
TMX_LISTED_DIRECTORY,CA_TSX,https://www.tsx.com/en/listings/listing-with-us/sector-and-product-profiles/latin-america-portuguese,www.tsx.com,False,1,LIST_TERM,www.tsx.com,False,CANDIDATE_ONLY_NOT_VALIDATED_AS_BULK_SECURITY_TYPE_SOURCE
TMX_LISTED_DIRECTORY,CA_TSX,https://www.tsx.com/en/listings/listing-with-us/sector-and-product-profiles/life-sciences,www.tsx.com,False,1,LIST_TERM,www.tsx.com,False,CANDIDATE_ONLY_NOT_VALIDATED_AS_BULK_SECURITY_TYPE_SOURCE
TMX_LISTED_DIRECTORY,CA_TSX,https://www.tsx.com/en/listings/listing-with-us/sector-and-product-profiles/real-estate,www.tsx.com,False,1,LIST_TERM,www.tsx.com,False,CANDIDATE_ONLY_NOT_VALIDATED_AS_BULK_SECURITY_TYPE_SOURCE
TMX_LISTED_DIRECTORY,CA_TSX,https://www.tsx.com/en/listings/listing-with-us/sector-and-product-profiles/structured-notes,www.tsx.com,False,1,LIST_TERM,www.tsx.com,False,CANDIDATE_ONLY_NOT_VALIDATED_AS_BULK_SECURITY_TYPE_SOURCE
TMX_LISTED_DIRECTORY,CA_TSX,https://www.tsx.com/en/listings/listing-with-us/sector-and-product-profiles/technology,www.tsx.com,False,1,LIST_TERM,www.tsx.com,False,CANDIDATE_ONLY_NOT_VALIDATED_AS_BULK_SECURITY_TYPE_SOURCE
TMX_LISTED_DIRECTORY,CA_TSX,https://www.tsx.com/en/listings/listing-with-us/sector-and-product-profiles/united-states,www.tsx.com,False,1,LIST_TERM,www.tsx.com,False,CANDIDATE_ONLY_NOT_VALIDATED_AS_BULK_SECURITY_TYPE_SOURCE
TMX_LISTED_DIRECTORY,CA_TSX,https://www.tsx.com/en/listings/tsx-and-tsxv-issuer-resources,www.tsx.com,False,1,LIST_TERM,www.tsx.com,False,CANDIDATE_ONLY_NOT_VALIDATED_AS_BULK_SECURITY_TYPE_SOURCE
TMX_LISTED_DIRECTORY,CA_TSX,https://www.tsx.com/en/listings/tsx-and-tsxv-issuer-resources/tmx-linx-exchange-submission-portal,www.tsx.com,False,1,LIST_TERM,www.tsx.com,False,CANDIDATE_ONLY_NOT_VALIDATED_AS_BULK_SECURITY_TYPE_SOURCE
TMX_LISTED_DIRECTORY,CA_TSX,https://www.tsx.com/en/listings/tsx-and-tsxv-issuer-resources/tsx-issuer-resources,www.tsx.com,False,1,LIST_TERM,www.tsx.com,False,CANDIDATE_ONLY_NOT_VALIDATED_AS_BULK_SECURITY_TYPE_SOURCE
TMX_LISTED_DIRECTORY,CA_TSX,https://www.tsx.com/en/listings/tsx-and-tsxv-issuer-resources/tsx-issuer-resources/corporate-governance,www.tsx.com,False,1,LIST_TERM,www.tsx.com,False,CANDIDATE_ONLY_NOT_VALIDATED_AS_BULK_SECURITY_TYPE_SOURCE
TMX_LISTED_DIRECTORY,CA_TSX,https://www.tsx.com/en/listings/tsx-and-tsxv-issuer-resources/tsx-issuer-resources/declaring-dividends-or-distributions,www.tsx.com,False,1,LIST_TERM,www.tsx.com,False,CANDIDATE_ONLY_NOT_VALIDATED_AS_BULK_SECURITY_TYPE_SOURCE
TMX_LISTED_DIRECTORY,CA_TSX,https://www.tsx.com/en/listings/tsx-and-tsxv-issuer-resources/tsx-issuer-resources/disclosure-requirements,www.tsx.com,False,1,LIST_TERM,www.tsx.com,False,CANDIDATE_ONLY_NOT_VALIDATED_AS_BULK_SECURITY_TYPE_SOURCE
TMX_LISTED_DIRECTORY,CA_TSX,https://www.tsx.com/en/listings/tsx-and-tsxv-issuer-resources/tsx-issuer-resources/issuer-fees,www.tsx.com,False,1,LIST_TERM,www.tsx.com,False,CANDIDATE_ONLY_NOT_VALIDATED_AS_BULK_SECURITY_TYPE_SOURCE
TMX_LISTED_DIRECTORY,CA_TSX,https://www.tsx.com/en/listings/tsx-and-tsxv-issuer-resources/tsx-issuer-resources/sp-tsx-index-eligibility,www.tsx.com,False,1,LIST_TERM,www.tsx.com,False,CANDIDATE_ONLY_NOT_VALIDATED_AS_BULK_SECURITY_TYPE_SOURCE
TMX_LISTED_DIRECTORY,CA_TSX,https://www.tsx.com/en/listings/tsx-and-tsxv-issuer-resources/tsx-issuer-resources/third-party-contacts,www.tsx.com,False,1,LIST_TERM,www.tsx.com,False,CANDIDATE_ONLY_NOT_VALIDATED_AS_BULK_SECURITY_TYPE_SOURCE
TMX_LISTED_DIRECTORY,CA_TSX,https://www.tsx.com/en/listings/tsx-and-tsxv-issuer-resources/tsx-issuer-resources/tmx-door,www.tsx.com,False,1,LIST_TERM,www.tsx.com,False,CANDIDATE_ONLY_NOT_VALIDATED_AS_BULK_SECURITY_TYPE_SOURCE
TMX_LISTED_DIRECTORY,CA_TSX,https://www.tsx.com/en/listings/tsx-and-tsxv-issuer-resources/tsx-venture-exchange-issuer-resources,www.tsx.com,False,1,LIST_TERM,www.tsx.com,False,CANDIDATE_ONLY_NOT_VALIDATED_AS_BULK_SECURITY_TYPE_SOURCE
TMX_LISTED_DIRECTORY,CA_TSX,https://www.tsx.com/en/listings/tsx-and-tsxv-issuer-resources/tsx-venture-exchange-issuer-resources/advisory-committees,www.tsx.com,False,1,LIST_TERM,www.tsx.com,False,CANDIDATE_ONLY_NOT_VALIDATED_AS_BULK_SECURITY_TYPE_SOURCE
TMX_LISTED_DIRECTORY,CA_TSX,https://www.tsx.com/en/listings/tsx-and-tsxv-issuer-resources/tsx-venture-exchange-issuer-resources/graduation-to-toronto-stock-exchange,www.tsx.com,False,1,LIST_TERM,www.tsx.com,False,CANDIDATE_ONLY_NOT_VALIDATED_AS_BULK_SECURITY_TYPE_SOURCE
TMX_LISTED_DIRECTORY,CA_TSX,https://www.tsx.com/en/listings/tsx-and-tsxv-issuer-resources/tsx-venture-exchange-issuer-resources/nex,www.tsx.com,False,1,LIST_TERM,www.tsx.com,False,CANDIDATE_ONLY_NOT_VALIDATED_AS_BULK_SECURITY_TYPE_SOURCE
TMX_LISTED_DIRECTORY,CA_TSX,https://www.tsx.com/en/listings/tsx-and-tsxv-issuer-resources/tsx-venture-exchange-issuer-resources/publications,www.tsx.com,False,1,LIST_TERM,www.tsx.com,False,CANDIDATE_ONLY_NOT_VALIDATED_AS_BULK_SECURITY_TYPE_SOURCE
TMX_LISTED_DIRECTORY,CA_TSX,https://www.tsx.com/en/listings/tsx-and-tsxv-issuer-resources/tsx-venture-exchange-issuer-resources/sandp-tsx-venture-index-eligibility,www.tsx.com,False,1,LIST_TERM,www.tsx.com,False,CANDIDATE_ONLY_NOT_VALIDATED_AS_BULK_SECURITY_TYPE_SOURCE
TMX_LISTED_DIRECTORY,CA_TSX,https://www.tsx.com/en/listings/tsx-and-tsxv-issuer-resources/tsx-venture-exchange-issuer-resources/third-party-contacts,www.tsx.com,False,1,LIST_TERM,www.tsx.com,False,CANDIDATE_ONLY_NOT_VALIDATED_AS_BULK_SECURITY_TYPE_SOURCE
TMX_LISTED_DIRECTORY,CA_TSX,https://www.tsx.com/en/listings/tsx-and-tsxv-issuer-resources/tsx-venture-exchange-issuer-resources/tsx-venture-exchange-corporate-finance-manual,www.tsx.com,False,1,LIST_TERM,www.tsx.com,False,CANDIDATE_ONLY_NOT_VALIDATED_AS_BULK_SECURITY_TYPE_SOURCE
TMX_LISTED_DIRECTORY,CA_TSX,https://www.tsx.com/en/listings/tsx-and-tsxv-issuer-resources/tsx-venture-exchange-issuer-resources/tsx-venture-exchange-market-information,www.tsx.com,False,1,LIST_TERM,www.tsx.com,False,CANDIDATE_ONLY_NOT_VALIDATED_AS_BULK_SECURITY_TYPE_SOURCE
TMX_LISTED_DIRECTORY,CA_TSX,https://www.tsx.com/en/listings/tsx-and-tsxv-issuer-resources/tsx-venture-exchange-issuer-resources/tsxv-passport,www.tsx.com,False,1,LIST_TERM,www.tsx.com,False,CANDIDATE_ONLY_NOT_VALIDATED_AS_BULK_SECURITY_TYPE_SOURCE
TMX_LISTED_DIRECTORY,CA_TSX,https://www.tsx.com/en/listings/tsx-and-tsxv-issuer-resources/tsx-venture-exchange-issuer-resources/tsxv-sandbox,www.tsx.com,False,1,LIST_TERM,www.tsx.com,False,CANDIDATE_ONLY_NOT_VALIDATED_AS_BULK_SECURITY_TYPE_SOURCE
EU_SIX_EQUITIES,EU_PRIMARY_EXCHANGES,https://ibt.six-group.com/issuers/services/connexor/ibt2/login_en.html,ibt.six-group.com,False,0,LOW_SIGNAL_LINK,ibt.six-group.com,False,CANDIDATE_ONLY_NOT_VALIDATED_AS_BULK_SECURITY_TYPE_SOURCE
EU_XETRA_SHARES,EU_PRIMARY_EXCHANGES,https://www.cashmarket.deutsche-boerse.com/cash-en/Being-Public/Issuer-Services,www.cashmarket.deutsche-boerse.com,False,0,LOW_SIGNAL_LINK,www.cashmarket.deutsche-boerse.com,False,CANDIDATE_ONLY_NOT_VALIDATED_AS_BULK_SECURITY_TYPE_SOURCE
EU_XETRA_SHARES,EU_PRIMARY_EXCHANGES,https://www.cashmarket.deutsche-boerse.com/cash-en/Being-Public/Issuer-Services/Data-Webservices,www.cashmarket.deutsche-boerse.com,False,0,LOW_SIGNAL_LINK,www.cashmarket.deutsche-boerse.com,False,CANDIDATE_ONLY_NOT_VALIDATED_AS_BULK_SECURITY_TYPE_SOURCE
EU_XETRA_SHARES,EU_PRIMARY_EXCHANGES,https://www.cashmarket.deutsche-boerse.com/cash-en/Being-Public/Issuer-Services/Training,www.cashmarket.deutsche-boerse.com,False,0,LOW_SIGNAL_LINK,www.cashmarket.deutsche-boerse.com,False,CANDIDATE_ONLY_NOT_VALIDATED_AS_BULK_SECURITY_TYPE_SOURCE
EU_XETRA_SHARES,EU_PRIMARY_EXCHANGES,https://www.cashmarket.deutsche-boerse.com/cash-en/Being-Public/Issuer-Services/events,www.cashmarket.deutsche-boerse.com,False,0,LOW_SIGNAL_LINK,www.cashmarket.deutsche-boerse.com,False,CANDIDATE_ONLY_NOT_VALIDATED_AS_BULK_SECURITY_TYPE_SOURCE
EU_XETRA_SHARES,EU_PRIMARY_EXCHANGES,https://www.cashmarket.deutsche-boerse.com/cash-en/trading/etfs-etps/issuer-profiles,www.cashmarket.deutsche-boerse.com,False,0,LOW_SIGNAL_LINK,www.cashmarket.deutsche-boerse.com,False,CANDIDATE_ONLY_NOT_VALIDATED_AS_BULK_SECURITY_TYPE_SOURCE
