WS_ID,Name,Country,Primary_Universe_Index,Primary_MIC,Primary_Ticker,Yahoo_Symbol,Cache_Status,Cache_Reason,Liquidity_Data_Status,Liquidity_Gate,Liquidity_Bucket,MedianTurnover20_EUR,MedianTurnover60_EUR,Scalable_Tradeability_Status,Scalable_Gate,Instrument_Decision_v0_14,Instrument_Type_Resolved_v0_14,Instrument_Resolution_Method_v0_14,Instrument_Resolution_Reason_v0_14,Strict_Eligibility_v0_14,Primary_Root_Cause_v0_23,Primary_Root_Cause_Detail_v0_23,Remediation_Class_v0_23,All_Blockers_v0_23,status,reason_code,unique_bars,valid_bars,suspicious_returns,first_bar_date,last_bar_date,Current_Evidence_State_v0_24,Recommended_Next_Action_v0_24,Automatic_Eligibility_Promotion_v0_24,Recheck_Mode_v0_25,Data_Gap_State_v0_25,Automatic_Eligibility_Promotion_v0_25
WS:XASX:MSB,Mesoblast,Australia,AU_ASX200,XASX,MSB,MSB.AX,QUARANTINE,SUSPICIOUS_RETURN_NEEDS_REPAIR,NOT_EVALUATED_NON_READY,NOT_VERIFIED,DATA_OR_FX_NOT_VERIFIED,,,NOT_VERIFIED,PASS_OR_NOT_VERIFIED,NOT_VERIFIED,,,,FAIL,CACHE_NOT_READY:QUARANTINE,SUSPICIOUS_RETURN_NEEDS_REPAIR,DATA_HISTORY_REMEDIATION_CANDIDATE,CACHE:QUARANTINE:SUSPICIOUS_RETURN_NEEDS_REPAIR;LIQUIDITY:NOT_VERIFIED:DATA_OR_FX_NOT_VERIFIED;INSTRUMENT:NOT_VERIFIED:NO_REASON,QUARANTINE,SUSPICIOUS_RETURN_NEEDS_REPAIR,508,508,1,2024-08-21,2026-08-21,QA_V0_4_RESIDUAL_NON_READY,BOUNDED_CURRENT_HISTORY_RECHECK_OR_TARGETED_REFRESH_AFTER_REASON_REVIEW,False,FROZEN_REPOSITORY_EVIDENCE_ONLY_NO_PRICE_OR_FX_DOWNLOAD,STILL_REQUIRES_TARGETED_HISTORY_REPAIR_OR_REQUALIFICATION,False
WS:XASX:TUA,Tuas,Australia,AU_ASX200,XASX,TUA,TUA.AX,QUARANTINE,SUSPICIOUS_RETURN_NEEDS_REPAIR,NOT_EVALUATED_NON_READY,NOT_VERIFIED,DATA_OR_FX_NOT_VERIFIED,,,NOT_VERIFIED,PASS_OR_NOT_VERIFIED,NOT_VERIFIED,,,,FAIL,CACHE_NOT_READY:QUARANTINE,SUSPICIOUS_RETURN_NEEDS_REPAIR,DATA_HISTORY_REMEDIATION_CANDIDATE,CACHE:QUARANTINE:SUSPICIOUS_RETURN_NEEDS_REPAIR;LIQUIDITY:NOT_VERIFIED:DATA_OR_FX_NOT_VERIFIED;INSTRUMENT:NOT_VERIFIED:NO_REASON,QUARANTINE,SUSPICIOUS_RETURN_NEEDS_REPAIR,508,508,1,2024-08-21,2026-08-21,QA_V0_4_RESIDUAL_NON_READY,BOUNDED_CURRENT_HISTORY_RECHECK_OR_TARGETED_REFRESH_AFTER_REASON_REVIEW,False,FROZEN_REPOSITORY_EVIDENCE_ONLY_NO_PRICE_OR_FX_DOWNLOAD,STILL_REQUIRES_TARGETED_HISTORY_REPAIR_OR_REQUALIFICATION,False
WS:XASX:ASK,Abacus Storage King,Australia,AU_ASX200,XASX,ASK,ASK.AX,WARMUP,INSUFFICIENT_HISTORY,NOT_EVALUATED_NON_READY,NOT_VERIFIED,DATA_OR_FX_NOT_VERIFIED,,,NOT_VERIFIED,PASS_OR_NOT_VERIFIED,NOT_VERIFIED,,,,FAIL,CACHE_NOT_READY:WARMUP,INSUFFICIENT_HISTORY,DATA_HISTORY_REMEDIATION_CANDIDATE,CACHE:WARMUP:INSUFFICIENT_HISTORY;LIQUIDITY:NOT_VERIFIED:DATA_OR_FX_NOT_VERIFIED;INSTRUMENT:NOT_VERIFIED:NO_REASON,WARMUP,INSUFFICIENT_HISTORY,26,26,0,2026-07-17,2026-08-21,QA_V0_4_RESIDUAL_NON_READY,BOUNDED_CURRENT_HISTORY_RECHECK_OR_TARGETED_REFRESH_AFTER_REASON_REVIEW,False,FROZEN_REPOSITORY_EVIDENCE_ONLY_NO_PRICE_OR_FX_DOWNLOAD,STILL_REQUIRES_TARGETED_HISTORY_REPAIR_OR_REQUALIFICATION,False
WS:XASX:L1G,L1 Group,Australia,AU_ASX200,XASX,L1G,L1G.AX,WARMUP,INSUFFICIENT_HISTORY,NOT_EVALUATED_NON_READY,NOT_VERIFIED,DATA_OR_FX_NOT_VERIFIED,,,NOT_VERIFIED,PASS_OR_NOT_VERIFIED,NOT_VERIFIED,,,,FAIL,CACHE_NOT_READY:WARMUP,INSUFFICIENT_HISTORY,DATA_HISTORY_REMEDIATION_CANDIDATE,CACHE:WARMUP:INSUFFICIENT_HISTORY;LIQUIDITY:NOT_VERIFIED:DATA_OR_FX_NOT_VERIFIED;INSTRUMENT:NOT_VERIFIED:NO_REASON,WARMUP,INSUFFICIENT_HISTORY,224,224,0,2025-10-03,2026-08-21,QA_V0_4_RESIDUAL_NON_READY,BOUNDED_CURRENT_HISTORY_RECHECK_OR_TARGETED_REFRESH_AFTER_REASON_REVIEW,False,FROZEN_REPOSITORY_EVIDENCE_ONLY_NO_PRICE_OR_FX_DOWNLOAD,STILL_REQUIRES_TARGETED_HISTORY_REPAIR_OR_REQUALIFICATION,False
WS:XASX:RYM,Ryman Healthcare,Australia,AU_ASX200,XASX,RYM,RYM.AX,WARMUP,INSUFFICIENT_HISTORY,NOT_EVALUATED_NON_READY,NOT_VERIFIED,DATA_OR_FX_NOT_VERIFIED,,,NOT_VERIFIED,PASS_OR_NOT_VERIFIED,NOT_VERIFIED,,,,FAIL,CACHE_NOT_READY:WARMUP,INSUFFICIENT_HISTORY,DATA_HISTORY_REMEDIATION_CANDIDATE,CACHE:WARMUP:INSUFFICIENT_HISTORY;LIQUIDITY:NOT_VERIFIED:DATA_OR_FX_NOT_VERIFIED;INSTRUMENT:NOT_VERIFIED:NO_REASON,WARMUP,INSUFFICIENT_HISTORY,223,223,0,2025-10-06,2026-08-21,QA_V0_4_RESIDUAL_NON_READY,BOUNDED_CURRENT_HISTORY_RECHECK_OR_TARGETED_REFRESH_AFTER_REASON_REVIEW,False,FROZEN_REPOSITORY_EVIDENCE_ONLY_NO_PRICE_OR_FX_DOWNLOAD,STILL_REQUIRES_TARGETED_HISTORY_REPAIR_OR_REQUALIFICATION,False
WS:XASX:CTD,Corporate Travel Management,Australia,AU_ASX200,XASX,CTD,CTD.AX,READY,,USABLE_SESSIONS_BELOW_18_OF_20,NOT_VERIFIED,DATA_OR_FX_NOT_VERIFIED,,,NOT_VERIFIED,PASS_OR_NOT_VERIFIED,NOT_VERIFIED,,,,NOT_VERIFIED,LIQUIDITY_NOT_VERIFIED:NOT_VERIFIED,DATA_OR_FX_NOT_VERIFIED,DATA_OR_FX_VERIFICATION_CANDIDATE,LIQUIDITY:NOT_VERIFIED:DATA_OR_FX_NOT_VERIFIED;INSTRUMENT:NOT_VERIFIED:NO_REASON,,,,,,,,CACHE_READY_BUT_LIQUIDITY_DATA_OR_FX_RECHECK_REQUIRED,RECOMPUTE_LIQUIDITY_DATA_COVERAGE_WITH_ACCEPTED_CACHE_AND_FX_INPUTS,False,FROZEN_REPOSITORY_EVIDENCE_ONLY_NO_PRICE_OR_FX_DOWNLOAD,STILL_REQUIRES_LIQUIDITY_DATA_OR_FX_RECOMPUTE,False
WS:XASX:FRW,Freightways Group,Australia,AU_ASX200,XASX,FRW,FRW.AX,READY,,USABLE_SESSIONS_BELOW_18_OF_20,NOT_VERIFIED,DATA_OR_FX_NOT_VERIFIED,1219.5591158917896,964.6590886631246,NOT_VERIFIED,PASS_OR_NOT_VERIFIED,NOT_VERIFIED,,,,NOT_VERIFIED,LIQUIDITY_NOT_VERIFIED:NOT_VERIFIED,DATA_OR_FX_NOT_VERIFIED,DATA_OR_FX_VERIFICATION_CANDIDATE,LIQUIDITY:NOT_VERIFIED:DATA_OR_FX_NOT_VERIFIED;INSTRUMENT:NOT_VERIFIED:NO_REASON,,,,,,,,CACHE_READY_BUT_LIQUIDITY_DATA_OR_FX_RECHECK_REQUIRED,RECOMPUTE_LIQUIDITY_DATA_COVERAGE_WITH_ACCEPTED_CACHE_AND_FX_INPUTS,False,FROZEN_REPOSITORY_EVIDENCE_ONLY_NO_PRICE_OR_FX_DOWNLOAD,STILL_REQUIRES_LIQUIDITY_DATA_OR_FX_RECOMPUTE,False
WS:XASX:QUB,Qube Holdings,Australia,AU_ASX200,XASX,QUB,QUB.AX,READY,,USABLE_SESSIONS_BELOW_18_OF_20,NOT_VERIFIED,DATA_OR_FX_NOT_VERIFIED,,19658644.648758303,NOT_VERIFIED,PASS_OR_NOT_VERIFIED,NOT_VERIFIED,,,,NOT_VERIFIED,LIQUIDITY_NOT_VERIFIED:NOT_VERIFIED,DATA_OR_FX_NOT_VERIFIED,DATA_OR_FX_VERIFICATION_CANDIDATE,LIQUIDITY:NOT_VERIFIED:DATA_OR_FX_NOT_VERIFIED;INSTRUMENT:NOT_VERIFIED:NO_REASON,,,,,,,,CACHE_READY_BUT_LIQUIDITY_DATA_OR_FX_RECHECK_REQUIRED,RECOMPUTE_LIQUIDITY_DATA_COVERAGE_WITH_ACCEPTED_CACHE_AND_FX_INPUTS,False,FROZEN_REPOSITORY_EVIDENCE_ONLY_NO_PRICE_OR_FX_DOWNLOAD,STILL_REQUIRES_LIQUIDITY_DATA_OR_FX_RECOMPUTE,False
WS:BVMF:NATU3,NATU3,Brazil,BR_IBRX100,BVMF,NATU3,NATU3.SA,QUARANTINE,SUSPICIOUS_RETURN_NEEDS_REPAIR,NOT_EVALUATED_NON_READY,NOT_VERIFIED,DATA_OR_FX_NOT_VERIFIED,,,NOT_VERIFIED,PASS_OR_NOT_VERIFIED,NOT_VERIFIED,,,,FAIL,CACHE_NOT_READY:QUARANTINE,SUSPICIOUS_RETURN_NEEDS_REPAIR,DATA_HISTORY_REMEDIATION_CANDIDATE,CACHE:QUARANTINE:SUSPICIOUS_RETURN_NEEDS_REPAIR;LIQUIDITY:NOT_VERIFIED:DATA_OR_FX_NOT_VERIFIED;INSTRUMENT:NOT_VERIFIED:NO_REASON,QUARANTINE,SUSPICIOUS_RETURN_NEEDS_REPAIR,291,291,1,2025-06-26,2026-08-21,QA_V0_4_RESIDUAL_NON_READY,BOUNDED_CURRENT_HISTORY_RECHECK_OR_TARGETED_REFRESH_AFTER_REASON_REVIEW,False,FROZEN_REPOSITORY_EVIDENCE_ONLY_NO_PRICE_OR_FX_DOWNLOAD,STILL_REQUIRES_TARGETED_HISTORY_REPAIR_OR_REQUALIFICATION,False
WS:BVMF:AUAU3,AUAU3,Brazil,BR_IBRX100,BVMF,AUAU3,AUAU3.SA,WARMUP,INSUFFICIENT_HISTORY,NOT_EVALUATED_NON_READY,NOT_VERIFIED,DATA_OR_FX_NOT_VERIFIED,,,NOT_VERIFIED,PASS_OR_NOT_VERIFIED,NOT_VERIFIED,,,,FAIL,CACHE_NOT_READY:WARMUP,INSUFFICIENT_HISTORY,DATA_HISTORY_REMEDIATION_CANDIDATE,CACHE:WARMUP:INSUFFICIENT_HISTORY;LIQUIDITY:NOT_VERIFIED:DATA_OR_FX_NOT_VERIFIED;INSTRUMENT:NOT_VERIFIED:NO_REASON,WARMUP,INSUFFICIENT_HISTORY,159,159,0,2026-01-05,2026-08-21,QA_V0_4_RESIDUAL_NON_READY,BOUNDED_CURRENT_HISTORY_RECHECK_OR_TARGETED_REFRESH_AFTER_REASON_REVIEW,False,FROZEN_REPOSITORY_EVIDENCE_ONLY_NO_PRICE_OR_FX_DOWNLOAD,STILL_REQUIRES_TARGETED_HISTORY_REPAIR_OR_REQUALIFICATION,False
WS:XTSE:IAU,i-80 Gold Corp.,Canada,CA_TSX,XTSE,IAU,IAU.TO,QUARANTINE,SUSPICIOUS_RETURN_NEEDS_REPAIR,NOT_EVALUATED_NON_READY,NOT_VERIFIED,DATA_OR_FX_NOT_VERIFIED,,,NOT_VERIFIED,PASS_OR_NOT_VERIFIED,NOT_VERIFIED,,,,FAIL,CACHE_NOT_READY:QUARANTINE,SUSPICIOUS_RETURN_NEEDS_REPAIR,DATA_HISTORY_REMEDIATION_CANDIDATE,CACHE:QUARANTINE:SUSPICIOUS_RETURN_NEEDS_REPAIR;LIQUIDITY:NOT_VERIFIED:DATA_OR_FX_NOT_VERIFIED;INSTRUMENT:NOT_VERIFIED:NO_REASON,QUARANTINE,SUSPICIOUS_RETURN_NEEDS_REPAIR,503,503,1,2024-08-21,2026-08-21,QA_V0_4_RESIDUAL_NON_READY,BOUNDED_CURRENT_HISTORY_RECHECK_OR_TARGETED_REFRESH_AFTER_REASON_REVIEW,False,FROZEN_REPOSITORY_EVIDENCE_ONLY_NO_PRICE_OR_FX_DOWNLOAD,STILL_REQUIRES_TARGETED_HISTORY_REPAIR_OR_REQUALIFICATION,False
WS:XTSE:LAC,Lithium Americas Corp.,Canada,CA_TSX,XTSE,LAC,LAC.TO,QUARANTINE,SUSPICIOUS_RETURN_NEEDS_REPAIR,NOT_EVALUATED_NON_READY,NOT_VERIFIED,DATA_OR_FX_NOT_VERIFIED,,,NOT_VERIFIED,PASS_OR_NOT_VERIFIED,NOT_VERIFIED,,,,FAIL,CACHE_NOT_READY:QUARANTINE,SUSPICIOUS_RETURN_NEEDS_REPAIR,DATA_HISTORY_REMEDIATION_CANDIDATE,CACHE:QUARANTINE:SUSPICIOUS_RETURN_NEEDS_REPAIR;LIQUIDITY:NOT_VERIFIED:DATA_OR_FX_NOT_VERIFIED;INSTRUMENT:NOT_VERIFIED:NO_REASON,QUARANTINE,SUSPICIOUS_RETURN_NEEDS_REPAIR,503,503,1,2024-08-21,2026-08-21,QA_V0_4_RESIDUAL_NON_READY,BOUNDED_CURRENT_HISTORY_RECHECK_OR_TARGETED_REFRESH_AFTER_REASON_REVIEW,False,FROZEN_REPOSITORY_EVIDENCE_ONLY_NO_PRICE_OR_FX_DOWNLOAD,STILL_REQUIRES_TARGETED_HISTORY_REPAIR_OR_REQUALIFICATION,False
WS:XSHE:001280,"China National Uranium Co., Ltd.",China,CN_CSI300,XSHE,001280,001280.SZ,WARMUP,INSUFFICIENT_HISTORY,NOT_EVALUATED_NON_READY,NOT_VERIFIED,DATA_OR_FX_NOT_VERIFIED,,,NOT_VERIFIED,PASS_OR_NOT_VERIFIED,PASS,COMMON_STOCK,,,FAIL,CACHE_NOT_READY:WARMUP,INSUFFICIENT_HISTORY,DATA_HISTORY_REMEDIATION_CANDIDATE,CACHE:WARMUP:INSUFFICIENT_HISTORY;LIQUIDITY:NOT_VERIFIED:DATA_OR_FX_NOT_VERIFIED,WARMUP,INSUFFICIENT_HISTORY,175,175,0,2025-12-03,2026-08-21,QA_V0_4_RESIDUAL_NON_READY,BOUNDED_CURRENT_HISTORY_RECHECK_OR_TARGETED_REFRESH_AFTER_REASON_REVIEW,False,FROZEN_REPOSITORY_EVIDENCE_ONLY_NO_PRICE_OR_FX_DOWNLOAD,STILL_REQUIRES_TARGETED_HISTORY_REPAIR_OR_REQUALIFICATION,False
WS:XSHE:302132,AVIC CHENGDU AIRCRAFT COMPANY LIMITED,China,CN_CSI300,XSHE,302132,302132.SZ,READY,,USABLE_SESSIONS_BELOW_18_OF_20,NOT_VERIFIED,DATA_OR_FX_NOT_VERIFIED,,,NOT_VERIFIED,PASS_OR_NOT_VERIFIED,PASS,COMMON_STOCK,,,NOT_VERIFIED,LIQUIDITY_NOT_VERIFIED:NOT_VERIFIED,DATA_OR_FX_NOT_VERIFIED,DATA_OR_FX_VERIFICATION_CANDIDATE,LIQUIDITY:NOT_VERIFIED:DATA_OR_FX_NOT_VERIFIED,,,,,,,,CACHE_READY_BUT_LIQUIDITY_DATA_OR_FX_RECHECK_REQUIRED,RECOMPUTE_LIQUIDITY_DATA_COVERAGE_WITH_ACCEPTED_CACHE_AND_FX_INPUTS,False,FROZEN_REPOSITORY_EVIDENCE_ONLY_NO_PRICE_OR_FX_DOWNLOAD,STILL_REQUIRES_LIQUIDITY_DATA_OR_FX_RECOMPUTE,False
WS:XLON:ROR.L,ROTORK,GB,EU_STOXX600,XLON,ROR.L,ROR.L,QUARANTINE,SUSPICIOUS_RETURN_NEEDS_REPAIR,NOT_EVALUATED_NON_READY,NOT_VERIFIED,DATA_OR_FX_NOT_VERIFIED,,,NOT_VERIFIED,PASS_OR_NOT_VERIFIED,NOT_VERIFIED,,,,FAIL,CACHE_NOT_READY:QUARANTINE,SUSPICIOUS_RETURN_NEEDS_REPAIR,DATA_HISTORY_REMEDIATION_CANDIDATE,CACHE:QUARANTINE:SUSPICIOUS_RETURN_NEEDS_REPAIR;LIQUIDITY:NOT_VERIFIED:DATA_OR_FX_NOT_VERIFIED;INSTRUMENT:NOT_VERIFIED:NO_REASON,QUARANTINE,SUSPICIOUS_RETURN_NEEDS_REPAIR,507,507,1,2024-08-21,2026-08-21,QA_V0_4_RESIDUAL_NON_READY,BOUNDED_CURRENT_HISTORY_RECHECK_OR_TARGETED_REFRESH_AFTER_REASON_REVIEW,False,FROZEN_REPOSITORY_EVIDENCE_ONLY_NO_PRICE_OR_FX_DOWNLOAD,STILL_REQUIRES_TARGETED_HISTORY_REPAIR_OR_REQUALIFICATION,False
WS:XPAR:ABVX.PA,ABIVAX,FR,EU_STOXX600,XPAR,ABVX.PA,ABVX.PA,QUARANTINE,SUSPICIOUS_RETURN_NEEDS_REPAIR,NOT_EVALUATED_NON_READY,NOT_VERIFIED,DATA_OR_FX_NOT_VERIFIED,,,NOT_VERIFIED,PASS_OR_NOT_VERIFIED,NOT_VERIFIED,,,,FAIL,CACHE_NOT_READY:QUARANTINE,SUSPICIOUS_RETURN_NEEDS_REPAIR,DATA_HISTORY_REMEDIATION_CANDIDATE,CACHE:QUARANTINE:SUSPICIOUS_RETURN_NEEDS_REPAIR;LIQUIDITY:NOT_VERIFIED:DATA_OR_FX_NOT_VERIFIED;INSTRUMENT:NOT_VERIFIED:NO_REASON,QUARANTINE,SUSPICIOUS_RETURN_NEEDS_REPAIR,511,511,1,2024-08-21,2026-08-21,QA_V0_4_RESIDUAL_NON_READY,BOUNDED_CURRENT_HISTORY_RECHECK_OR_TARGETED_REFRESH_AFTER_REASON_REVIEW,False,FROZEN_REPOSITORY_EVIDENCE_ONLY_NO_PRICE_OR_FX_DOWNLOAD,STILL_REQUIRES_TARGETED_HISTORY_REPAIR_OR_REQUALIFICATION,False
WS:XAMS:CSG.AS,CSG A,NL,EU_STOXX600,XAMS,CSG.AS,CSG.AS,WARMUP,INSUFFICIENT_HISTORY,NOT_EVALUATED_NON_READY,NOT_VERIFIED,DATA_OR_FX_NOT_VERIFIED,,,NOT_VERIFIED,PASS_OR_NOT_VERIFIED,NOT_VERIFIED,,,,FAIL,CACHE_NOT_READY:WARMUP,INSUFFICIENT_HISTORY,DATA_HISTORY_REMEDIATION_CANDIDATE,CACHE:WARMUP:INSUFFICIENT_HISTORY;LIQUIDITY:NOT_VERIFIED:DATA_OR_FX_NOT_VERIFIED;INSTRUMENT:NOT_VERIFIED:NO_REASON,WARMUP,INSUFFICIENT_HISTORY,148,148,0,2026-01-23,2026-08-21,QA_V0_4_RESIDUAL_NON_READY,BOUNDED_CURRENT_HISTORY_RECHECK_OR_TARGETED_REFRESH_AFTER_REASON_REVIEW,False,FROZEN_REPOSITORY_EVIDENCE_ONLY_NO_PRICE_OR_FX_DOWNLOAD,STILL_REQUIRES_TARGETED_HISTORY_REPAIR_OR_REQUALIFICATION,False
WS:XAMS:MICCT.AS,THE MAGNUM ICE CREAM COMPANY,NL,EU_STOXX600,XAMS,MICCT.AS,MICC.AS,WARMUP,INSUFFICIENT_HISTORY,NOT_EVALUATED_NON_READY,NOT_VERIFIED,DATA_OR_FX_NOT_VERIFIED,,,NOT_VERIFIED,PASS_OR_NOT_VERIFIED,NOT_VERIFIED,,,,FAIL,CACHE_NOT_READY:WARMUP,INSUFFICIENT_HISTORY,DATA_HISTORY_REMEDIATION_CANDIDATE,CACHE:WARMUP:INSUFFICIENT_HISTORY;LIQUIDITY:NOT_VERIFIED:DATA_OR_FX_NOT_VERIFIED;INSTRUMENT:NOT_VERIFIED:NO_REASON,WARMUP,INSUFFICIENT_HISTORY,179,179,0,2025-12-08,2026-08-21,QA_V0_4_RESIDUAL_NON_READY,BOUNDED_CURRENT_HISTORY_RECHECK_OR_TARGETED_REFRESH_AFTER_REASON_REVIEW,False,FROZEN_REPOSITORY_EVIDENCE_ONLY_NO_PRICE_OR_FX_DOWNLOAD,STILL_REQUIRES_TARGETED_HISTORY_REPAIR_OR_REQUALIFICATION,False
WS:XETR:AMV0N.DE,AUMOVIO,DE,EU_STOXX600,XETR,AMV0n.DE,AMV0.DE,WARMUP,INSUFFICIENT_HISTORY,NOT_EVALUATED_NON_READY,NOT_VERIFIED,DATA_OR_FX_NOT_VERIFIED,,,NOT_VERIFIED,PASS_OR_NOT_VERIFIED,NOT_VERIFIED,,,,FAIL,CACHE_NOT_READY:WARMUP,INSUFFICIENT_HISTORY,DATA_HISTORY_REMEDIATION_CANDIDATE,CACHE:WARMUP:INSUFFICIENT_HISTORY;LIQUIDITY:NOT_VERIFIED:DATA_OR_FX_NOT_VERIFIED;INSTRUMENT:NOT_VERIFIED:NO_REASON,WARMUP,INSUFFICIENT_HISTORY,234,234,0,2025-09-18,2026-08-21,QA_V0_4_RESIDUAL_NON_READY,BOUNDED_CURRENT_HISTORY_RECHECK_OR_TARGETED_REFRESH_AFTER_REASON_REVIEW,False,FROZEN_REPOSITORY_EVIDENCE_ONLY_NO_PRICE_OR_FX_DOWNLOAD,STILL_REQUIRES_TARGETED_HISTORY_REPAIR_OR_REQUALIFICATION,False
WS:XOSL:KMAR.OL,KONGSBERG MARITIME,NO,EU_STOXX600,XOSL,KMAR.OL,KMAR.OL,WARMUP,INSUFFICIENT_HISTORY,NOT_EVALUATED_NON_READY,NOT_VERIFIED,DATA_OR_FX_NOT_VERIFIED,,,NOT_VERIFIED,PASS_OR_NOT_VERIFIED,NOT_VERIFIED,,,,FAIL,CACHE_NOT_READY:WARMUP,INSUFFICIENT_HISTORY,DATA_HISTORY_REMEDIATION_CANDIDATE,CACHE:WARMUP:INSUFFICIENT_HISTORY;LIQUIDITY:NOT_VERIFIED:DATA_OR_FX_NOT_VERIFIED;INSTRUMENT:NOT_VERIFIED:NO_REASON,WARMUP,INSUFFICIENT_HISTORY,84,84,0,2026-04-23,2026-08-21,QA_V0_4_RESIDUAL_NON_READY,BOUNDED_CURRENT_HISTORY_RECHECK_OR_TARGETED_REFRESH_AFTER_REASON_REVIEW,False,FROZEN_REPOSITORY_EVIDENCE_ONLY_NO_PRICE_OR_FX_DOWNLOAD,STILL_REQUIRES_TARGETED_HISTORY_REPAIR_OR_REQUALIFICATION,False
WS:XSTO:OCTVSDB.ST,OCTAVE INTELLIGENCE SDR,SE,EU_STOXX600,XSTO,OCTVsdb.ST,OCTV,WARMUP,INSUFFICIENT_HISTORY,NOT_EVALUATED_NON_READY,NOT_VERIFIED,DATA_OR_FX_NOT_VERIFIED,,,NOT_VERIFIED,PASS_OR_NOT_VERIFIED,NOT_VERIFIED,,,,FAIL,CACHE_NOT_READY:WARMUP,INSUFFICIENT_HISTORY,DATA_HISTORY_REMEDIATION_CANDIDATE,CACHE:WARMUP:INSUFFICIENT_HISTORY;LIQUIDITY:NOT_VERIFIED:DATA_OR_FX_NOT_VERIFIED;INSTRUMENT:NOT_VERIFIED:NO_REASON,WARMUP,INSUFFICIENT_HISTORY,64,64,0,2026-05-21,2026-08-21,QA_V0_4_RESIDUAL_NON_READY,BOUNDED_CURRENT_HISTORY_RECHECK_OR_TARGETED_REFRESH_AFTER_REASON_REVIEW,False,FROZEN_REPOSITORY_EVIDENCE_ONLY_NO_PRICE_OR_FX_DOWNLOAD,STILL_REQUIRES_TARGETED_HISTORY_REPAIR_OR_REQUALIFICATION,False
WS:XSTO:VSURE.ST,VERISURE,SE,EU_STOXX600,XSTO,VSURE.ST,VSURE.ST,WARMUP,INSUFFICIENT_HISTORY,NOT_EVALUATED_NON_READY,NOT_VERIFIED,DATA_OR_FX_NOT_VERIFIED,,,NOT_VERIFIED,PASS_OR_NOT_VERIFIED,NOT_VERIFIED,,,,FAIL,CACHE_NOT_READY:WARMUP,INSUFFICIENT_HISTORY,DATA_HISTORY_REMEDIATION_CANDIDATE,CACHE:WARMUP:INSUFFICIENT_HISTORY;LIQUIDITY:NOT_VERIFIED:DATA_OR_FX_NOT_VERIFIED;INSTRUMENT:NOT_VERIFIED:NO_REASON,WARMUP,INSUFFICIENT_HISTORY,1,1,0,2026-08-21,2026-08-21,QA_V0_4_RESIDUAL_NON_READY,BOUNDED_CURRENT_HISTORY_RECHECK_OR_TARGETED_REFRESH_AFTER_REASON_REVIEW,False,FROZEN_REPOSITORY_EVIDENCE_ONLY_NO_PRICE_OR_FX_DOWNLOAD,STILL_REQUIRES_TARGETED_HISTORY_REPAIR_OR_REQUALIFICATION,False
WS:XKRX:0126Z0,Samsung Epis,South Korea,KR_KOSPI200,XKRX,0126Z0,0126Z0.KS,WARMUP,INSUFFICIENT_HISTORY,NOT_EVALUATED_NON_READY,NOT_VERIFIED,DATA_OR_FX_NOT_VERIFIED,,,NOT_VERIFIED,PASS_OR_NOT_VERIFIED,NOT_VERIFIED,,,,FAIL,CACHE_NOT_READY:WARMUP,INSUFFICIENT_HISTORY,DATA_HISTORY_REMEDIATION_CANDIDATE,CACHE:WARMUP:INSUFFICIENT_HISTORY;LIQUIDITY:NOT_VERIFIED:DATA_OR_FX_NOT_VERIFIED;INSTRUMENT:NOT_VERIFIED:NO_REASON,WARMUP,INSUFFICIENT_HISTORY,181,181,0,2025-11-25,2026-08-21,QA_V0_4_RESIDUAL_NON_READY,BOUNDED_CURRENT_HISTORY_RECHECK_OR_TARGETED_REFRESH_AFTER_REASON_REVIEW,False,FROZEN_REPOSITORY_EVIDENCE_ONLY_NO_PRICE_OR_FX_DOWNLOAD,STILL_REQUIRES_TARGETED_HISTORY_REPAIR_OR_REQUALIFICATION,False
WS:XKRX:000880,Hanwha,South Korea,KR_KOSPI200,XKRX,000880,000880.KS,READY,,USABLE_SESSIONS_BELOW_18_OF_20,NOT_VERIFIED,DATA_OR_FX_NOT_VERIFIED,8175065.049414989,11612156.696733624,NOT_VERIFIED,PASS_OR_NOT_VERIFIED,NOT_VERIFIED,,,,NOT_VERIFIED,LIQUIDITY_NOT_VERIFIED:NOT_VERIFIED,DATA_OR_FX_NOT_VERIFIED,DATA_OR_FX_VERIFICATION_CANDIDATE,LIQUIDITY:NOT_VERIFIED:DATA_OR_FX_NOT_VERIFIED;INSTRUMENT:NOT_VERIFIED:NO_REASON,,,,,,,,CACHE_READY_BUT_LIQUIDITY_DATA_OR_FX_RECHECK_REQUIRED,RECOMPUTE_LIQUIDITY_DATA_COVERAGE_WITH_ACCEPTED_CACHE_AND_FX_INPUTS,False,FROZEN_REPOSITORY_EVIDENCE_ONLY_NO_PRICE_OR_FX_DOWNLOAD,STILL_REQUIRES_LIQUIDITY_DATA_OR_FX_RECOMPUTE,False
WS:XNZE:THL,Tourism Holdings Limited,New Zealand,NZ_NZX50,XNZE,THL,THL.NZ,QUARANTINE,SUSPICIOUS_RETURN_NEEDS_REPAIR,NOT_EVALUATED_NON_READY,NOT_VERIFIED,DATA_OR_FX_NOT_VERIFIED,,,NOT_VERIFIED,PASS_OR_NOT_VERIFIED,NOT_VERIFIED,,,,FAIL,CACHE_NOT_READY:QUARANTINE,SUSPICIOUS_RETURN_NEEDS_REPAIR,DATA_HISTORY_REMEDIATION_CANDIDATE,CACHE:QUARANTINE:SUSPICIOUS_RETURN_NEEDS_REPAIR;LIQUIDITY:NOT_VERIFIED:DATA_OR_FX_NOT_VERIFIED;INSTRUMENT:NOT_VERIFIED:NO_REASON,QUARANTINE,SUSPICIOUS_RETURN_NEEDS_REPAIR,499,499,1,2024-08-26,2026-08-24,QA_V0_4_RESIDUAL_NON_READY,BOUNDED_CURRENT_HISTORY_RECHECK_OR_TARGETED_REFRESH_AFTER_REASON_REVIEW,False,FROZEN_REPOSITORY_EVIDENCE_ONLY_NO_PRICE_OR_FX_DOWNLOAD,STILL_REQUIRES_TARGETED_HISTORY_REPAIR_OR_REQUALIFICATION,False
WS:US:AAP,"Advance Auto Parts, Inc.",,US_SP1500,,AAP,AAP,QUARANTINE,SUSPICIOUS_RETURN_NEEDS_REPAIR,NOT_EVALUATED_NON_READY,NOT_VERIFIED,DATA_OR_FX_NOT_VERIFIED,,,NOT_VERIFIED,PASS_OR_NOT_VERIFIED,NOT_VERIFIED,,,,FAIL,CACHE_NOT_READY:QUARANTINE,SUSPICIOUS_RETURN_NEEDS_REPAIR,DATA_HISTORY_REMEDIATION_CANDIDATE,CACHE:QUARANTINE:SUSPICIOUS_RETURN_NEEDS_REPAIR;LIQUIDITY:NOT_VERIFIED:DATA_OR_FX_NOT_VERIFIED;INSTRUMENT:NOT_VERIFIED:NO_REASON,QUARANTINE,SUSPICIOUS_RETURN_NEEDS_REPAIR,501,501,1,2024-08-22,2026-08-21,QA_V0_4_RESIDUAL_NON_READY,BOUNDED_CURRENT_HISTORY_RECHECK_OR_TARGETED_REFRESH_AFTER_REASON_REVIEW,False,FROZEN_REPOSITORY_EVIDENCE_ONLY_NO_PRICE_OR_FX_DOWNLOAD,STILL_REQUIRES_TARGETED_HISTORY_REPAIR_OR_REQUALIFICATION,False
WS:US:CORT,Corcept Therapeutics Incorporated,,US_SP1500,,CORT,CORT,QUARANTINE,SUSPICIOUS_RETURN_NEEDS_REPAIR,NOT_EVALUATED_NON_READY,NOT_VERIFIED,DATA_OR_FX_NOT_VERIFIED,,,NOT_VERIFIED,PASS_OR_NOT_VERIFIED,NOT_VERIFIED,,,,FAIL,CACHE_NOT_READY:QUARANTINE,SUSPICIOUS_RETURN_NEEDS_REPAIR,DATA_HISTORY_REMEDIATION_CANDIDATE,CACHE:QUARANTINE:SUSPICIOUS_RETURN_NEEDS_REPAIR;LIQUIDITY:NOT_VERIFIED:DATA_OR_FX_NOT_VERIFIED;INSTRUMENT:NOT_VERIFIED:NO_REASON,QUARANTINE,SUSPICIOUS_RETURN_NEEDS_REPAIR,501,501,2,2024-08-22,2026-08-21,QA_V0_4_RESIDUAL_NON_READY,BOUNDED_CURRENT_HISTORY_RECHECK_OR_TARGETED_REFRESH_AFTER_REASON_REVIEW,False,FROZEN_REPOSITORY_EVIDENCE_ONLY_NO_PRICE_OR_FX_DOWNLOAD,STILL_REQUIRES_TARGETED_HISTORY_REPAIR_OR_REQUALIFICATION,False
WS:US:ECHO,EchoStar,,US_SP1500,,ECHO,ECHO,QUARANTINE,SUSPICIOUS_RETURN_NEEDS_REPAIR,NOT_EVALUATED_NON_READY,NOT_VERIFIED,DATA_OR_FX_NOT_VERIFIED,,,NOT_VERIFIED,PASS_OR_NOT_VERIFIED,NOT_VERIFIED,,,,FAIL,CACHE_NOT_READY:QUARANTINE,SUSPICIOUS_RETURN_NEEDS_REPAIR,DATA_HISTORY_REMEDIATION_CANDIDATE,CACHE:QUARANTINE:SUSPICIOUS_RETURN_NEEDS_REPAIR;LIQUIDITY:NOT_VERIFIED:DATA_OR_FX_NOT_VERIFIED;INSTRUMENT:NOT_VERIFIED:NO_REASON,QUARANTINE,SUSPICIOUS_RETURN_NEEDS_REPAIR,501,501,1,2024-08-22,2026-08-21,QA_V0_4_RESIDUAL_NON_READY,BOUNDED_CURRENT_HISTORY_RECHECK_OR_TARGETED_REFRESH_AFTER_REASON_REVIEW,False,FROZEN_REPOSITORY_EVIDENCE_ONLY_NO_PRICE_OR_FX_DOWNLOAD,STILL_REQUIRES_TARGETED_HISTORY_REPAIR_OR_REQUALIFICATION,False
WS:US:EFOR,Everforth Inc.,,US_SP1500,,EFOR,EFOR,QUARANTINE,SUSPICIOUS_RETURN_NEEDS_REPAIR,NOT_EVALUATED_NON_READY,NOT_VERIFIED,DATA_OR_FX_NOT_VERIFIED,,,NOT_VERIFIED,PASS_OR_NOT_VERIFIED,NOT_VERIFIED,,,,FAIL,CACHE_NOT_READY:QUARANTINE,SUSPICIOUS_RETURN_NEEDS_REPAIR,DATA_HISTORY_REMEDIATION_CANDIDATE,CACHE:QUARANTINE:SUSPICIOUS_RETURN_NEEDS_REPAIR;LIQUIDITY:NOT_VERIFIED:DATA_OR_FX_NOT_VERIFIED;INSTRUMENT:NOT_VERIFIED:NO_REASON,QUARANTINE,SUSPICIOUS_RETURN_NEEDS_REPAIR,501,501,1,2024-08-22,2026-08-21,QA_V0_4_RESIDUAL_NON_READY,BOUNDED_CURRENT_HISTORY_RECHECK_OR_TARGETED_REFRESH_AFTER_REASON_REVIEW,False,FROZEN_REPOSITORY_EVIDENCE_ONLY_NO_PRICE_OR_FX_DOWNLOAD,STILL_REQUIRES_TARGETED_HISTORY_REPAIR_OR_REQUALIFICATION,False
WS:US:KD,Kyndryl,,US_SP1500,,KD,KD,QUARANTINE,SUSPICIOUS_RETURN_NEEDS_REPAIR,NOT_EVALUATED_NON_READY,NOT_VERIFIED,DATA_OR_FX_NOT_VERIFIED,,,NOT_VERIFIED,PASS_OR_NOT_VERIFIED,NOT_VERIFIED,,,,FAIL,CACHE_NOT_READY:QUARANTINE,SUSPICIOUS_RETURN_NEEDS_REPAIR,DATA_HISTORY_REMEDIATION_CANDIDATE,CACHE:QUARANTINE:SUSPICIOUS_RETURN_NEEDS_REPAIR;LIQUIDITY:NOT_VERIFIED:DATA_OR_FX_NOT_VERIFIED;INSTRUMENT:NOT_VERIFIED:NO_REASON,QUARANTINE,SUSPICIOUS_RETURN_NEEDS_REPAIR,501,501,1,2024-08-22,2026-08-21,QA_V0_4_RESIDUAL_NON_READY,BOUNDED_CURRENT_HISTORY_RECHECK_OR_TARGETED_REFRESH_AFTER_REASON_REVIEW,False,FROZEN_REPOSITORY_EVIDENCE_ONLY_NO_PRICE_OR_FX_DOWNLOAD,STILL_REQUIRES_TARGETED_HISTORY_REPAIR_OR_REQUALIFICATION,False
WS:US:LRN,"Stride, Inc.",,US_SP1500,,LRN,LRN,QUARANTINE,SUSPICIOUS_RETURN_NEEDS_REPAIR,NOT_EVALUATED_NON_READY,NOT_VERIFIED,DATA_OR_FX_NOT_VERIFIED,,,NOT_VERIFIED,PASS_OR_NOT_VERIFIED,NOT_VERIFIED,,,,FAIL,CACHE_NOT_READY:QUARANTINE,SUSPICIOUS_RETURN_NEEDS_REPAIR,DATA_HISTORY_REMEDIATION_CANDIDATE,CACHE:QUARANTINE:SUSPICIOUS_RETURN_NEEDS_REPAIR;LIQUIDITY:NOT_VERIFIED:DATA_OR_FX_NOT_VERIFIED;INSTRUMENT:NOT_VERIFIED:NO_REASON,QUARANTINE,SUSPICIOUS_RETURN_NEEDS_REPAIR,501,501,1,2024-08-22,2026-08-21,QA_V0_4_RESIDUAL_NON_READY,BOUNDED_CURRENT_HISTORY_RECHECK_OR_TARGETED_REFRESH_AFTER_REASON_REVIEW,False,FROZEN_REPOSITORY_EVIDENCE_ONLY_NO_PRICE_OR_FX_DOWNLOAD,STILL_REQUIRES_TARGETED_HISTORY_REPAIR_OR_REQUALIFICATION,False
WS:US:MEDP,Medpace,,US_SP1500,,MEDP,MEDP,QUARANTINE,SUSPICIOUS_RETURN_NEEDS_REPAIR,NOT_EVALUATED_NON_READY,NOT_VERIFIED,DATA_OR_FX_NOT_VERIFIED,,,NOT_VERIFIED,PASS_OR_NOT_VERIFIED,NOT_VERIFIED,,,,FAIL,CACHE_NOT_READY:QUARANTINE,SUSPICIOUS_RETURN_NEEDS_REPAIR,DATA_HISTORY_REMEDIATION_CANDIDATE,CACHE:QUARANTINE:SUSPICIOUS_RETURN_NEEDS_REPAIR;LIQUIDITY:NOT_VERIFIED:DATA_OR_FX_NOT_VERIFIED;INSTRUMENT:NOT_VERIFIED:NO_REASON,QUARANTINE,SUSPICIOUS_RETURN_NEEDS_REPAIR,501,501,1,2024-08-22,2026-08-21,QA_V0_4_RESIDUAL_NON_READY,BOUNDED_CURRENT_HISTORY_RECHECK_OR_TARGETED_REFRESH_AFTER_REASON_REVIEW,False,FROZEN_REPOSITORY_EVIDENCE_ONLY_NO_PRICE_OR_FX_DOWNLOAD,STILL_REQUIRES_TARGETED_HISTORY_REPAIR_OR_REQUALIFICATION,False
WS:US:MFP,"Midera Food Processing, Inc.",,US_SP1500,,MFP,MFP,QUARANTINE,SUSPICIOUS_RETURN_NEEDS_REPAIR,NOT_EVALUATED_NON_READY,NOT_VERIFIED,DATA_OR_FX_NOT_VERIFIED,,,NOT_VERIFIED,PASS_OR_NOT_VERIFIED,NOT_VERIFIED,,,,FAIL,CACHE_NOT_READY:QUARANTINE,SUSPICIOUS_RETURN_NEEDS_REPAIR,DATA_HISTORY_REMEDIATION_CANDIDATE,CACHE:QUARANTINE:SUSPICIOUS_RETURN_NEEDS_REPAIR;LIQUIDITY:NOT_VERIFIED:DATA_OR_FX_NOT_VERIFIED;INSTRUMENT:NOT_VERIFIED:NO_REASON,QUARANTINE,SUSPICIOUS_RETURN_NEEDS_REPAIR,40,40,1,2026-06-26,2026-08-21,QA_V0_4_RESIDUAL_NON_READY,BOUNDED_CURRENT_HISTORY_RECHECK_OR_TARGETED_REFRESH_AFTER_REASON_REVIEW,False,FROZEN_REPOSITORY_EVIDENCE_ONLY_NO_PRICE_OR_FX_DOWNLOAD,STILL_REQUIRES_TARGETED_HISTORY_REPAIR_OR_REQUALIFICATION,False
WS:US:MNST,Monster Beverage,,US_SP1500,,MNST,MNST,QUARANTINE,SUSPICIOUS_RETURN_NEEDS_REPAIR,NOT_EVALUATED_NON_READY,NOT_VERIFIED,DATA_OR_FX_NOT_VERIFIED,,,NOT_VERIFIED,PASS_OR_NOT_VERIFIED,NOT_VERIFIED,,,,FAIL,CACHE_NOT_READY:QUARANTINE,SUSPICIOUS_RETURN_NEEDS_REPAIR,DATA_HISTORY_REMEDIATION_CANDIDATE,CACHE:QUARANTINE:SUSPICIOUS_RETURN_NEEDS_REPAIR;LIQUIDITY:NOT_VERIFIED:DATA_OR_FX_NOT_VERIFIED;INSTRUMENT:NOT_VERIFIED:NO_REASON,QUARANTINE,SUSPICIOUS_RETURN_NEEDS_REPAIR,500,500,5,2024-08-22,2026-08-21,QA_V0_4_RESIDUAL_NON_READY,BOUNDED_CURRENT_HISTORY_RECHECK_OR_TARGETED_REFRESH_AFTER_REASON_REVIEW,False,FROZEN_REPOSITORY_EVIDENCE_ONLY_NO_PRICE_OR_FX_DOWNLOAD,STILL_REQUIRES_TARGETED_HISTORY_REPAIR_OR_REQUALIFICATION,False
WS:US:MP,MP Materials,,US_SP1500,,MP,MP,QUARANTINE,SUSPICIOUS_RETURN_NEEDS_REPAIR,NOT_EVALUATED_NON_READY,NOT_VERIFIED,DATA_OR_FX_NOT_VERIFIED,,,NOT_VERIFIED,PASS_OR_NOT_VERIFIED,NOT_VERIFIED,,,,FAIL,CACHE_NOT_READY:QUARANTINE,SUSPICIOUS_RETURN_NEEDS_REPAIR,DATA_HISTORY_REMEDIATION_CANDIDATE,CACHE:QUARANTINE:SUSPICIOUS_RETURN_NEEDS_REPAIR;LIQUIDITY:NOT_VERIFIED:DATA_OR_FX_NOT_VERIFIED;INSTRUMENT:NOT_VERIFIED:NO_REASON,QUARANTINE,SUSPICIOUS_RETURN_NEEDS_REPAIR,501,501,1,2024-08-22,2026-08-21,QA_V0_4_RESIDUAL_NON_READY,BOUNDED_CURRENT_HISTORY_RECHECK_OR_TARGETED_REFRESH_AFTER_REASON_REVIEW,False,FROZEN_REPOSITORY_EVIDENCE_ONLY_NO_PRICE_OR_FX_DOWNLOAD,STILL_REQUIRES_TARGETED_HISTORY_REPAIR_OR_REQUALIFICATION,False
WS:US:MRNA,Moderna,,US_SP1500,,MRNA,MRNA,QUARANTINE,SUSPICIOUS_RETURN_NEEDS_REPAIR,NOT_EVALUATED_NON_READY,NOT_VERIFIED,DATA_OR_FX_NOT_VERIFIED,,,NOT_VERIFIED,PASS_OR_NOT_VERIFIED,NOT_VERIFIED,,,,FAIL,CACHE_NOT_READY:QUARANTINE,SUSPICIOUS_RETURN_NEEDS_REPAIR,DATA_HISTORY_REMEDIATION_CANDIDATE,CACHE:QUARANTINE:SUSPICIOUS_RETURN_NEEDS_REPAIR;LIQUIDITY:NOT_VERIFIED:DATA_OR_FX_NOT_VERIFIED;INSTRUMENT:NOT_VERIFIED:NO_REASON,QUARANTINE,SUSPICIOUS_RETURN_NEEDS_REPAIR,501,501,1,2024-08-22,2026-08-21,QA_V0_4_RESIDUAL_NON_READY,BOUNDED_CURRENT_HISTORY_RECHECK_OR_TARGETED_REFRESH_AFTER_REASON_REVIEW,False,FROZEN_REPOSITORY_EVIDENCE_ONLY_NO_PRICE_OR_FX_DOWNLOAD,STILL_REQUIRES_TARGETED_HISTORY_REPAIR_OR_REQUALIFICATION,False
WS:US:MXL,"MaxLinear, Inc.",,US_SP1500,,MXL,MXL,QUARANTINE,SUSPICIOUS_RETURN_NEEDS_REPAIR,NOT_EVALUATED_NON_READY,NOT_VERIFIED,DATA_OR_FX_NOT_VERIFIED,,,NOT_VERIFIED,PASS_OR_NOT_VERIFIED,NOT_VERIFIED,,,,FAIL,CACHE_NOT_READY:QUARANTINE,SUSPICIOUS_RETURN_NEEDS_REPAIR,DATA_HISTORY_REMEDIATION_CANDIDATE,CACHE:QUARANTINE:SUSPICIOUS_RETURN_NEEDS_REPAIR;LIQUIDITY:NOT_VERIFIED:DATA_OR_FX_NOT_VERIFIED;INSTRUMENT:NOT_VERIFIED:NO_REASON,QUARANTINE,SUSPICIOUS_RETURN_NEEDS_REPAIR,501,501,1,2024-08-22,2026-08-21,QA_V0_4_RESIDUAL_NON_READY,BOUNDED_CURRENT_HISTORY_RECHECK_OR_TARGETED_REFRESH_AFTER_REASON_REVIEW,False,FROZEN_REPOSITORY_EVIDENCE_ONLY_NO_PRICE_OR_FX_DOWNLOAD,STILL_REQUIRES_TARGETED_HISTORY_REPAIR_OR_REQUALIFICATION,False
WS:US:PRIM,Primoris Services Corporation,,US_SP1500,,PRIM,PRIM,QUARANTINE,SUSPICIOUS_RETURN_NEEDS_REPAIR,NOT_EVALUATED_NON_READY,NOT_VERIFIED,DATA_OR_FX_NOT_VERIFIED,,,NOT_VERIFIED,PASS_OR_NOT_VERIFIED,NOT_VERIFIED,,,,FAIL,CACHE_NOT_READY:QUARANTINE,SUSPICIOUS_RETURN_NEEDS_REPAIR,DATA_HISTORY_REMEDIATION_CANDIDATE,CACHE:QUARANTINE:SUSPICIOUS_RETURN_NEEDS_REPAIR;LIQUIDITY:NOT_VERIFIED:DATA_OR_FX_NOT_VERIFIED;INSTRUMENT:NOT_VERIFIED:NO_REASON,QUARANTINE,SUSPICIOUS_RETURN_NEEDS_REPAIR,501,501,1,2024-08-22,2026-08-21,QA_V0_4_RESIDUAL_NON_READY,BOUNDED_CURRENT_HISTORY_RECHECK_OR_TARGETED_REFRESH_AFTER_REASON_REVIEW,False,FROZEN_REPOSITORY_EVIDENCE_ONLY_NO_PRICE_OR_FX_DOWNLOAD,STILL_REQUIRES_TARGETED_HISTORY_REPAIR_OR_REQUALIFICATION,False
WS:US:SEZL,Sezzle,,US_SP1500,,SEZL,SEZL,QUARANTINE,SUSPICIOUS_RETURN_NEEDS_REPAIR,NOT_EVALUATED_NON_READY,NOT_VERIFIED,DATA_OR_FX_NOT_VERIFIED,,,NOT_VERIFIED,PASS_OR_NOT_VERIFIED,NOT_VERIFIED,,,,FAIL,CACHE_NOT_READY:QUARANTINE,SUSPICIOUS_RETURN_NEEDS_REPAIR,DATA_HISTORY_REMEDIATION_CANDIDATE,CACHE:QUARANTINE:SUSPICIOUS_RETURN_NEEDS_REPAIR;LIQUIDITY:NOT_VERIFIED:DATA_OR_FX_NOT_VERIFIED;INSTRUMENT:NOT_VERIFIED:NO_REASON,QUARANTINE,SUSPICIOUS_RETURN_NEEDS_REPAIR,501,501,1,2024-08-22,2026-08-21,QA_V0_4_RESIDUAL_NON_READY,BOUNDED_CURRENT_HISTORY_RECHECK_OR_TARGETED_REFRESH_AFTER_REASON_REVIEW,False,FROZEN_REPOSITORY_EVIDENCE_ONLY_NO_PRICE_OR_FX_DOWNLOAD,STILL_REQUIRES_TARGETED_HISTORY_REPAIR_OR_REQUALIFICATION,False
WS:US:STRL,Sterling Infrastructure,,US_SP1500,,STRL,STRL,QUARANTINE,SUSPICIOUS_RETURN_NEEDS_REPAIR,NOT_EVALUATED_NON_READY,NOT_VERIFIED,DATA_OR_FX_NOT_VERIFIED,,,NOT_VERIFIED,PASS_OR_NOT_VERIFIED,NOT_VERIFIED,,,,FAIL,CACHE_NOT_READY:QUARANTINE,SUSPICIOUS_RETURN_NEEDS_REPAIR,DATA_HISTORY_REMEDIATION_CANDIDATE,CACHE:QUARANTINE:SUSPICIOUS_RETURN_NEEDS_REPAIR;LIQUIDITY:NOT_VERIFIED:DATA_OR_FX_NOT_VERIFIED;INSTRUMENT:NOT_VERIFIED:NO_REASON,QUARANTINE,SUSPICIOUS_RETURN_NEEDS_REPAIR,501,501,1,2024-08-22,2026-08-21,QA_V0_4_RESIDUAL_NON_READY,BOUNDED_CURRENT_HISTORY_RECHECK_OR_TARGETED_REFRESH_AFTER_REASON_REVIEW,False,FROZEN_REPOSITORY_EVIDENCE_ONLY_NO_PRICE_OR_FX_DOWNLOAD,STILL_REQUIRES_TARGETED_HISTORY_REPAIR_OR_REQUALIFICATION,False
WS:US:VIR,"Vir Biotechnology, Inc.",,US_SP1500,,VIR,VIR,QUARANTINE,SUSPICIOUS_RETURN_NEEDS_REPAIR,NOT_EVALUATED_NON_READY,NOT_VERIFIED,DATA_OR_FX_NOT_VERIFIED,,,NOT_VERIFIED,PASS_OR_NOT_VERIFIED,NOT_VERIFIED,,,,FAIL,CACHE_NOT_READY:QUARANTINE,SUSPICIOUS_RETURN_NEEDS_REPAIR,DATA_HISTORY_REMEDIATION_CANDIDATE,CACHE:QUARANTINE:SUSPICIOUS_RETURN_NEEDS_REPAIR;LIQUIDITY:NOT_VERIFIED:DATA_OR_FX_NOT_VERIFIED;INSTRUMENT:NOT_VERIFIED:NO_REASON,QUARANTINE,SUSPICIOUS_RETURN_NEEDS_REPAIR,501,501,1,2024-08-22,2026-08-21,QA_V0_4_RESIDUAL_NON_READY,BOUNDED_CURRENT_HISTORY_RECHECK_OR_TARGETED_REFRESH_AFTER_REASON_REVIEW,False,FROZEN_REPOSITORY_EVIDENCE_ONLY_NO_PRICE_OR_FX_DOWNLOAD,STILL_REQUIRES_TARGETED_HISTORY_REPAIR_OR_REQUALIFICATION,False
WS:US:VRRM,Verra Mobility Corporation,,US_SP1500,,VRRM,VRRM,QUARANTINE,SUSPICIOUS_RETURN_NEEDS_REPAIR,NOT_EVALUATED_NON_READY,NOT_VERIFIED,DATA_OR_FX_NOT_VERIFIED,,,NOT_VERIFIED,PASS_OR_NOT_VERIFIED,NOT_VERIFIED,,,,FAIL,CACHE_NOT_READY:QUARANTINE,SUSPICIOUS_RETURN_NEEDS_REPAIR,DATA_HISTORY_REMEDIATION_CANDIDATE,CACHE:QUARANTINE:SUSPICIOUS_RETURN_NEEDS_REPAIR;LIQUIDITY:NOT_VERIFIED:DATA_OR_FX_NOT_VERIFIED;INSTRUMENT:NOT_VERIFIED:NO_REASON,QUARANTINE,SUSPICIOUS_RETURN_NEEDS_REPAIR,501,501,1,2024-08-22,2026-08-21,QA_V0_4_RESIDUAL_NON_READY,BOUNDED_CURRENT_HISTORY_RECHECK_OR_TARGETED_REFRESH_AFTER_REASON_REVIEW,False,FROZEN_REPOSITORY_EVIDENCE_ONLY_NO_PRICE_OR_FX_DOWNLOAD,STILL_REQUIRES_TARGETED_HISTORY_REPAIR_OR_REQUALIFICATION,False
WS:US:IESC,IES Holdings,,US_SP1500,,IESC,IESC,STALE,LAST_BAR_TOO_OLD,NOT_EVALUATED_NON_READY,NOT_VERIFIED,DATA_OR_FX_NOT_VERIFIED,,,NOT_VERIFIED,PASS_OR_NOT_VERIFIED,NOT_VERIFIED,,,,FAIL,CACHE_NOT_READY:STALE,LAST_BAR_TOO_OLD,DATA_HISTORY_REMEDIATION_CANDIDATE,CACHE:STALE:LAST_BAR_TOO_OLD;LIQUIDITY:NOT_VERIFIED:DATA_OR_FX_NOT_VERIFIED;INSTRUMENT:NOT_VERIFIED:NO_REASON,STALE,LAST_BAR_TOO_OLD,477,476,0,2024-08-22,2026-07-17,QA_V0_4_RESIDUAL_NON_READY,BOUNDED_CURRENT_HISTORY_RECHECK_OR_TARGETED_REFRESH_AFTER_REASON_REVIEW,False,FROZEN_REPOSITORY_EVIDENCE_ONLY_NO_PRICE_OR_FX_DOWNLOAD,STILL_REQUIRES_TARGETED_HISTORY_REPAIR_OR_REQUALIFICATION,False
WS:US:ADIG,ADI Global Distribution,,US_SP1500,,ADIG,ADIG,WARMUP,INSUFFICIENT_HISTORY,NOT_EVALUATED_NON_READY,NOT_VERIFIED,DATA_OR_FX_NOT_VERIFIED,,,NOT_VERIFIED,PASS_OR_NOT_VERIFIED,NOT_VERIFIED,,,,FAIL,CACHE_NOT_READY:WARMUP,INSUFFICIENT_HISTORY,DATA_HISTORY_REMEDIATION_CANDIDATE,CACHE:WARMUP:INSUFFICIENT_HISTORY;LIQUIDITY:NOT_VERIFIED:DATA_OR_FX_NOT_VERIFIED;INSTRUMENT:NOT_VERIFIED:NO_REASON,WARMUP,INSUFFICIENT_HISTORY,17,17,0,2026-07-30,2026-08-21,QA_V0_4_RESIDUAL_NON_READY,BOUNDED_CURRENT_HISTORY_RECHECK_OR_TARGETED_REFRESH_AFTER_REASON_REVIEW,False,FROZEN_REPOSITORY_EVIDENCE_ONLY_NO_PRICE_OR_FX_DOWNLOAD,STILL_REQUIRES_TARGETED_HISTORY_REPAIR_OR_REQUALIFICATION,False
WS:US:FDXF,FedEx Freight,,US_SP1500,,FDXF,FDXF,WARMUP,INSUFFICIENT_HISTORY,NOT_EVALUATED_NON_READY,NOT_VERIFIED,DATA_OR_FX_NOT_VERIFIED,,,NOT_VERIFIED,PASS_OR_NOT_VERIFIED,NOT_VERIFIED,,,,FAIL,CACHE_NOT_READY:WARMUP,INSUFFICIENT_HISTORY,DATA_HISTORY_REMEDIATION_CANDIDATE,CACHE:WARMUP:INSUFFICIENT_HISTORY;LIQUIDITY:NOT_VERIFIED:DATA_OR_FX_NOT_VERIFIED;INSTRUMENT:NOT_VERIFIED:NO_REASON,WARMUP,INSUFFICIENT_HISTORY,61,61,0,2026-05-27,2026-08-21,QA_V0_4_RESIDUAL_NON_READY,BOUNDED_CURRENT_HISTORY_RECHECK_OR_TARGETED_REFRESH_AFTER_REASON_REVIEW,False,FROZEN_REPOSITORY_EVIDENCE_ONLY_NO_PRICE_OR_FX_DOWNLOAD,STILL_REQUIRES_TARGETED_HISTORY_REPAIR_OR_REQUALIFICATION,False
WS:US:HONA,Honeywell Aerospace,,US_SP1500,,HONA,HONA,WARMUP,INSUFFICIENT_HISTORY,NOT_EVALUATED_NON_READY,NOT_VERIFIED,DATA_OR_FX_NOT_VERIFIED,,,NOT_VERIFIED,PASS_OR_NOT_VERIFIED,NOT_VERIFIED,,,,FAIL,CACHE_NOT_READY:WARMUP,INSUFFICIENT_HISTORY,DATA_HISTORY_REMEDIATION_CANDIDATE,CACHE:WARMUP:INSUFFICIENT_HISTORY;LIQUIDITY:NOT_VERIFIED:DATA_OR_FX_NOT_VERIFIED;INSTRUMENT:NOT_VERIFIED:NO_REASON,WARMUP,INSUFFICIENT_HISTORY,48,48,0,2026-06-15,2026-08-21,QA_V0_4_RESIDUAL_NON_READY,BOUNDED_CURRENT_HISTORY_RECHECK_OR_TARGETED_REFRESH_AFTER_REASON_REVIEW,False,FROZEN_REPOSITORY_EVIDENCE_ONLY_NO_PRICE_OR_FX_DOWNLOAD,STILL_REQUIRES_TARGETED_HISTORY_REPAIR_OR_REQUALIFICATION,False
WS:US:MBGL,"Mobility Global, Inc.",,US_SP1500,,MBGL,MBGL,WARMUP,INSUFFICIENT_HISTORY,NOT_EVALUATED_NON_READY,NOT_VERIFIED,DATA_OR_FX_NOT_VERIFIED,,,NOT_VERIFIED,PASS_OR_NOT_VERIFIED,NOT_VERIFIED,,,,FAIL,CACHE_NOT_READY:WARMUP,INSUFFICIENT_HISTORY,DATA_HISTORY_REMEDIATION_CANDIDATE,CACHE:WARMUP:INSUFFICIENT_HISTORY;LIQUIDITY:NOT_VERIFIED:DATA_OR_FX_NOT_VERIFIED;INSTRUMENT:NOT_VERIFIED:NO_REASON,WARMUP,INSUFFICIENT_HISTORY,40,40,0,2026-06-26,2026-08-21,QA_V0_4_RESIDUAL_NON_READY,BOUNDED_CURRENT_HISTORY_RECHECK_OR_TARGETED_REFRESH_AFTER_REASON_REVIEW,False,FROZEN_REPOSITORY_EVIDENCE_ONLY_NO_PRICE_OR_FX_DOWNLOAD,STILL_REQUIRES_TARGETED_HISTORY_REPAIR_OR_REQUALIFICATION,False
WS:US:Q,Qnity Electronics,,US_SP1500,,Q,Q,WARMUP,INSUFFICIENT_HISTORY,NOT_EVALUATED_NON_READY,NOT_VERIFIED,DATA_OR_FX_NOT_VERIFIED,,,NOT_VERIFIED,PASS_OR_NOT_VERIFIED,NOT_VERIFIED,,,,FAIL,CACHE_NOT_READY:WARMUP,INSUFFICIENT_HISTORY,DATA_HISTORY_REMEDIATION_CANDIDATE,CACHE:WARMUP:INSUFFICIENT_HISTORY;LIQUIDITY:NOT_VERIFIED:DATA_OR_FX_NOT_VERIFIED;INSTRUMENT:NOT_VERIFIED:NO_REASON,WARMUP,INSUFFICIENT_HISTORY,206,206,0,2025-10-27,2026-08-21,QA_V0_4_RESIDUAL_NON_READY,BOUNDED_CURRENT_HISTORY_RECHECK_OR_TARGETED_REFRESH_AFTER_REASON_REVIEW,False,FROZEN_REPOSITORY_EVIDENCE_ONLY_NO_PRICE_OR_FX_DOWNLOAD,STILL_REQUIRES_TARGETED_HISTORY_REPAIR_OR_REQUALIFICATION,False
WS:US:SOLS,Solstice Advanced Materials,,US_SP1500,,SOLS,SOLS,WARMUP,INSUFFICIENT_HISTORY,NOT_EVALUATED_NON_READY,NOT_VERIFIED,DATA_OR_FX_NOT_VERIFIED,,,NOT_VERIFIED,PASS_OR_NOT_VERIFIED,NOT_VERIFIED,,,,FAIL,CACHE_NOT_READY:WARMUP,INSUFFICIENT_HISTORY,DATA_HISTORY_REMEDIATION_CANDIDATE,CACHE:WARMUP:INSUFFICIENT_HISTORY;LIQUIDITY:NOT_VERIFIED:DATA_OR_FX_NOT_VERIFIED;INSTRUMENT:NOT_VERIFIED:NO_REASON,WARMUP,INSUFFICIENT_HISTORY,211,211,0,2025-10-20,2026-08-21,QA_V0_4_RESIDUAL_NON_READY,BOUNDED_CURRENT_HISTORY_RECHECK_OR_TARGETED_REFRESH_AFTER_REASON_REVIEW,False,FROZEN_REPOSITORY_EVIDENCE_ONLY_NO_PRICE_OR_FX_DOWNLOAD,STILL_REQUIRES_TARGETED_HISTORY_REPAIR_OR_REQUALIFICATION,False
WS:US:VGNT,Versigent PLC,,US_SP1500,,VGNT,VGNT,WARMUP,INSUFFICIENT_HISTORY,NOT_EVALUATED_NON_READY,NOT_VERIFIED,DATA_OR_FX_NOT_VERIFIED,,,NOT_VERIFIED,PASS_OR_NOT_VERIFIED,NOT_VERIFIED,,,,FAIL,CACHE_NOT_READY:WARMUP,INSUFFICIENT_HISTORY,DATA_HISTORY_REMEDIATION_CANDIDATE,CACHE:WARMUP:INSUFFICIENT_HISTORY;LIQUIDITY:NOT_VERIFIED:DATA_OR_FX_NOT_VERIFIED;INSTRUMENT:NOT_VERIFIED:NO_REASON,WARMUP,INSUFFICIENT_HISTORY,102,102,0,2026-03-27,2026-08-21,QA_V0_4_RESIDUAL_NON_READY,BOUNDED_CURRENT_HISTORY_RECHECK_OR_TARGETED_REFRESH_AFTER_REASON_REVIEW,False,FROZEN_REPOSITORY_EVIDENCE_ONLY_NO_PRICE_OR_FX_DOWNLOAD,STILL_REQUIRES_TARGETED_HISTORY_REPAIR_OR_REQUALIFICATION,False
WS:US:VSNT,"Versant Media Group, Inc.",,US_SP1500,,VSNT,VSNT,WARMUP,INSUFFICIENT_HISTORY,NOT_EVALUATED_NON_READY,NOT_VERIFIED,DATA_OR_FX_NOT_VERIFIED,,,NOT_VERIFIED,PASS_OR_NOT_VERIFIED,NOT_VERIFIED,,,,FAIL,CACHE_NOT_READY:WARMUP,INSUFFICIENT_HISTORY,DATA_HISTORY_REMEDIATION_CANDIDATE,CACHE:WARMUP:INSUFFICIENT_HISTORY;LIQUIDITY:NOT_VERIFIED:DATA_OR_FX_NOT_VERIFIED;INSTRUMENT:NOT_VERIFIED:NO_REASON,WARMUP,INSUFFICIENT_HISTORY,172,172,0,2025-12-15,2026-08-21,QA_V0_4_RESIDUAL_NON_READY,BOUNDED_CURRENT_HISTORY_RECHECK_OR_TARGETED_REFRESH_AFTER_REASON_REVIEW,False,FROZEN_REPOSITORY_EVIDENCE_ONLY_NO_PRICE_OR_FX_DOWNLOAD,STILL_REQUIRES_TARGETED_HISTORY_REPAIR_OR_REQUALIFICATION,False
WS:SRC:ZA_TOP40:2DF0FDC7A9EB6AF3,AB InBev,South Africa,ZA_TOP40,XJSE,,ANH.JO,QUARANTINE,SUSPICIOUS_RETURN_NEEDS_REPAIR,NOT_EVALUATED_NON_READY,NOT_VERIFIED,DATA_OR_FX_NOT_VERIFIED,,,NOT_VERIFIED,PASS_OR_NOT_VERIFIED,NOT_VERIFIED,,,,FAIL,CACHE_NOT_READY:QUARANTINE,SUSPICIOUS_RETURN_NEEDS_REPAIR,DATA_HISTORY_REMEDIATION_CANDIDATE,CACHE:QUARANTINE:SUSPICIOUS_RETURN_NEEDS_REPAIR;LIQUIDITY:NOT_VERIFIED:DATA_OR_FX_NOT_VERIFIED;INSTRUMENT:NOT_VERIFIED:NO_REASON,QUARANTINE,SUSPICIOUS_RETURN_NEEDS_REPAIR,501,499,2,2024-08-21,2026-08-21,QA_V0_4_RESIDUAL_NON_READY,BOUNDED_CURRENT_HISTORY_RECHECK_OR_TARGETED_REFRESH_AFTER_REASON_REVIEW,False,FROZEN_REPOSITORY_EVIDENCE_ONLY_NO_PRICE_OR_FX_DOWNLOAD,STILL_REQUIRES_TARGETED_HISTORY_REPAIR_OR_REQUALIFICATION,False
WS:SRC:ZA_TOP40:3598A879F2EA6E99,Sanlam,South Africa,ZA_TOP40,XJSE,,SLM.JO,QUARANTINE,SUSPICIOUS_RETURN_NEEDS_REPAIR,NOT_EVALUATED_NON_READY,NOT_VERIFIED,DATA_OR_FX_NOT_VERIFIED,,,NOT_VERIFIED,PASS_OR_NOT_VERIFIED,NOT_VERIFIED,,,,FAIL,CACHE_NOT_READY:QUARANTINE,SUSPICIOUS_RETURN_NEEDS_REPAIR,DATA_HISTORY_REMEDIATION_CANDIDATE,CACHE:QUARANTINE:SUSPICIOUS_RETURN_NEEDS_REPAIR;LIQUIDITY:NOT_VERIFIED:DATA_OR_FX_NOT_VERIFIED;INSTRUMENT:NOT_VERIFIED:NO_REASON,QUARANTINE,SUSPICIOUS_RETURN_NEEDS_REPAIR,501,499,2,2024-08-21,2026-08-21,QA_V0_4_RESIDUAL_NON_READY,BOUNDED_CURRENT_HISTORY_RECHECK_OR_TARGETED_REFRESH_AFTER_REASON_REVIEW,False,FROZEN_REPOSITORY_EVIDENCE_ONLY_NO_PRICE_OR_FX_DOWNLOAD,STILL_REQUIRES_TARGETED_HISTORY_REPAIR_OR_REQUALIFICATION,False
WS:SRC:ZA_TOP40:5F247CB49B9B155E,Vodacom,South Africa,ZA_TOP40,XJSE,,VOD.JO,QUARANTINE,SUSPICIOUS_RETURN_NEEDS_REPAIR,NOT_EVALUATED_NON_READY,NOT_VERIFIED,DATA_OR_FX_NOT_VERIFIED,,,NOT_VERIFIED,PASS_OR_NOT_VERIFIED,NOT_VERIFIED,,,,FAIL,CACHE_NOT_READY:QUARANTINE,SUSPICIOUS_RETURN_NEEDS_REPAIR,DATA_HISTORY_REMEDIATION_CANDIDATE,CACHE:QUARANTINE:SUSPICIOUS_RETURN_NEEDS_REPAIR;LIQUIDITY:NOT_VERIFIED:DATA_OR_FX_NOT_VERIFIED;INSTRUMENT:NOT_VERIFIED:NO_REASON,QUARANTINE,SUSPICIOUS_RETURN_NEEDS_REPAIR,501,499,2,2024-08-21,2026-08-21,QA_V0_4_RESIDUAL_NON_READY,BOUNDED_CURRENT_HISTORY_RECHECK_OR_TARGETED_REFRESH_AFTER_REASON_REVIEW,False,FROZEN_REPOSITORY_EVIDENCE_ONLY_NO_PRICE_OR_FX_DOWNLOAD,STILL_REQUIRES_TARGETED_HISTORY_REPAIR_OR_REQUALIFICATION,False
WS:SRC:ZA_TOP40:670585B513E60D68,Woolworths Holdings,South Africa,ZA_TOP40,XJSE,,WHL.JO,QUARANTINE,INVALID_OHLC_OR_VOLUME,NOT_EVALUATED_NON_READY,NOT_VERIFIED,DATA_OR_FX_NOT_VERIFIED,,,NOT_VERIFIED,PASS_OR_NOT_VERIFIED,NOT_VERIFIED,,,,FAIL,CACHE_NOT_READY:QUARANTINE,INVALID_OHLC_OR_VOLUME,DATA_HISTORY_REMEDIATION_CANDIDATE,CACHE:QUARANTINE:INVALID_OHLC_OR_VOLUME;LIQUIDITY:NOT_VERIFIED:DATA_OR_FX_NOT_VERIFIED;INSTRUMENT:NOT_VERIFIED:NO_REASON,QUARANTINE,INVALID_OHLC_OR_VOLUME,501,498,0,2024-08-21,2026-08-21,QA_V0_4_RESIDUAL_NON_READY,BOUNDED_CURRENT_HISTORY_RECHECK_OR_TARGETED_REFRESH_AFTER_REASON_REVIEW,False,FROZEN_REPOSITORY_EVIDENCE_ONLY_NO_PRICE_OR_FX_DOWNLOAD,STILL_REQUIRES_TARGETED_HISTORY_REPAIR_OR_REQUALIFICATION,False
WS:SRC:ZA_TOP40:72B40FB15EDACCA3,Clicks,South Africa,ZA_TOP40,XJSE,,CLS.JO,QUARANTINE,INVALID_OHLC_OR_VOLUME,NOT_EVALUATED_NON_READY,NOT_VERIFIED,DATA_OR_FX_NOT_VERIFIED,,,NOT_VERIFIED,PASS_OR_NOT_VERIFIED,NOT_VERIFIED,,,,FAIL,CACHE_NOT_READY:QUARANTINE,INVALID_OHLC_OR_VOLUME,DATA_HISTORY_REMEDIATION_CANDIDATE,CACHE:QUARANTINE:INVALID_OHLC_OR_VOLUME;LIQUIDITY:NOT_VERIFIED:DATA_OR_FX_NOT_VERIFIED;INSTRUMENT:NOT_VERIFIED:NO_REASON,QUARANTINE,INVALID_OHLC_OR_VOLUME,501,498,0,2024-08-21,2026-08-21,QA_V0_4_RESIDUAL_NON_READY,BOUNDED_CURRENT_HISTORY_RECHECK_OR_TARGETED_REFRESH_AFTER_REASON_REVIEW,False,FROZEN_REPOSITORY_EVIDENCE_ONLY_NO_PRICE_OR_FX_DOWNLOAD,STILL_REQUIRES_TARGETED_HISTORY_REPAIR_OR_REQUALIFICATION,False
WS:SRC:ZA_TOP40:92DB8C1EE0FA61A7,Exxaro,South Africa,ZA_TOP40,XJSE,,EXX.JO,QUARANTINE,INVALID_OHLC_OR_VOLUME,NOT_EVALUATED_NON_READY,NOT_VERIFIED,DATA_OR_FX_NOT_VERIFIED,,,NOT_VERIFIED,PASS_OR_NOT_VERIFIED,NOT_VERIFIED,,,,FAIL,CACHE_NOT_READY:QUARANTINE,INVALID_OHLC_OR_VOLUME,DATA_HISTORY_REMEDIATION_CANDIDATE,CACHE:QUARANTINE:INVALID_OHLC_OR_VOLUME;LIQUIDITY:NOT_VERIFIED:DATA_OR_FX_NOT_VERIFIED;INSTRUMENT:NOT_VERIFIED:NO_REASON,QUARANTINE,INVALID_OHLC_OR_VOLUME,501,496,0,2024-08-21,2026-08-21,QA_V0_4_RESIDUAL_NON_READY,BOUNDED_CURRENT_HISTORY_RECHECK_OR_TARGETED_REFRESH_AFTER_REASON_REVIEW,False,FROZEN_REPOSITORY_EVIDENCE_ONLY_NO_PRICE_OR_FX_DOWNLOAD,STILL_REQUIRES_TARGETED_HISTORY_REPAIR_OR_REQUALIFICATION,False
WS:SRC:ZA_TOP40:CCFFACA1ACD941D3,Standard Bank,South Africa,ZA_TOP40,XJSE,,SBK.JO,QUARANTINE,SUSPICIOUS_RETURN_NEEDS_REPAIR,NOT_EVALUATED_NON_READY,NOT_VERIFIED,DATA_OR_FX_NOT_VERIFIED,,,NOT_VERIFIED,PASS_OR_NOT_VERIFIED,NOT_VERIFIED,,,,FAIL,CACHE_NOT_READY:QUARANTINE,SUSPICIOUS_RETURN_NEEDS_REPAIR,DATA_HISTORY_REMEDIATION_CANDIDATE,CACHE:QUARANTINE:SUSPICIOUS_RETURN_NEEDS_REPAIR;LIQUIDITY:NOT_VERIFIED:DATA_OR_FX_NOT_VERIFIED;INSTRUMENT:NOT_VERIFIED:NO_REASON,QUARANTINE,SUSPICIOUS_RETURN_NEEDS_REPAIR,501,500,2,2024-08-21,2026-08-21,QA_V0_4_RESIDUAL_NON_READY,BOUNDED_CURRENT_HISTORY_RECHECK_OR_TARGETED_REFRESH_AFTER_REASON_REVIEW,False,FROZEN_REPOSITORY_EVIDENCE_ONLY_NO_PRICE_OR_FX_DOWNLOAD,STILL_REQUIRES_TARGETED_HISTORY_REPAIR_OR_REQUALIFICATION,False
WS:SRC:ZA_TOP40:DE0F69D92EFF3FE9,Old Mutual,South Africa,ZA_TOP40,XJSE,,OMU.JO,QUARANTINE,INVALID_OHLC_OR_VOLUME,NOT_EVALUATED_NON_READY,NOT_VERIFIED,DATA_OR_FX_NOT_VERIFIED,,,NOT_VERIFIED,PASS_OR_NOT_VERIFIED,NOT_VERIFIED,,,,FAIL,CACHE_NOT_READY:QUARANTINE,INVALID_OHLC_OR_VOLUME,DATA_HISTORY_REMEDIATION_CANDIDATE,CACHE:QUARANTINE:INVALID_OHLC_OR_VOLUME;LIQUIDITY:NOT_VERIFIED:DATA_OR_FX_NOT_VERIFIED;INSTRUMENT:NOT_VERIFIED:NO_REASON,QUARANTINE,INVALID_OHLC_OR_VOLUME,501,498,0,2024-08-21,2026-08-21,QA_V0_4_RESIDUAL_NON_READY,BOUNDED_CURRENT_HISTORY_RECHECK_OR_TARGETED_REFRESH_AFTER_REASON_REVIEW,False,FROZEN_REPOSITORY_EVIDENCE_ONLY_NO_PRICE_OR_FX_DOWNLOAD,STILL_REQUIRES_TARGETED_HISTORY_REPAIR_OR_REQUALIFICATION,False
WS:SRC:ZA_TOP40:FBAF8D9D0C6FF09E,MTN Group,South Africa,ZA_TOP40,XJSE,,MTN.JO,QUARANTINE,INVALID_OHLC_OR_VOLUME,NOT_EVALUATED_NON_READY,NOT_VERIFIED,DATA_OR_FX_NOT_VERIFIED,,,NOT_VERIFIED,PASS_OR_NOT_VERIFIED,NOT_VERIFIED,,,,FAIL,CACHE_NOT_READY:QUARANTINE,INVALID_OHLC_OR_VOLUME,DATA_HISTORY_REMEDIATION_CANDIDATE,CACHE:QUARANTINE:INVALID_OHLC_OR_VOLUME;LIQUIDITY:NOT_VERIFIED:DATA_OR_FX_NOT_VERIFIED;INSTRUMENT:NOT_VERIFIED:NO_REASON,QUARANTINE,INVALID_OHLC_OR_VOLUME,501,498,0,2024-08-21,2026-08-21,QA_V0_4_RESIDUAL_NON_READY,BOUNDED_CURRENT_HISTORY_RECHECK_OR_TARGETED_REFRESH_AFTER_REASON_REVIEW,False,FROZEN_REPOSITORY_EVIDENCE_ONLY_NO_PRICE_OR_FX_DOWNLOAD,STILL_REQUIRES_TARGETED_HISTORY_REPAIR_OR_REQUALIFICATION,False
