WS_ID,Name,Country,Primary_Universe_Index,Primary_MIC,Primary_Ticker,Yahoo_Symbol,Primary_Currency,Currency_Normalized,Quote_Scale_To_Major_Currency,Instrument_Type,Instrument_Gate,Instrument_Gate_Reason,Scalable_Tradeability_Status,Cache_Status,Cache_Reason,Unique_Bars,Valid_Bars,FreeFloatMarketCap_EUR,FreeFloatMarketCap_Status,Usable20,Usable60,MedianTurnover20_EUR,MedianTurnover60_EUR,FX_Coverage20,FX_Coverage60,Liquidity_Data_Status,Liquidity_Last_Session,Liquidity_Gate,Liquidity_Bucket,Scalable_Gate,Strict_Eligibility,Blocking_Reasons,Instrument_Decision_v0_6,Instrument_Type_Resolved_v0_6,Instrument_Resolution_Method_v0_6,Instrument_Resolution_Reason_v0_6,Instrument_Evidence_URL_v0_6,Instrument_Evidence_Note_v0_6,Strict_Eligibility_v0_6,Instrument_Decision_v0_7,Instrument_Type_Resolved_v0_7,Instrument_Resolution_Method_v0_7,Instrument_Resolution_Reason_v0_7,Instrument_Evidence_URL_v0_7,Instrument_Evidence_Note_v0_7,Strict_Eligibility_v0_7,_ASX_CODE_NORM,ASX code,Company name,Security type,ISIN code,Instrument_Decision_v0_8,Instrument_Type_Resolved_v0_8,Instrument_Resolution_Method_v0_8,Instrument_Resolution_Reason_v0_8,Instrument_Evidence_URL_v0_8,Instrument_Evidence_Note_v0_8
WS:XASX:AGL,AGL Energy,Australia,AU_ASX200,XASX,AGL,AGL.AX,AUD,AUD,1.0,UNVERIFIED_EQUITY_SECURITY,NOT_VERIFIED,INSTRUMENT_TYPE_NOT_STRICTLY_VERIFIED,NOT_VERIFIED,READY,,508,508,,NOT_COLLECTED_BULK_RELIABLY_QA_ONLY,20,60,15142934.53836069,11857805.127125321,20,60,OK,2026-08-21,PASS,STANDARD_15_TO_20M,PASS_OR_NOT_VERIFIED,NOT_VERIFIED,INSTRUMENT_NOT_VERIFIED,NOT_VERIFIED,UNKNOWN,TARGETED_REVIEW_REQUIRED,MIXED_SECURITY_STRUCTURES_REIT_STAPLED_POSSIBLE,https://www.spglobal.com/spdji/en/indices/equity/sp-asx-200/,"Official S&P page calls constituents index-eligible stocks, but official index announcements also identify REIT constituents. Group-level ordinary-share PASS is therefore not allowed.",NOT_VERIFIED,NOT_VERIFIED,UNKNOWN,TARGETED_REVIEW_REQUIRED,MIXED_SECURITY_STRUCTURES_REIT_STAPLED_POSSIBLE,https://www.spglobal.com/spdji/en/indices/equity/sp-asx-200/,"Official S&P page calls constituents index-eligible stocks, but official index announcements also identify REIT constituents. Group-level ordinary-share PASS is therefore not allowed.",NOT_VERIFIED,AGL,AGL,AGL ENERGY LIMITED.,ORDINARY FULLY PAID,AU000000AGL7,PASS,ORDINARY_SHARE_BY_ASX_SECURITY_TYPE,ASX_OFFICIAL_ISIN_DIRECTORY_SECURITY_TYPE,ASX_SECURITY_TYPE_ORDINARY_FULLY_PAID,https://www.asx.com.au/content/dam/asx/issuers/ISIN.xls,Official ASX ISIN directory; Security type column; frozen 63/63 target coverage from v0.7. Security type is read from the frozen v0.7 reference-match file; no new request is made.
WS:XASX:ALD,Ampol,Australia,AU_ASX200,XASX,ALD,ALD.AX,AUD,AUD,1.0,UNVERIFIED_EQUITY_SECURITY,NOT_VERIFIED,INSTRUMENT_TYPE_NOT_STRICTLY_VERIFIED,NOT_VERIFIED,READY,,508,508,,NOT_COLLECTED_BULK_RELIABLY_QA_ONLY,20,60,23757143.39559655,22996286.15626962,20,60,OK,2026-08-21,PASS,PREFERRED_GE_20M,PASS_OR_NOT_VERIFIED,NOT_VERIFIED,INSTRUMENT_NOT_VERIFIED,NOT_VERIFIED,UNKNOWN,TARGETED_REVIEW_REQUIRED,MIXED_SECURITY_STRUCTURES_REIT_STAPLED_POSSIBLE,https://www.spglobal.com/spdji/en/indices/equity/sp-asx-200/,"Official S&P page calls constituents index-eligible stocks, but official index announcements also identify REIT constituents. Group-level ordinary-share PASS is therefore not allowed.",NOT_VERIFIED,NOT_VERIFIED,UNKNOWN,TARGETED_REVIEW_REQUIRED,MIXED_SECURITY_STRUCTURES_REIT_STAPLED_POSSIBLE,https://www.spglobal.com/spdji/en/indices/equity/sp-asx-200/,"Official S&P page calls constituents index-eligible stocks, but official index announcements also identify REIT constituents. Group-level ordinary-share PASS is therefore not allowed.",NOT_VERIFIED,ALD,ALD,AMPOL LIMITED,ORDINARY FULLY PAID,AU0000088338,PASS,ORDINARY_SHARE_BY_ASX_SECURITY_TYPE,ASX_OFFICIAL_ISIN_DIRECTORY_SECURITY_TYPE,ASX_SECURITY_TYPE_ORDINARY_FULLY_PAID,https://www.asx.com.au/content/dam/asx/issuers/ISIN.xls,Official ASX ISIN directory; Security type column; frozen 63/63 target coverage from v0.7. Security type is read from the frozen v0.7 reference-match file; no new request is made.
WS:XASX:ALL,Aristocrat Leisure,Australia,AU_ASX200,XASX,ALL,ALL.AX,AUD,AUD,1.0,UNVERIFIED_EQUITY_SECURITY,NOT_VERIFIED,INSTRUMENT_TYPE_NOT_STRICTLY_VERIFIED,NOT_VERIFIED,READY,,508,508,,NOT_COLLECTED_BULK_RELIABLY_QA_ONLY,20,60,44501951.65134953,52107353.462070435,20,60,OK,2026-08-21,PASS,PREFERRED_GE_20M,PASS_OR_NOT_VERIFIED,NOT_VERIFIED,INSTRUMENT_NOT_VERIFIED,NOT_VERIFIED,UNKNOWN,TARGETED_REVIEW_REQUIRED,MIXED_SECURITY_STRUCTURES_REIT_STAPLED_POSSIBLE,https://www.spglobal.com/spdji/en/indices/equity/sp-asx-200/,"Official S&P page calls constituents index-eligible stocks, but official index announcements also identify REIT constituents. Group-level ordinary-share PASS is therefore not allowed.",NOT_VERIFIED,NOT_VERIFIED,UNKNOWN,TARGETED_REVIEW_REQUIRED,MIXED_SECURITY_STRUCTURES_REIT_STAPLED_POSSIBLE,https://www.spglobal.com/spdji/en/indices/equity/sp-asx-200/,"Official S&P page calls constituents index-eligible stocks, but official index announcements also identify REIT constituents. Group-level ordinary-share PASS is therefore not allowed.",NOT_VERIFIED,ALL,ALL,ARISTOCRAT LEISURE LIMITED,ORDINARY FULLY PAID,AU000000ALL7,PASS,ORDINARY_SHARE_BY_ASX_SECURITY_TYPE,ASX_OFFICIAL_ISIN_DIRECTORY_SECURITY_TYPE,ASX_SECURITY_TYPE_ORDINARY_FULLY_PAID,https://www.asx.com.au/content/dam/asx/issuers/ISIN.xls,Official ASX ISIN directory; Security type column; frozen 63/63 target coverage from v0.7. Security type is read from the frozen v0.7 reference-match file; no new request is made.
WS:XASX:ALQ,ALS,Australia,AU_ASX200,XASX,ALQ,ALQ.AX,AUD,AUD,1.0,UNVERIFIED_EQUITY_SECURITY,NOT_VERIFIED,INSTRUMENT_TYPE_NOT_STRICTLY_VERIFIED,NOT_VERIFIED,READY,,508,508,,NOT_COLLECTED_BULK_RELIABLY_QA_ONLY,20,60,18730281.122865975,20325414.872351855,20,60,OK,2026-08-21,PASS,STANDARD_15_TO_20M,PASS_OR_NOT_VERIFIED,NOT_VERIFIED,INSTRUMENT_NOT_VERIFIED,NOT_VERIFIED,UNKNOWN,TARGETED_REVIEW_REQUIRED,MIXED_SECURITY_STRUCTURES_REIT_STAPLED_POSSIBLE,https://www.spglobal.com/spdji/en/indices/equity/sp-asx-200/,"Official S&P page calls constituents index-eligible stocks, but official index announcements also identify REIT constituents. Group-level ordinary-share PASS is therefore not allowed.",NOT_VERIFIED,NOT_VERIFIED,UNKNOWN,TARGETED_REVIEW_REQUIRED,MIXED_SECURITY_STRUCTURES_REIT_STAPLED_POSSIBLE,https://www.spglobal.com/spdji/en/indices/equity/sp-asx-200/,"Official S&P page calls constituents index-eligible stocks, but official index announcements also identify REIT constituents. Group-level ordinary-share PASS is therefore not allowed.",NOT_VERIFIED,ALQ,ALQ,ALS LIMITED,ORDINARY FULLY PAID,AU000000ALQ6,PASS,ORDINARY_SHARE_BY_ASX_SECURITY_TYPE,ASX_OFFICIAL_ISIN_DIRECTORY_SECURITY_TYPE,ASX_SECURITY_TYPE_ORDINARY_FULLY_PAID,https://www.asx.com.au/content/dam/asx/issuers/ISIN.xls,Official ASX ISIN directory; Security type column; frozen 63/63 target coverage from v0.7. Security type is read from the frozen v0.7 reference-match file; no new request is made.
WS:XASX:ANZ,Australia & New Zealand Banking Group,Australia,AU_ASX200,XASX,ANZ,ANZ.AX,AUD,AUD,1.0,UNVERIFIED_EQUITY_SECURITY,NOT_VERIFIED,INSTRUMENT_TYPE_NOT_STRICTLY_VERIFIED,NOT_VERIFIED,READY,ISOLATED_INVALID_BAR_EXCLUDED,508,507,,NOT_COLLECTED_BULK_RELIABLY_QA_ONLY,20,60,91056491.01292387,88875106.0224073,20,60,OK,2026-08-21,PASS,PREFERRED_GE_20M,PASS_OR_NOT_VERIFIED,NOT_VERIFIED,INSTRUMENT_NOT_VERIFIED,NOT_VERIFIED,UNKNOWN,TARGETED_REVIEW_REQUIRED,MIXED_SECURITY_STRUCTURES_REIT_STAPLED_POSSIBLE,https://www.spglobal.com/spdji/en/indices/equity/sp-asx-200/,"Official S&P page calls constituents index-eligible stocks, but official index announcements also identify REIT constituents. Group-level ordinary-share PASS is therefore not allowed.",NOT_VERIFIED,NOT_VERIFIED,UNKNOWN,TARGETED_REVIEW_REQUIRED,MIXED_SECURITY_STRUCTURES_REIT_STAPLED_POSSIBLE,https://www.spglobal.com/spdji/en/indices/equity/sp-asx-200/,"Official S&P page calls constituents index-eligible stocks, but official index announcements also identify REIT constituents. Group-level ordinary-share PASS is therefore not allowed.",NOT_VERIFIED,ANZ,ANZ,ANZ GROUP HOLDINGS LIMITED,ORDINARY FULLY PAID,AU000000ANZ3,PASS,ORDINARY_SHARE_BY_ASX_SECURITY_TYPE,ASX_OFFICIAL_ISIN_DIRECTORY_SECURITY_TYPE,ASX_SECURITY_TYPE_ORDINARY_FULLY_PAID,https://www.asx.com.au/content/dam/asx/issuers/ISIN.xls,Official ASX ISIN directory; Security type column; frozen 63/63 target coverage from v0.7. Security type is read from the frozen v0.7 reference-match file; no new request is made.
WS:XASX:ASX,ASX,Australia,AU_ASX200,XASX,ASX,ASX.AX,AUD,AUD,1.0,UNVERIFIED_EQUITY_SECURITY,NOT_VERIFIED,INSTRUMENT_TYPE_NOT_STRICTLY_VERIFIED,NOT_VERIFIED,READY,,508,508,,NOT_COLLECTED_BULK_RELIABLY_QA_ONLY,20,60,24104127.467697755,26414056.163645424,20,60,OK,2026-08-21,PASS,PREFERRED_GE_20M,PASS_OR_NOT_VERIFIED,NOT_VERIFIED,INSTRUMENT_NOT_VERIFIED,NOT_VERIFIED,UNKNOWN,TARGETED_REVIEW_REQUIRED,MIXED_SECURITY_STRUCTURES_REIT_STAPLED_POSSIBLE,https://www.spglobal.com/spdji/en/indices/equity/sp-asx-200/,"Official S&P page calls constituents index-eligible stocks, but official index announcements also identify REIT constituents. Group-level ordinary-share PASS is therefore not allowed.",NOT_VERIFIED,NOT_VERIFIED,UNKNOWN,TARGETED_REVIEW_REQUIRED,MIXED_SECURITY_STRUCTURES_REIT_STAPLED_POSSIBLE,https://www.spglobal.com/spdji/en/indices/equity/sp-asx-200/,"Official S&P page calls constituents index-eligible stocks, but official index announcements also identify REIT constituents. Group-level ordinary-share PASS is therefore not allowed.",NOT_VERIFIED,ASX,ASX,ASX LIMITED,ORDINARY FULLY PAID,AU000000ASX7,PASS,ORDINARY_SHARE_BY_ASX_SECURITY_TYPE,ASX_OFFICIAL_ISIN_DIRECTORY_SECURITY_TYPE,ASX_SECURITY_TYPE_ORDINARY_FULLY_PAID,https://www.asx.com.au/content/dam/asx/issuers/ISIN.xls,Official ASX ISIN directory; Security type column; frozen 63/63 target coverage from v0.7. Security type is read from the frozen v0.7 reference-match file; no new request is made.
WS:XASX:AZJ,Aurizon,Australia,AU_ASX200,XASX,AZJ,AZJ.AX,AUD,AUD,1.0,UNVERIFIED_EQUITY_SECURITY,NOT_VERIFIED,INSTRUMENT_TYPE_NOT_STRICTLY_VERIFIED,NOT_VERIFIED,READY,,508,508,,NOT_COLLECTED_BULK_RELIABLY_QA_ONLY,20,60,17249328.971567806,15121377.228867024,20,60,OK,2026-08-21,PASS,STANDARD_15_TO_20M,PASS_OR_NOT_VERIFIED,NOT_VERIFIED,INSTRUMENT_NOT_VERIFIED,NOT_VERIFIED,UNKNOWN,TARGETED_REVIEW_REQUIRED,MIXED_SECURITY_STRUCTURES_REIT_STAPLED_POSSIBLE,https://www.spglobal.com/spdji/en/indices/equity/sp-asx-200/,"Official S&P page calls constituents index-eligible stocks, but official index announcements also identify REIT constituents. Group-level ordinary-share PASS is therefore not allowed.",NOT_VERIFIED,NOT_VERIFIED,UNKNOWN,TARGETED_REVIEW_REQUIRED,MIXED_SECURITY_STRUCTURES_REIT_STAPLED_POSSIBLE,https://www.spglobal.com/spdji/en/indices/equity/sp-asx-200/,"Official S&P page calls constituents index-eligible stocks, but official index announcements also identify REIT constituents. Group-level ordinary-share PASS is therefore not allowed.",NOT_VERIFIED,AZJ,AZJ,AURIZON HOLDINGS LIMITED,ORDINARY FULLY PAID,AU000000AZJ1,PASS,ORDINARY_SHARE_BY_ASX_SECURITY_TYPE,ASX_OFFICIAL_ISIN_DIRECTORY_SECURITY_TYPE,ASX_SECURITY_TYPE_ORDINARY_FULLY_PAID,https://www.asx.com.au/content/dam/asx/issuers/ISIN.xls,Official ASX ISIN directory; Security type column; frozen 63/63 target coverage from v0.7. Security type is read from the frozen v0.7 reference-match file; no new request is made.
WS:XASX:BHP,BHP,Australia,AU_ASX200,XASX,BHP,BHP.AX,AUD,AUD,1.0,UNVERIFIED_EQUITY_SECURITY,NOT_VERIFIED,INSTRUMENT_TYPE_NOT_STRICTLY_VERIFIED,NOT_VERIFIED,READY,,508,508,,NOT_COLLECTED_BULK_RELIABLY_QA_ONLY,20,60,255388416.97694266,267389167.79465044,20,60,OK,2026-08-21,PASS,PREFERRED_GE_20M,PASS_OR_NOT_VERIFIED,NOT_VERIFIED,INSTRUMENT_NOT_VERIFIED,NOT_VERIFIED,UNKNOWN,TARGETED_REVIEW_REQUIRED,MIXED_SECURITY_STRUCTURES_REIT_STAPLED_POSSIBLE,https://www.spglobal.com/spdji/en/indices/equity/sp-asx-200/,"Official S&P page calls constituents index-eligible stocks, but official index announcements also identify REIT constituents. Group-level ordinary-share PASS is therefore not allowed.",NOT_VERIFIED,NOT_VERIFIED,UNKNOWN,TARGETED_REVIEW_REQUIRED,MIXED_SECURITY_STRUCTURES_REIT_STAPLED_POSSIBLE,https://www.spglobal.com/spdji/en/indices/equity/sp-asx-200/,"Official S&P page calls constituents index-eligible stocks, but official index announcements also identify REIT constituents. Group-level ordinary-share PASS is therefore not allowed.",NOT_VERIFIED,BHP,BHP,BHP GROUP LIMITED,ORDINARY FULLY PAID,AU000000BHP4,PASS,ORDINARY_SHARE_BY_ASX_SECURITY_TYPE,ASX_OFFICIAL_ISIN_DIRECTORY_SECURITY_TYPE,ASX_SECURITY_TYPE_ORDINARY_FULLY_PAID,https://www.asx.com.au/content/dam/asx/issuers/ISIN.xls,Official ASX ISIN directory; Security type column; frozen 63/63 target coverage from v0.7. Security type is read from the frozen v0.7 reference-match file; no new request is made.
WS:XASX:BSL,BlueScope,Australia,AU_ASX200,XASX,BSL,BSL.AX,AUD,AUD,1.0,UNVERIFIED_EQUITY_SECURITY,NOT_VERIFIED,INSTRUMENT_TYPE_NOT_STRICTLY_VERIFIED,NOT_VERIFIED,READY,ISOLATED_INVALID_BAR_EXCLUDED,508,507,,NOT_COLLECTED_BULK_RELIABLY_QA_ONLY,20,60,28185113.268952124,25794466.423659444,20,60,OK,2026-08-21,PASS,PREFERRED_GE_20M,PASS_OR_NOT_VERIFIED,NOT_VERIFIED,INSTRUMENT_NOT_VERIFIED,NOT_VERIFIED,UNKNOWN,TARGETED_REVIEW_REQUIRED,MIXED_SECURITY_STRUCTURES_REIT_STAPLED_POSSIBLE,https://www.spglobal.com/spdji/en/indices/equity/sp-asx-200/,"Official S&P page calls constituents index-eligible stocks, but official index announcements also identify REIT constituents. Group-level ordinary-share PASS is therefore not allowed.",NOT_VERIFIED,NOT_VERIFIED,UNKNOWN,TARGETED_REVIEW_REQUIRED,MIXED_SECURITY_STRUCTURES_REIT_STAPLED_POSSIBLE,https://www.spglobal.com/spdji/en/indices/equity/sp-asx-200/,"Official S&P page calls constituents index-eligible stocks, but official index announcements also identify REIT constituents. Group-level ordinary-share PASS is therefore not allowed.",NOT_VERIFIED,BSL,BSL,BLUESCOPE STEEL LIMITED,ORDINARY FULLY PAID,AU000000BSL0,PASS,ORDINARY_SHARE_BY_ASX_SECURITY_TYPE,ASX_OFFICIAL_ISIN_DIRECTORY_SECURITY_TYPE,ASX_SECURITY_TYPE_ORDINARY_FULLY_PAID,https://www.asx.com.au/content/dam/asx/issuers/ISIN.xls,Official ASX ISIN directory; Security type column; frozen 63/63 target coverage from v0.7. Security type is read from the frozen v0.7 reference-match file; no new request is made.
WS:XASX:BXB,Brambles,Australia,AU_ASX200,XASX,BXB,BXB.AX,AUD,AUD,1.0,UNVERIFIED_EQUITY_SECURITY,NOT_VERIFIED,INSTRUMENT_TYPE_NOT_STRICTLY_VERIFIED,NOT_VERIFIED,READY,ISOLATED_INVALID_BAR_EXCLUDED,508,507,,NOT_COLLECTED_BULK_RELIABLY_QA_ONLY,20,60,41218689.02623574,44820071.80399458,20,60,OK,2026-08-21,PASS,PREFERRED_GE_20M,PASS_OR_NOT_VERIFIED,NOT_VERIFIED,INSTRUMENT_NOT_VERIFIED,NOT_VERIFIED,UNKNOWN,TARGETED_REVIEW_REQUIRED,MIXED_SECURITY_STRUCTURES_REIT_STAPLED_POSSIBLE,https://www.spglobal.com/spdji/en/indices/equity/sp-asx-200/,"Official S&P page calls constituents index-eligible stocks, but official index announcements also identify REIT constituents. Group-level ordinary-share PASS is therefore not allowed.",NOT_VERIFIED,NOT_VERIFIED,UNKNOWN,TARGETED_REVIEW_REQUIRED,MIXED_SECURITY_STRUCTURES_REIT_STAPLED_POSSIBLE,https://www.spglobal.com/spdji/en/indices/equity/sp-asx-200/,"Official S&P page calls constituents index-eligible stocks, but official index announcements also identify REIT constituents. Group-level ordinary-share PASS is therefore not allowed.",NOT_VERIFIED,BXB,BXB,BRAMBLES LIMITED,ORDINARY FULLY PAID,AU000000BXB1,PASS,ORDINARY_SHARE_BY_ASX_SECURITY_TYPE,ASX_OFFICIAL_ISIN_DIRECTORY_SECURITY_TYPE,ASX_SECURITY_TYPE_ORDINARY_FULLY_PAID,https://www.asx.com.au/content/dam/asx/issuers/ISIN.xls,Official ASX ISIN directory; Security type column; frozen 63/63 target coverage from v0.7. Security type is read from the frozen v0.7 reference-match file; no new request is made.
WS:XASX:CAR,CAR Group,Australia,AU_ASX200,XASX,CAR,CAR.AX,AUD,AUD,1.0,UNVERIFIED_EQUITY_SECURITY,NOT_VERIFIED,INSTRUMENT_TYPE_NOT_STRICTLY_VERIFIED,NOT_VERIFIED,READY,,508,508,,NOT_COLLECTED_BULK_RELIABLY_QA_ONLY,20,60,27996744.355697617,23598268.211746752,20,60,OK,2026-08-21,PASS,PREFERRED_GE_20M,PASS_OR_NOT_VERIFIED,NOT_VERIFIED,INSTRUMENT_NOT_VERIFIED,NOT_VERIFIED,UNKNOWN,TARGETED_REVIEW_REQUIRED,MIXED_SECURITY_STRUCTURES_REIT_STAPLED_POSSIBLE,https://www.spglobal.com/spdji/en/indices/equity/sp-asx-200/,"Official S&P page calls constituents index-eligible stocks, but official index announcements also identify REIT constituents. Group-level ordinary-share PASS is therefore not allowed.",NOT_VERIFIED,NOT_VERIFIED,UNKNOWN,TARGETED_REVIEW_REQUIRED,MIXED_SECURITY_STRUCTURES_REIT_STAPLED_POSSIBLE,https://www.spglobal.com/spdji/en/indices/equity/sp-asx-200/,"Official S&P page calls constituents index-eligible stocks, but official index announcements also identify REIT constituents. Group-level ordinary-share PASS is therefore not allowed.",NOT_VERIFIED,CAR,CAR,CAR GROUP LIMITED,ORDINARY FULLY PAID,AU000000CAR3,PASS,ORDINARY_SHARE_BY_ASX_SECURITY_TYPE,ASX_OFFICIAL_ISIN_DIRECTORY_SECURITY_TYPE,ASX_SECURITY_TYPE_ORDINARY_FULLY_PAID,https://www.asx.com.au/content/dam/asx/issuers/ISIN.xls,Official ASX ISIN directory; Security type column; frozen 63/63 target coverage from v0.7. Security type is read from the frozen v0.7 reference-match file; no new request is made.
WS:XASX:CBA,Commonwealth Bank,Australia,AU_ASX200,XASX,CBA,CBA.AX,AUD,AUD,1.0,UNVERIFIED_EQUITY_SECURITY,NOT_VERIFIED,INSTRUMENT_TYPE_NOT_STRICTLY_VERIFIED,NOT_VERIFIED,READY,ISOLATED_INVALID_BAR_EXCLUDED,508,507,,NOT_COLLECTED_BULK_RELIABLY_QA_ONLY,20,60,221377870.51410964,207345395.85572743,20,60,OK,2026-08-21,PASS,PREFERRED_GE_20M,PASS_OR_NOT_VERIFIED,NOT_VERIFIED,INSTRUMENT_NOT_VERIFIED,NOT_VERIFIED,UNKNOWN,TARGETED_REVIEW_REQUIRED,MIXED_SECURITY_STRUCTURES_REIT_STAPLED_POSSIBLE,https://www.spglobal.com/spdji/en/indices/equity/sp-asx-200/,"Official S&P page calls constituents index-eligible stocks, but official index announcements also identify REIT constituents. Group-level ordinary-share PASS is therefore not allowed.",NOT_VERIFIED,NOT_VERIFIED,UNKNOWN,TARGETED_REVIEW_REQUIRED,MIXED_SECURITY_STRUCTURES_REIT_STAPLED_POSSIBLE,https://www.spglobal.com/spdji/en/indices/equity/sp-asx-200/,"Official S&P page calls constituents index-eligible stocks, but official index announcements also identify REIT constituents. Group-level ordinary-share PASS is therefore not allowed.",NOT_VERIFIED,CBA,CBA,COMMONWEALTH BANK OF AUSTRALIA.,ORDINARY FULLY PAID,AU000000CBA7,PASS,ORDINARY_SHARE_BY_ASX_SECURITY_TYPE,ASX_OFFICIAL_ISIN_DIRECTORY_SECURITY_TYPE,ASX_SECURITY_TYPE_ORDINARY_FULLY_PAID,https://www.asx.com.au/content/dam/asx/issuers/ISIN.xls,Official ASX ISIN directory; Security type column; frozen 63/63 target coverage from v0.7. Security type is read from the frozen v0.7 reference-match file; no new request is made.
WS:XASX:CMM,Capricorn Metals,Australia,AU_ASX200,XASX,CMM,CMM.AX,AUD,AUD,1.0,UNVERIFIED_EQUITY_SECURITY,NOT_VERIFIED,INSTRUMENT_TYPE_NOT_STRICTLY_VERIFIED,NOT_VERIFIED,READY,,508,508,,NOT_COLLECTED_BULK_RELIABLY_QA_ONLY,20,60,16956914.064704336,16240862.933723288,20,60,OK,2026-08-21,PASS,STANDARD_15_TO_20M,PASS_OR_NOT_VERIFIED,NOT_VERIFIED,INSTRUMENT_NOT_VERIFIED,NOT_VERIFIED,UNKNOWN,TARGETED_REVIEW_REQUIRED,MIXED_SECURITY_STRUCTURES_REIT_STAPLED_POSSIBLE,https://www.spglobal.com/spdji/en/indices/equity/sp-asx-200/,"Official S&P page calls constituents index-eligible stocks, but official index announcements also identify REIT constituents. Group-level ordinary-share PASS is therefore not allowed.",NOT_VERIFIED,NOT_VERIFIED,UNKNOWN,TARGETED_REVIEW_REQUIRED,MIXED_SECURITY_STRUCTURES_REIT_STAPLED_POSSIBLE,https://www.spglobal.com/spdji/en/indices/equity/sp-asx-200/,"Official S&P page calls constituents index-eligible stocks, but official index announcements also identify REIT constituents. Group-level ordinary-share PASS is therefore not allowed.",NOT_VERIFIED,CMM,CMM,CAPRICORN METALS LTD,ORDINARY FULLY PAID,AU000000CMM9,PASS,ORDINARY_SHARE_BY_ASX_SECURITY_TYPE,ASX_OFFICIAL_ISIN_DIRECTORY_SECURITY_TYPE,ASX_SECURITY_TYPE_ORDINARY_FULLY_PAID,https://www.asx.com.au/content/dam/asx/issuers/ISIN.xls,Official ASX ISIN directory; Security type column; frozen 63/63 target coverage from v0.7. Security type is read from the frozen v0.7 reference-match file; no new request is made.
WS:XASX:COH,Cochlear,Australia,AU_ASX200,XASX,COH,COH.AX,AUD,AUD,1.0,UNVERIFIED_EQUITY_SECURITY,NOT_VERIFIED,INSTRUMENT_TYPE_NOT_STRICTLY_VERIFIED,NOT_VERIFIED,READY,,508,508,,NOT_COLLECTED_BULK_RELIABLY_QA_ONLY,20,60,29069069.047439247,30971607.678704422,20,60,OK,2026-08-21,PASS,PREFERRED_GE_20M,PASS_OR_NOT_VERIFIED,NOT_VERIFIED,INSTRUMENT_NOT_VERIFIED,NOT_VERIFIED,UNKNOWN,TARGETED_REVIEW_REQUIRED,MIXED_SECURITY_STRUCTURES_REIT_STAPLED_POSSIBLE,https://www.spglobal.com/spdji/en/indices/equity/sp-asx-200/,"Official S&P page calls constituents index-eligible stocks, but official index announcements also identify REIT constituents. Group-level ordinary-share PASS is therefore not allowed.",NOT_VERIFIED,NOT_VERIFIED,UNKNOWN,TARGETED_REVIEW_REQUIRED,MIXED_SECURITY_STRUCTURES_REIT_STAPLED_POSSIBLE,https://www.spglobal.com/spdji/en/indices/equity/sp-asx-200/,"Official S&P page calls constituents index-eligible stocks, but official index announcements also identify REIT constituents. Group-level ordinary-share PASS is therefore not allowed.",NOT_VERIFIED,COH,COH,COCHLEAR LIMITED,ORDINARY FULLY PAID,AU000000COH5,PASS,ORDINARY_SHARE_BY_ASX_SECURITY_TYPE,ASX_OFFICIAL_ISIN_DIRECTORY_SECURITY_TYPE,ASX_SECURITY_TYPE_ORDINARY_FULLY_PAID,https://www.asx.com.au/content/dam/asx/issuers/ISIN.xls,Official ASX ISIN directory; Security type column; frozen 63/63 target coverage from v0.7. Security type is read from the frozen v0.7 reference-match file; no new request is made.
WS:XASX:COL,Coles Group,Australia,AU_ASX200,XASX,COL,COL.AX,AUD,AUD,1.0,UNVERIFIED_EQUITY_SECURITY,NOT_VERIFIED,INSTRUMENT_TYPE_NOT_STRICTLY_VERIFIED,NOT_VERIFIED,READY,,508,508,,NOT_COLLECTED_BULK_RELIABLY_QA_ONLY,20,60,29017997.88752336,33139331.892146103,20,60,OK,2026-08-21,PASS,PREFERRED_GE_20M,PASS_OR_NOT_VERIFIED,NOT_VERIFIED,INSTRUMENT_NOT_VERIFIED,NOT_VERIFIED,UNKNOWN,TARGETED_REVIEW_REQUIRED,MIXED_SECURITY_STRUCTURES_REIT_STAPLED_POSSIBLE,https://www.spglobal.com/spdji/en/indices/equity/sp-asx-200/,"Official S&P page calls constituents index-eligible stocks, but official index announcements also identify REIT constituents. Group-level ordinary-share PASS is therefore not allowed.",NOT_VERIFIED,NOT_VERIFIED,UNKNOWN,TARGETED_REVIEW_REQUIRED,MIXED_SECURITY_STRUCTURES_REIT_STAPLED_POSSIBLE,https://www.spglobal.com/spdji/en/indices/equity/sp-asx-200/,"Official S&P page calls constituents index-eligible stocks, but official index announcements also identify REIT constituents. Group-level ordinary-share PASS is therefore not allowed.",NOT_VERIFIED,COL,COL,COLES GROUP LIMITED.,ORDINARY FULLY PAID,AU0000030678,PASS,ORDINARY_SHARE_BY_ASX_SECURITY_TYPE,ASX_OFFICIAL_ISIN_DIRECTORY_SECURITY_TYPE,ASX_SECURITY_TYPE_ORDINARY_FULLY_PAID,https://www.asx.com.au/content/dam/asx/issuers/ISIN.xls,Official ASX ISIN directory; Security type column; frozen 63/63 target coverage from v0.7. Security type is read from the frozen v0.7 reference-match file; no new request is made.
WS:XASX:CPU,Computershare,Australia,AU_ASX200,XASX,CPU,CPU.AX,AUD,AUD,1.0,UNVERIFIED_EQUITY_SECURITY,NOT_VERIFIED,INSTRUMENT_TYPE_NOT_STRICTLY_VERIFIED,NOT_VERIFIED,READY,,508,508,,NOT_COLLECTED_BULK_RELIABLY_QA_ONLY,20,60,35998028.71817793,32524855.494893365,20,60,OK,2026-08-21,PASS,PREFERRED_GE_20M,PASS_OR_NOT_VERIFIED,NOT_VERIFIED,INSTRUMENT_NOT_VERIFIED,NOT_VERIFIED,UNKNOWN,TARGETED_REVIEW_REQUIRED,MIXED_SECURITY_STRUCTURES_REIT_STAPLED_POSSIBLE,https://www.spglobal.com/spdji/en/indices/equity/sp-asx-200/,"Official S&P page calls constituents index-eligible stocks, but official index announcements also identify REIT constituents. Group-level ordinary-share PASS is therefore not allowed.",NOT_VERIFIED,NOT_VERIFIED,UNKNOWN,TARGETED_REVIEW_REQUIRED,MIXED_SECURITY_STRUCTURES_REIT_STAPLED_POSSIBLE,https://www.spglobal.com/spdji/en/indices/equity/sp-asx-200/,"Official S&P page calls constituents index-eligible stocks, but official index announcements also identify REIT constituents. Group-level ordinary-share PASS is therefore not allowed.",NOT_VERIFIED,CPU,CPU,COMPUTERSHARE LIMITED.,ORDINARY FULLY PAID,AU000000CPU5,PASS,ORDINARY_SHARE_BY_ASX_SECURITY_TYPE,ASX_OFFICIAL_ISIN_DIRECTORY_SECURITY_TYPE,ASX_SECURITY_TYPE_ORDINARY_FULLY_PAID,https://www.asx.com.au/content/dam/asx/issuers/ISIN.xls,Official ASX ISIN directory; Security type column; frozen 63/63 target coverage from v0.7. Security type is read from the frozen v0.7 reference-match file; no new request is made.
WS:XASX:CSL,CSL,Australia,AU_ASX200,XASX,CSL,CSL.AX,AUD,AUD,1.0,UNVERIFIED_EQUITY_SECURITY,NOT_VERIFIED,INSTRUMENT_TYPE_NOT_STRICTLY_VERIFIED,NOT_VERIFIED,READY,,508,508,,NOT_COLLECTED_BULK_RELIABLY_QA_ONLY,20,60,94212770.68634072,105447526.79815137,20,60,OK,2026-08-21,PASS,PREFERRED_GE_20M,PASS_OR_NOT_VERIFIED,NOT_VERIFIED,INSTRUMENT_NOT_VERIFIED,NOT_VERIFIED,UNKNOWN,TARGETED_REVIEW_REQUIRED,MIXED_SECURITY_STRUCTURES_REIT_STAPLED_POSSIBLE,https://www.spglobal.com/spdji/en/indices/equity/sp-asx-200/,"Official S&P page calls constituents index-eligible stocks, but official index announcements also identify REIT constituents. Group-level ordinary-share PASS is therefore not allowed.",NOT_VERIFIED,NOT_VERIFIED,UNKNOWN,TARGETED_REVIEW_REQUIRED,MIXED_SECURITY_STRUCTURES_REIT_STAPLED_POSSIBLE,https://www.spglobal.com/spdji/en/indices/equity/sp-asx-200/,"Official S&P page calls constituents index-eligible stocks, but official index announcements also identify REIT constituents. Group-level ordinary-share PASS is therefore not allowed.",NOT_VERIFIED,CSL,CSL,CSL LIMITED,ORDINARY FULLY PAID,AU000000CSL8,PASS,ORDINARY_SHARE_BY_ASX_SECURITY_TYPE,ASX_OFFICIAL_ISIN_DIRECTORY_SECURITY_TYPE,ASX_SECURITY_TYPE_ORDINARY_FULLY_PAID,https://www.asx.com.au/content/dam/asx/issuers/ISIN.xls,Official ASX ISIN directory; Security type column; frozen 63/63 target coverage from v0.7. Security type is read from the frozen v0.7 reference-match file; no new request is made.
WS:XASX:DRO,Droneshield,Australia,AU_ASX200,XASX,DRO,DRO.AX,AUD,AUD,1.0,UNVERIFIED_EQUITY_SECURITY,NOT_VERIFIED,INSTRUMENT_TYPE_NOT_STRICTLY_VERIFIED,NOT_VERIFIED,READY,,508,508,,NOT_COLLECTED_BULK_RELIABLY_QA_ONLY,20,60,17484700.539159287,13631311.302056432,20,60,OK,2026-08-21,PASS,STANDARD_15_TO_20M,PASS_OR_NOT_VERIFIED,NOT_VERIFIED,INSTRUMENT_NOT_VERIFIED,NOT_VERIFIED,UNKNOWN,TARGETED_REVIEW_REQUIRED,MIXED_SECURITY_STRUCTURES_REIT_STAPLED_POSSIBLE,https://www.spglobal.com/spdji/en/indices/equity/sp-asx-200/,"Official S&P page calls constituents index-eligible stocks, but official index announcements also identify REIT constituents. Group-level ordinary-share PASS is therefore not allowed.",NOT_VERIFIED,NOT_VERIFIED,UNKNOWN,TARGETED_REVIEW_REQUIRED,MIXED_SECURITY_STRUCTURES_REIT_STAPLED_POSSIBLE,https://www.spglobal.com/spdji/en/indices/equity/sp-asx-200/,"Official S&P page calls constituents index-eligible stocks, but official index announcements also identify REIT constituents. Group-level ordinary-share PASS is therefore not allowed.",NOT_VERIFIED,DRO,DRO,DRONESHIELD LIMITED,ORDINARY FULLY PAID,AU000000DRO2,PASS,ORDINARY_SHARE_BY_ASX_SECURITY_TYPE,ASX_OFFICIAL_ISIN_DIRECTORY_SECURITY_TYPE,ASX_SECURITY_TYPE_ORDINARY_FULLY_PAID,https://www.asx.com.au/content/dam/asx/issuers/ISIN.xls,Official ASX ISIN directory; Security type column; frozen 63/63 target coverage from v0.7. Security type is read from the frozen v0.7 reference-match file; no new request is made.
WS:XASX:EVN,Evolution Mining,Australia,AU_ASX200,XASX,EVN,EVN.AX,AUD,AUD,1.0,UNVERIFIED_EQUITY_SECURITY,NOT_VERIFIED,INSTRUMENT_TYPE_NOT_STRICTLY_VERIFIED,NOT_VERIFIED,READY,,508,508,,NOT_COLLECTED_BULK_RELIABLY_QA_ONLY,20,60,53435413.685928896,50718390.8432837,20,60,OK,2026-08-21,PASS,PREFERRED_GE_20M,PASS_OR_NOT_VERIFIED,NOT_VERIFIED,INSTRUMENT_NOT_VERIFIED,NOT_VERIFIED,UNKNOWN,TARGETED_REVIEW_REQUIRED,MIXED_SECURITY_STRUCTURES_REIT_STAPLED_POSSIBLE,https://www.spglobal.com/spdji/en/indices/equity/sp-asx-200/,"Official S&P page calls constituents index-eligible stocks, but official index announcements also identify REIT constituents. Group-level ordinary-share PASS is therefore not allowed.",NOT_VERIFIED,NOT_VERIFIED,UNKNOWN,TARGETED_REVIEW_REQUIRED,MIXED_SECURITY_STRUCTURES_REIT_STAPLED_POSSIBLE,https://www.spglobal.com/spdji/en/indices/equity/sp-asx-200/,"Official S&P page calls constituents index-eligible stocks, but official index announcements also identify REIT constituents. Group-level ordinary-share PASS is therefore not allowed.",NOT_VERIFIED,EVN,EVN,EVOLUTION MINING LIMITED,ORDINARY FULLY PAID,AU000000EVN4,PASS,ORDINARY_SHARE_BY_ASX_SECURITY_TYPE,ASX_OFFICIAL_ISIN_DIRECTORY_SECURITY_TYPE,ASX_SECURITY_TYPE_ORDINARY_FULLY_PAID,https://www.asx.com.au/content/dam/asx/issuers/ISIN.xls,Official ASX ISIN directory; Security type column; frozen 63/63 target coverage from v0.7. Security type is read from the frozen v0.7 reference-match file; no new request is made.
WS:XASX:FMG,Fortescue,Australia,AU_ASX200,XASX,FMG,FMG.AX,AUD,AUD,1.0,UNVERIFIED_EQUITY_SECURITY,NOT_VERIFIED,INSTRUMENT_TYPE_NOT_STRICTLY_VERIFIED,NOT_VERIFIED,READY,,508,508,,NOT_COLLECTED_BULK_RELIABLY_QA_ONLY,20,60,70199222.9589411,65199003.387497924,20,60,OK,2026-08-21,PASS,PREFERRED_GE_20M,PASS_OR_NOT_VERIFIED,NOT_VERIFIED,INSTRUMENT_NOT_VERIFIED,NOT_VERIFIED,UNKNOWN,TARGETED_REVIEW_REQUIRED,MIXED_SECURITY_STRUCTURES_REIT_STAPLED_POSSIBLE,https://www.spglobal.com/spdji/en/indices/equity/sp-asx-200/,"Official S&P page calls constituents index-eligible stocks, but official index announcements also identify REIT constituents. Group-level ordinary-share PASS is therefore not allowed.",NOT_VERIFIED,NOT_VERIFIED,UNKNOWN,TARGETED_REVIEW_REQUIRED,MIXED_SECURITY_STRUCTURES_REIT_STAPLED_POSSIBLE,https://www.spglobal.com/spdji/en/indices/equity/sp-asx-200/,"Official S&P page calls constituents index-eligible stocks, but official index announcements also identify REIT constituents. Group-level ordinary-share PASS is therefore not allowed.",NOT_VERIFIED,FMG,FMG,FORTESCUE LTD,ORDINARY FULLY PAID,AU000000FMG4,PASS,ORDINARY_SHARE_BY_ASX_SECURITY_TYPE,ASX_OFFICIAL_ISIN_DIRECTORY_SECURITY_TYPE,ASX_SECURITY_TYPE_ORDINARY_FULLY_PAID,https://www.asx.com.au/content/dam/asx/issuers/ISIN.xls,Official ASX ISIN directory; Security type column; frozen 63/63 target coverage from v0.7. Security type is read from the frozen v0.7 reference-match file; no new request is made.
WS:XASX:GMD,Genesis Minerals,Australia,AU_ASX200,XASX,GMD,GMD.AX,AUD,AUD,1.0,UNVERIFIED_EQUITY_SECURITY,NOT_VERIFIED,INSTRUMENT_TYPE_NOT_STRICTLY_VERIFIED,NOT_VERIFIED,READY,,508,508,,NOT_COLLECTED_BULK_RELIABLY_QA_ONLY,20,60,32522763.031733483,23552854.91853326,20,60,OK,2026-08-21,PASS,PREFERRED_GE_20M,PASS_OR_NOT_VERIFIED,NOT_VERIFIED,INSTRUMENT_NOT_VERIFIED,NOT_VERIFIED,UNKNOWN,TARGETED_REVIEW_REQUIRED,MIXED_SECURITY_STRUCTURES_REIT_STAPLED_POSSIBLE,https://www.spglobal.com/spdji/en/indices/equity/sp-asx-200/,"Official S&P page calls constituents index-eligible stocks, but official index announcements also identify REIT constituents. Group-level ordinary-share PASS is therefore not allowed.",NOT_VERIFIED,NOT_VERIFIED,UNKNOWN,TARGETED_REVIEW_REQUIRED,MIXED_SECURITY_STRUCTURES_REIT_STAPLED_POSSIBLE,https://www.spglobal.com/spdji/en/indices/equity/sp-asx-200/,"Official S&P page calls constituents index-eligible stocks, but official index announcements also identify REIT constituents. Group-level ordinary-share PASS is therefore not allowed.",NOT_VERIFIED,GMD,GMD,GENESIS MINERALS LIMITED,ORDINARY FULLY PAID,AU000000GMD9,PASS,ORDINARY_SHARE_BY_ASX_SECURITY_TYPE,ASX_OFFICIAL_ISIN_DIRECTORY_SECURITY_TYPE,ASX_SECURITY_TYPE_ORDINARY_FULLY_PAID,https://www.asx.com.au/content/dam/asx/issuers/ISIN.xls,Official ASX ISIN directory; Security type column; frozen 63/63 target coverage from v0.7. Security type is read from the frozen v0.7 reference-match file; no new request is made.
WS:XASX:IAG,Insurance Australia Group,Australia,AU_ASX200,XASX,IAG,IAG.AX,AUD,AUD,1.0,UNVERIFIED_EQUITY_SECURITY,NOT_VERIFIED,INSTRUMENT_TYPE_NOT_STRICTLY_VERIFIED,NOT_VERIFIED,READY,,508,508,,NOT_COLLECTED_BULK_RELIABLY_QA_ONLY,20,60,25044244.535200655,21801264.867371414,20,60,OK,2026-08-21,PASS,PREFERRED_GE_20M,PASS_OR_NOT_VERIFIED,NOT_VERIFIED,INSTRUMENT_NOT_VERIFIED,NOT_VERIFIED,UNKNOWN,TARGETED_REVIEW_REQUIRED,MIXED_SECURITY_STRUCTURES_REIT_STAPLED_POSSIBLE,https://www.spglobal.com/spdji/en/indices/equity/sp-asx-200/,"Official S&P page calls constituents index-eligible stocks, but official index announcements also identify REIT constituents. Group-level ordinary-share PASS is therefore not allowed.",NOT_VERIFIED,NOT_VERIFIED,UNKNOWN,TARGETED_REVIEW_REQUIRED,MIXED_SECURITY_STRUCTURES_REIT_STAPLED_POSSIBLE,https://www.spglobal.com/spdji/en/indices/equity/sp-asx-200/,"Official S&P page calls constituents index-eligible stocks, but official index announcements also identify REIT constituents. Group-level ordinary-share PASS is therefore not allowed.",NOT_VERIFIED,IAG,IAG,INSURANCE AUSTRALIA GROUP LIMITED,ORDINARY FULLY PAID,AU000000IAG3,PASS,ORDINARY_SHARE_BY_ASX_SECURITY_TYPE,ASX_OFFICIAL_ISIN_DIRECTORY_SECURITY_TYPE,ASX_SECURITY_TYPE_ORDINARY_FULLY_PAID,https://www.asx.com.au/content/dam/asx/issuers/ISIN.xls,Official ASX ISIN directory; Security type column; frozen 63/63 target coverage from v0.7. Security type is read from the frozen v0.7 reference-match file; no new request is made.
WS:XASX:JBH,JB Hi-Fi,Australia,AU_ASX200,XASX,JBH,JBH.AX,AUD,AUD,1.0,UNVERIFIED_EQUITY_SECURITY,NOT_VERIFIED,INSTRUMENT_TYPE_NOT_STRICTLY_VERIFIED,NOT_VERIFIED,READY,,508,508,,NOT_COLLECTED_BULK_RELIABLY_QA_ONLY,20,60,26800135.891133435,22544443.771601163,20,60,OK,2026-08-21,PASS,PREFERRED_GE_20M,PASS_OR_NOT_VERIFIED,NOT_VERIFIED,INSTRUMENT_NOT_VERIFIED,NOT_VERIFIED,UNKNOWN,TARGETED_REVIEW_REQUIRED,MIXED_SECURITY_STRUCTURES_REIT_STAPLED_POSSIBLE,https://www.spglobal.com/spdji/en/indices/equity/sp-asx-200/,"Official S&P page calls constituents index-eligible stocks, but official index announcements also identify REIT constituents. Group-level ordinary-share PASS is therefore not allowed.",NOT_VERIFIED,NOT_VERIFIED,UNKNOWN,TARGETED_REVIEW_REQUIRED,MIXED_SECURITY_STRUCTURES_REIT_STAPLED_POSSIBLE,https://www.spglobal.com/spdji/en/indices/equity/sp-asx-200/,"Official S&P page calls constituents index-eligible stocks, but official index announcements also identify REIT constituents. Group-level ordinary-share PASS is therefore not allowed.",NOT_VERIFIED,JBH,JBH,JB HI-FI LIMITED,ORDINARY FULLY PAID,AU000000JBH7,PASS,ORDINARY_SHARE_BY_ASX_SECURITY_TYPE,ASX_OFFICIAL_ISIN_DIRECTORY_SECURITY_TYPE,ASX_SECURITY_TYPE_ORDINARY_FULLY_PAID,https://www.asx.com.au/content/dam/asx/issuers/ISIN.xls,Official ASX ISIN directory; Security type column; frozen 63/63 target coverage from v0.7. Security type is read from the frozen v0.7 reference-match file; no new request is made.
WS:XASX:LTR,Liontown Resources,Australia,AU_ASX200,XASX,LTR,LTR.AX,AUD,AUD,1.0,UNVERIFIED_EQUITY_SECURITY,NOT_VERIFIED,INSTRUMENT_TYPE_NOT_STRICTLY_VERIFIED,NOT_VERIFIED,READY,,508,508,,NOT_COLLECTED_BULK_RELIABLY_QA_ONLY,20,60,28242016.632591784,28242016.632591784,20,60,OK,2026-08-21,PASS,PREFERRED_GE_20M,PASS_OR_NOT_VERIFIED,NOT_VERIFIED,INSTRUMENT_NOT_VERIFIED,NOT_VERIFIED,UNKNOWN,TARGETED_REVIEW_REQUIRED,MIXED_SECURITY_STRUCTURES_REIT_STAPLED_POSSIBLE,https://www.spglobal.com/spdji/en/indices/equity/sp-asx-200/,"Official S&P page calls constituents index-eligible stocks, but official index announcements also identify REIT constituents. Group-level ordinary-share PASS is therefore not allowed.",NOT_VERIFIED,NOT_VERIFIED,UNKNOWN,TARGETED_REVIEW_REQUIRED,MIXED_SECURITY_STRUCTURES_REIT_STAPLED_POSSIBLE,https://www.spglobal.com/spdji/en/indices/equity/sp-asx-200/,"Official S&P page calls constituents index-eligible stocks, but official index announcements also identify REIT constituents. Group-level ordinary-share PASS is therefore not allowed.",NOT_VERIFIED,LTR,LTR,LIONTOWN LIMITED,ORDINARY FULLY PAID,AU000000LTR4,PASS,ORDINARY_SHARE_BY_ASX_SECURITY_TYPE,ASX_OFFICIAL_ISIN_DIRECTORY_SECURITY_TYPE,ASX_SECURITY_TYPE_ORDINARY_FULLY_PAID,https://www.asx.com.au/content/dam/asx/issuers/ISIN.xls,Official ASX ISIN directory; Security type column; frozen 63/63 target coverage from v0.7. Security type is read from the frozen v0.7 reference-match file; no new request is made.
WS:XASX:LYC,Lynas Rare Earths,Australia,AU_ASX200,XASX,LYC,LYC.AX,AUD,AUD,1.0,UNVERIFIED_EQUITY_SECURITY,NOT_VERIFIED,INSTRUMENT_TYPE_NOT_STRICTLY_VERIFIED,NOT_VERIFIED,READY,,508,508,,NOT_COLLECTED_BULK_RELIABLY_QA_ONLY,20,60,33091817.86594924,36749838.397156484,20,60,OK,2026-08-21,PASS,PREFERRED_GE_20M,PASS_OR_NOT_VERIFIED,NOT_VERIFIED,INSTRUMENT_NOT_VERIFIED,NOT_VERIFIED,UNKNOWN,TARGETED_REVIEW_REQUIRED,MIXED_SECURITY_STRUCTURES_REIT_STAPLED_POSSIBLE,https://www.spglobal.com/spdji/en/indices/equity/sp-asx-200/,"Official S&P page calls constituents index-eligible stocks, but official index announcements also identify REIT constituents. Group-level ordinary-share PASS is therefore not allowed.",NOT_VERIFIED,NOT_VERIFIED,UNKNOWN,TARGETED_REVIEW_REQUIRED,MIXED_SECURITY_STRUCTURES_REIT_STAPLED_POSSIBLE,https://www.spglobal.com/spdji/en/indices/equity/sp-asx-200/,"Official S&P page calls constituents index-eligible stocks, but official index announcements also identify REIT constituents. Group-level ordinary-share PASS is therefore not allowed.",NOT_VERIFIED,LYC,LYC,LYNAS RARE EARTHS LIMITED,ORDINARY FULLY PAID,AU000000LYC6,PASS,ORDINARY_SHARE_BY_ASX_SECURITY_TYPE,ASX_OFFICIAL_ISIN_DIRECTORY_SECURITY_TYPE,ASX_SECURITY_TYPE_ORDINARY_FULLY_PAID,https://www.asx.com.au/content/dam/asx/issuers/ISIN.xls,Official ASX ISIN directory; Security type column; frozen 63/63 target coverage from v0.7. Security type is read from the frozen v0.7 reference-match file; no new request is made.
WS:XASX:MIN,Mineral Resources,Australia,AU_ASX200,XASX,MIN,MIN.AX,AUD,AUD,1.0,UNVERIFIED_EQUITY_SECURITY,NOT_VERIFIED,INSTRUMENT_TYPE_NOT_STRICTLY_VERIFIED,NOT_VERIFIED,READY,,508,508,,NOT_COLLECTED_BULK_RELIABLY_QA_ONLY,20,60,37534508.89185698,36846676.08146451,20,60,OK,2026-08-21,PASS,PREFERRED_GE_20M,PASS_OR_NOT_VERIFIED,NOT_VERIFIED,INSTRUMENT_NOT_VERIFIED,NOT_VERIFIED,UNKNOWN,TARGETED_REVIEW_REQUIRED,MIXED_SECURITY_STRUCTURES_REIT_STAPLED_POSSIBLE,https://www.spglobal.com/spdji/en/indices/equity/sp-asx-200/,"Official S&P page calls constituents index-eligible stocks, but official index announcements also identify REIT constituents. Group-level ordinary-share PASS is therefore not allowed.",NOT_VERIFIED,NOT_VERIFIED,UNKNOWN,TARGETED_REVIEW_REQUIRED,MIXED_SECURITY_STRUCTURES_REIT_STAPLED_POSSIBLE,https://www.spglobal.com/spdji/en/indices/equity/sp-asx-200/,"Official S&P page calls constituents index-eligible stocks, but official index announcements also identify REIT constituents. Group-level ordinary-share PASS is therefore not allowed.",NOT_VERIFIED,MIN,MIN,MINERAL RESOURCES LIMITED,ORDINARY FULLY PAID,AU000000MIN4,PASS,ORDINARY_SHARE_BY_ASX_SECURITY_TYPE,ASX_OFFICIAL_ISIN_DIRECTORY_SECURITY_TYPE,ASX_SECURITY_TYPE_ORDINARY_FULLY_PAID,https://www.asx.com.au/content/dam/asx/issuers/ISIN.xls,Official ASX ISIN directory; Security type column; frozen 63/63 target coverage from v0.7. Security type is read from the frozen v0.7 reference-match file; no new request is made.
WS:XASX:MPL,Medibank,Australia,AU_ASX200,XASX,MPL,MPL.AX,AUD,AUD,1.0,UNVERIFIED_EQUITY_SECURITY,NOT_VERIFIED,INSTRUMENT_TYPE_NOT_STRICTLY_VERIFIED,NOT_VERIFIED,READY,,508,508,,NOT_COLLECTED_BULK_RELIABLY_QA_ONLY,20,60,17852125.416736357,17410746.56242163,20,60,OK,2026-08-21,PASS,STANDARD_15_TO_20M,PASS_OR_NOT_VERIFIED,NOT_VERIFIED,INSTRUMENT_NOT_VERIFIED,NOT_VERIFIED,UNKNOWN,TARGETED_REVIEW_REQUIRED,MIXED_SECURITY_STRUCTURES_REIT_STAPLED_POSSIBLE,https://www.spglobal.com/spdji/en/indices/equity/sp-asx-200/,"Official S&P page calls constituents index-eligible stocks, but official index announcements also identify REIT constituents. Group-level ordinary-share PASS is therefore not allowed.",NOT_VERIFIED,NOT_VERIFIED,UNKNOWN,TARGETED_REVIEW_REQUIRED,MIXED_SECURITY_STRUCTURES_REIT_STAPLED_POSSIBLE,https://www.spglobal.com/spdji/en/indices/equity/sp-asx-200/,"Official S&P page calls constituents index-eligible stocks, but official index announcements also identify REIT constituents. Group-level ordinary-share PASS is therefore not allowed.",NOT_VERIFIED,MPL,MPL,MEDIBANK PRIVATE LIMITED,ORDINARY FULLY PAID,AU000000MPL3,PASS,ORDINARY_SHARE_BY_ASX_SECURITY_TYPE,ASX_OFFICIAL_ISIN_DIRECTORY_SECURITY_TYPE,ASX_SECURITY_TYPE_ORDINARY_FULLY_PAID,https://www.asx.com.au/content/dam/asx/issuers/ISIN.xls,Official ASX ISIN directory; Security type column; frozen 63/63 target coverage from v0.7. Security type is read from the frozen v0.7 reference-match file; no new request is made.
WS:XASX:MQG,Macquarie Group,Australia,AU_ASX200,XASX,MQG,MQG.AX,AUD,AUD,1.0,UNVERIFIED_EQUITY_SECURITY,NOT_VERIFIED,INSTRUMENT_TYPE_NOT_STRICTLY_VERIFIED,NOT_VERIFIED,READY,,508,508,,NOT_COLLECTED_BULK_RELIABLY_QA_ONLY,20,60,91395155.91626558,92786020.63550892,20,60,OK,2026-08-21,PASS,PREFERRED_GE_20M,PASS_OR_NOT_VERIFIED,NOT_VERIFIED,INSTRUMENT_NOT_VERIFIED,NOT_VERIFIED,UNKNOWN,TARGETED_REVIEW_REQUIRED,MIXED_SECURITY_STRUCTURES_REIT_STAPLED_POSSIBLE,https://www.spglobal.com/spdji/en/indices/equity/sp-asx-200/,"Official S&P page calls constituents index-eligible stocks, but official index announcements also identify REIT constituents. Group-level ordinary-share PASS is therefore not allowed.",NOT_VERIFIED,NOT_VERIFIED,UNKNOWN,TARGETED_REVIEW_REQUIRED,MIXED_SECURITY_STRUCTURES_REIT_STAPLED_POSSIBLE,https://www.spglobal.com/spdji/en/indices/equity/sp-asx-200/,"Official S&P page calls constituents index-eligible stocks, but official index announcements also identify REIT constituents. Group-level ordinary-share PASS is therefore not allowed.",NOT_VERIFIED,MQG,MQG,MACQUARIE GROUP LIMITED,ORDINARY FULLY PAID,AU000000MQG1,PASS,ORDINARY_SHARE_BY_ASX_SECURITY_TYPE,ASX_OFFICIAL_ISIN_DIRECTORY_SECURITY_TYPE,ASX_SECURITY_TYPE_ORDINARY_FULLY_PAID,https://www.asx.com.au/content/dam/asx/issuers/ISIN.xls,Official ASX ISIN directory; Security type column; frozen 63/63 target coverage from v0.7. Security type is read from the frozen v0.7 reference-match file; no new request is made.
WS:XASX:NAB,National Australia Bank,Australia,AU_ASX200,XASX,NAB,NAB.AX,AUD,AUD,1.0,UNVERIFIED_EQUITY_SECURITY,NOT_VERIFIED,INSTRUMENT_TYPE_NOT_STRICTLY_VERIFIED,NOT_VERIFIED,READY,,508,508,,NOT_COLLECTED_BULK_RELIABLY_QA_ONLY,20,60,115620882.24668097,115327258.85416833,20,60,OK,2026-08-21,PASS,PREFERRED_GE_20M,PASS_OR_NOT_VERIFIED,NOT_VERIFIED,INSTRUMENT_NOT_VERIFIED,NOT_VERIFIED,UNKNOWN,TARGETED_REVIEW_REQUIRED,MIXED_SECURITY_STRUCTURES_REIT_STAPLED_POSSIBLE,https://www.spglobal.com/spdji/en/indices/equity/sp-asx-200/,"Official S&P page calls constituents index-eligible stocks, but official index announcements also identify REIT constituents. Group-level ordinary-share PASS is therefore not allowed.",NOT_VERIFIED,NOT_VERIFIED,UNKNOWN,TARGETED_REVIEW_REQUIRED,MIXED_SECURITY_STRUCTURES_REIT_STAPLED_POSSIBLE,https://www.spglobal.com/spdji/en/indices/equity/sp-asx-200/,"Official S&P page calls constituents index-eligible stocks, but official index announcements also identify REIT constituents. Group-level ordinary-share PASS is therefore not allowed.",NOT_VERIFIED,NAB,NAB,NATIONAL AUSTRALIA BANK LIMITED,ORDINARY FULLY PAID,AU000000NAB4,PASS,ORDINARY_SHARE_BY_ASX_SECURITY_TYPE,ASX_OFFICIAL_ISIN_DIRECTORY_SECURITY_TYPE,ASX_SECURITY_TYPE_ORDINARY_FULLY_PAID,https://www.asx.com.au/content/dam/asx/issuers/ISIN.xls,Official ASX ISIN directory; Security type column; frozen 63/63 target coverage from v0.7. Security type is read from the frozen v0.7 reference-match file; no new request is made.
WS:XASX:NST,Northern Star Resources,Australia,AU_ASX200,XASX,NST,NST.AX,AUD,AUD,1.0,UNVERIFIED_EQUITY_SECURITY,NOT_VERIFIED,INSTRUMENT_TYPE_NOT_STRICTLY_VERIFIED,NOT_VERIFIED,READY,,508,508,,NOT_COLLECTED_BULK_RELIABLY_QA_ONLY,20,60,76863542.51604319,68464587.63665114,20,60,OK,2026-08-21,PASS,PREFERRED_GE_20M,PASS_OR_NOT_VERIFIED,NOT_VERIFIED,INSTRUMENT_NOT_VERIFIED,NOT_VERIFIED,UNKNOWN,TARGETED_REVIEW_REQUIRED,MIXED_SECURITY_STRUCTURES_REIT_STAPLED_POSSIBLE,https://www.spglobal.com/spdji/en/indices/equity/sp-asx-200/,"Official S&P page calls constituents index-eligible stocks, but official index announcements also identify REIT constituents. Group-level ordinary-share PASS is therefore not allowed.",NOT_VERIFIED,NOT_VERIFIED,UNKNOWN,TARGETED_REVIEW_REQUIRED,MIXED_SECURITY_STRUCTURES_REIT_STAPLED_POSSIBLE,https://www.spglobal.com/spdji/en/indices/equity/sp-asx-200/,"Official S&P page calls constituents index-eligible stocks, but official index announcements also identify REIT constituents. Group-level ordinary-share PASS is therefore not allowed.",NOT_VERIFIED,NST,NST,NORTHERN STAR RESOURCES LTD,ORDINARY FULLY PAID,AU000000NST8,PASS,ORDINARY_SHARE_BY_ASX_SECURITY_TYPE,ASX_OFFICIAL_ISIN_DIRECTORY_SECURITY_TYPE,ASX_SECURITY_TYPE_ORDINARY_FULLY_PAID,https://www.asx.com.au/content/dam/asx/issuers/ISIN.xls,Official ASX ISIN directory; Security type column; frozen 63/63 target coverage from v0.7. Security type is read from the frozen v0.7 reference-match file; no new request is made.
WS:XASX:ORG,Origin Energy,Australia,AU_ASX200,XASX,ORG,ORG.AX,AUD,AUD,1.0,UNVERIFIED_EQUITY_SECURITY,NOT_VERIFIED,INSTRUMENT_TYPE_NOT_STRICTLY_VERIFIED,NOT_VERIFIED,READY,,508,508,,NOT_COLLECTED_BULK_RELIABLY_QA_ONLY,20,60,26507764.096867785,26164305.19283148,20,60,OK,2026-08-21,PASS,PREFERRED_GE_20M,PASS_OR_NOT_VERIFIED,NOT_VERIFIED,INSTRUMENT_NOT_VERIFIED,NOT_VERIFIED,UNKNOWN,TARGETED_REVIEW_REQUIRED,MIXED_SECURITY_STRUCTURES_REIT_STAPLED_POSSIBLE,https://www.spglobal.com/spdji/en/indices/equity/sp-asx-200/,"Official S&P page calls constituents index-eligible stocks, but official index announcements also identify REIT constituents. Group-level ordinary-share PASS is therefore not allowed.",NOT_VERIFIED,NOT_VERIFIED,UNKNOWN,TARGETED_REVIEW_REQUIRED,MIXED_SECURITY_STRUCTURES_REIT_STAPLED_POSSIBLE,https://www.spglobal.com/spdji/en/indices/equity/sp-asx-200/,"Official S&P page calls constituents index-eligible stocks, but official index announcements also identify REIT constituents. Group-level ordinary-share PASS is therefore not allowed.",NOT_VERIFIED,ORG,ORG,ORIGIN ENERGY LIMITED,ORDINARY FULLY PAID,AU000000ORG5,PASS,ORDINARY_SHARE_BY_ASX_SECURITY_TYPE,ASX_OFFICIAL_ISIN_DIRECTORY_SECURITY_TYPE,ASX_SECURITY_TYPE_ORDINARY_FULLY_PAID,https://www.asx.com.au/content/dam/asx/issuers/ISIN.xls,Official ASX ISIN directory; Security type column; frozen 63/63 target coverage from v0.7. Security type is read from the frozen v0.7 reference-match file; no new request is made.
WS:XASX:PLS,PLS Group,Australia,AU_ASX200,XASX,PLS,PLS.AX,AUD,AUD,1.0,UNVERIFIED_EQUITY_SECURITY,NOT_VERIFIED,INSTRUMENT_TYPE_NOT_STRICTLY_VERIFIED,NOT_VERIFIED,READY,,508,508,,NOT_COLLECTED_BULK_RELIABLY_QA_ONLY,20,60,60855973.11059299,66546880.28882111,20,60,OK,2026-08-21,PASS,PREFERRED_GE_20M,PASS_OR_NOT_VERIFIED,NOT_VERIFIED,INSTRUMENT_NOT_VERIFIED,NOT_VERIFIED,UNKNOWN,TARGETED_REVIEW_REQUIRED,MIXED_SECURITY_STRUCTURES_REIT_STAPLED_POSSIBLE,https://www.spglobal.com/spdji/en/indices/equity/sp-asx-200/,"Official S&P page calls constituents index-eligible stocks, but official index announcements also identify REIT constituents. Group-level ordinary-share PASS is therefore not allowed.",NOT_VERIFIED,NOT_VERIFIED,UNKNOWN,TARGETED_REVIEW_REQUIRED,MIXED_SECURITY_STRUCTURES_REIT_STAPLED_POSSIBLE,https://www.spglobal.com/spdji/en/indices/equity/sp-asx-200/,"Official S&P page calls constituents index-eligible stocks, but official index announcements also identify REIT constituents. Group-level ordinary-share PASS is therefore not allowed.",NOT_VERIFIED,PLS,PLS,PLS GROUP LIMITED,ORDINARY FULLY PAID,AU000000PLS0,PASS,ORDINARY_SHARE_BY_ASX_SECURITY_TYPE,ASX_OFFICIAL_ISIN_DIRECTORY_SECURITY_TYPE,ASX_SECURITY_TYPE_ORDINARY_FULLY_PAID,https://www.asx.com.au/content/dam/asx/issuers/ISIN.xls,Official ASX ISIN directory; Security type column; frozen 63/63 target coverage from v0.7. Security type is read from the frozen v0.7 reference-match file; no new request is made.
WS:XASX:PME,Pro Medicus,Australia,AU_ASX200,XASX,PME,PME.AX,AUD,AUD,1.0,UNVERIFIED_EQUITY_SECURITY,NOT_VERIFIED,INSTRUMENT_TYPE_NOT_STRICTLY_VERIFIED,NOT_VERIFIED,READY,ISOLATED_INVALID_BAR_EXCLUDED,508,507,,NOT_COLLECTED_BULK_RELIABLY_QA_ONLY,20,60,23891739.62070328,32596373.112927943,20,60,OK,2026-08-21,PASS,PREFERRED_GE_20M,PASS_OR_NOT_VERIFIED,NOT_VERIFIED,INSTRUMENT_NOT_VERIFIED,NOT_VERIFIED,UNKNOWN,TARGETED_REVIEW_REQUIRED,MIXED_SECURITY_STRUCTURES_REIT_STAPLED_POSSIBLE,https://www.spglobal.com/spdji/en/indices/equity/sp-asx-200/,"Official S&P page calls constituents index-eligible stocks, but official index announcements also identify REIT constituents. Group-level ordinary-share PASS is therefore not allowed.",NOT_VERIFIED,NOT_VERIFIED,UNKNOWN,TARGETED_REVIEW_REQUIRED,MIXED_SECURITY_STRUCTURES_REIT_STAPLED_POSSIBLE,https://www.spglobal.com/spdji/en/indices/equity/sp-asx-200/,"Official S&P page calls constituents index-eligible stocks, but official index announcements also identify REIT constituents. Group-level ordinary-share PASS is therefore not allowed.",NOT_VERIFIED,PME,PME,PRO MEDICUS LIMITED,ORDINARY FULLY PAID,AU000000PME8,PASS,ORDINARY_SHARE_BY_ASX_SECURITY_TYPE,ASX_OFFICIAL_ISIN_DIRECTORY_SECURITY_TYPE,ASX_SECURITY_TYPE_ORDINARY_FULLY_PAID,https://www.asx.com.au/content/dam/asx/issuers/ISIN.xls,Official ASX ISIN directory; Security type column; frozen 63/63 target coverage from v0.7. Security type is read from the frozen v0.7 reference-match file; no new request is made.
WS:XASX:QAN,Qantas,Australia,AU_ASX200,XASX,QAN,QAN.AX,AUD,AUD,1.0,UNVERIFIED_EQUITY_SECURITY,NOT_VERIFIED,INSTRUMENT_TYPE_NOT_STRICTLY_VERIFIED,NOT_VERIFIED,READY,ISOLATED_INVALID_BAR_EXCLUDED,508,507,,NOT_COLLECTED_BULK_RELIABLY_QA_ONLY,20,60,31691253.147919007,32122960.128976915,20,60,OK,2026-08-21,PASS,PREFERRED_GE_20M,PASS_OR_NOT_VERIFIED,NOT_VERIFIED,INSTRUMENT_NOT_VERIFIED,NOT_VERIFIED,UNKNOWN,TARGETED_REVIEW_REQUIRED,MIXED_SECURITY_STRUCTURES_REIT_STAPLED_POSSIBLE,https://www.spglobal.com/spdji/en/indices/equity/sp-asx-200/,"Official S&P page calls constituents index-eligible stocks, but official index announcements also identify REIT constituents. Group-level ordinary-share PASS is therefore not allowed.",NOT_VERIFIED,NOT_VERIFIED,UNKNOWN,TARGETED_REVIEW_REQUIRED,MIXED_SECURITY_STRUCTURES_REIT_STAPLED_POSSIBLE,https://www.spglobal.com/spdji/en/indices/equity/sp-asx-200/,"Official S&P page calls constituents index-eligible stocks, but official index announcements also identify REIT constituents. Group-level ordinary-share PASS is therefore not allowed.",NOT_VERIFIED,QAN,QAN,QANTAS AIRWAYS LIMITED,ORDINARY FULLY PAID,AU000000QAN2,PASS,ORDINARY_SHARE_BY_ASX_SECURITY_TYPE,ASX_OFFICIAL_ISIN_DIRECTORY_SECURITY_TYPE,ASX_SECURITY_TYPE_ORDINARY_FULLY_PAID,https://www.asx.com.au/content/dam/asx/issuers/ISIN.xls,Official ASX ISIN directory; Security type column; frozen 63/63 target coverage from v0.7. Security type is read from the frozen v0.7 reference-match file; no new request is made.
WS:XASX:QBE,QBE Insurance,Australia,AU_ASX200,XASX,QBE,QBE.AX,AUD,AUD,1.0,UNVERIFIED_EQUITY_SECURITY,NOT_VERIFIED,INSTRUMENT_TYPE_NOT_STRICTLY_VERIFIED,NOT_VERIFIED,READY,,508,508,,NOT_COLLECTED_BULK_RELIABLY_QA_ONLY,20,60,45834096.620659396,48269320.37814962,20,60,OK,2026-08-21,PASS,PREFERRED_GE_20M,PASS_OR_NOT_VERIFIED,NOT_VERIFIED,INSTRUMENT_NOT_VERIFIED,NOT_VERIFIED,UNKNOWN,TARGETED_REVIEW_REQUIRED,MIXED_SECURITY_STRUCTURES_REIT_STAPLED_POSSIBLE,https://www.spglobal.com/spdji/en/indices/equity/sp-asx-200/,"Official S&P page calls constituents index-eligible stocks, but official index announcements also identify REIT constituents. Group-level ordinary-share PASS is therefore not allowed.",NOT_VERIFIED,NOT_VERIFIED,UNKNOWN,TARGETED_REVIEW_REQUIRED,MIXED_SECURITY_STRUCTURES_REIT_STAPLED_POSSIBLE,https://www.spglobal.com/spdji/en/indices/equity/sp-asx-200/,"Official S&P page calls constituents index-eligible stocks, but official index announcements also identify REIT constituents. Group-level ordinary-share PASS is therefore not allowed.",NOT_VERIFIED,QBE,QBE,QBE INSURANCE GROUP LIMITED,ORDINARY FULLY PAID,AU000000QBE9,PASS,ORDINARY_SHARE_BY_ASX_SECURITY_TYPE,ASX_OFFICIAL_ISIN_DIRECTORY_SECURITY_TYPE,ASX_SECURITY_TYPE_ORDINARY_FULLY_PAID,https://www.asx.com.au/content/dam/asx/issuers/ISIN.xls,Official ASX ISIN directory; Security type column; frozen 63/63 target coverage from v0.7. Security type is read from the frozen v0.7 reference-match file; no new request is made.
WS:XASX:REA,REA Group,Australia,AU_ASX200,XASX,REA,REA.AX,AUD,AUD,1.0,UNVERIFIED_EQUITY_SECURITY,NOT_VERIFIED,INSTRUMENT_TYPE_NOT_STRICTLY_VERIFIED,NOT_VERIFIED,READY,,508,508,,NOT_COLLECTED_BULK_RELIABLY_QA_ONLY,20,60,26755393.738071397,27779108.217945613,20,60,OK,2026-08-21,PASS,PREFERRED_GE_20M,PASS_OR_NOT_VERIFIED,NOT_VERIFIED,INSTRUMENT_NOT_VERIFIED,NOT_VERIFIED,UNKNOWN,TARGETED_REVIEW_REQUIRED,MIXED_SECURITY_STRUCTURES_REIT_STAPLED_POSSIBLE,https://www.spglobal.com/spdji/en/indices/equity/sp-asx-200/,"Official S&P page calls constituents index-eligible stocks, but official index announcements also identify REIT constituents. Group-level ordinary-share PASS is therefore not allowed.",NOT_VERIFIED,NOT_VERIFIED,UNKNOWN,TARGETED_REVIEW_REQUIRED,MIXED_SECURITY_STRUCTURES_REIT_STAPLED_POSSIBLE,https://www.spglobal.com/spdji/en/indices/equity/sp-asx-200/,"Official S&P page calls constituents index-eligible stocks, but official index announcements also identify REIT constituents. Group-level ordinary-share PASS is therefore not allowed.",NOT_VERIFIED,REA,REA,REA GROUP LTD,ORDINARY FULLY PAID,AU000000REA9,PASS,ORDINARY_SHARE_BY_ASX_SECURITY_TYPE,ASX_OFFICIAL_ISIN_DIRECTORY_SECURITY_TYPE,ASX_SECURITY_TYPE_ORDINARY_FULLY_PAID,https://www.asx.com.au/content/dam/asx/issuers/ISIN.xls,Official ASX ISIN directory; Security type column; frozen 63/63 target coverage from v0.7. Security type is read from the frozen v0.7 reference-match file; no new request is made.
WS:XASX:RHC,Ramsay Health Care,Australia,AU_ASX200,XASX,RHC,RHC.AX,AUD,AUD,1.0,UNVERIFIED_EQUITY_SECURITY,NOT_VERIFIED,INSTRUMENT_TYPE_NOT_STRICTLY_VERIFIED,NOT_VERIFIED,READY,,508,508,,NOT_COLLECTED_BULK_RELIABLY_QA_ONLY,20,60,15147769.833723638,15578274.009034995,20,60,OK,2026-08-21,PASS,STANDARD_15_TO_20M,PASS_OR_NOT_VERIFIED,NOT_VERIFIED,INSTRUMENT_NOT_VERIFIED,NOT_VERIFIED,UNKNOWN,TARGETED_REVIEW_REQUIRED,MIXED_SECURITY_STRUCTURES_REIT_STAPLED_POSSIBLE,https://www.spglobal.com/spdji/en/indices/equity/sp-asx-200/,"Official S&P page calls constituents index-eligible stocks, but official index announcements also identify REIT constituents. Group-level ordinary-share PASS is therefore not allowed.",NOT_VERIFIED,NOT_VERIFIED,UNKNOWN,TARGETED_REVIEW_REQUIRED,MIXED_SECURITY_STRUCTURES_REIT_STAPLED_POSSIBLE,https://www.spglobal.com/spdji/en/indices/equity/sp-asx-200/,"Official S&P page calls constituents index-eligible stocks, but official index announcements also identify REIT constituents. Group-level ordinary-share PASS is therefore not allowed.",NOT_VERIFIED,RHC,RHC,RAMSAY HEALTH CARE LIMITED,ORDINARY FULLY PAID,AU000000RHC8,PASS,ORDINARY_SHARE_BY_ASX_SECURITY_TYPE,ASX_OFFICIAL_ISIN_DIRECTORY_SECURITY_TYPE,ASX_SECURITY_TYPE_ORDINARY_FULLY_PAID,https://www.asx.com.au/content/dam/asx/issuers/ISIN.xls,Official ASX ISIN directory; Security type column; frozen 63/63 target coverage from v0.7. Security type is read from the frozen v0.7 reference-match file; no new request is made.
WS:XASX:RIO,Rio Tinto,Australia,AU_ASX200,XASX,RIO,RIO.AX,AUD,AUD,1.0,UNVERIFIED_EQUITY_SECURITY,NOT_VERIFIED,INSTRUMENT_TYPE_NOT_STRICTLY_VERIFIED,NOT_VERIFIED,READY,,508,508,,NOT_COLLECTED_BULK_RELIABLY_QA_ONLY,20,60,121085686.1720739,121085686.1720739,20,60,OK,2026-08-21,PASS,PREFERRED_GE_20M,PASS_OR_NOT_VERIFIED,NOT_VERIFIED,INSTRUMENT_NOT_VERIFIED,NOT_VERIFIED,UNKNOWN,TARGETED_REVIEW_REQUIRED,MIXED_SECURITY_STRUCTURES_REIT_STAPLED_POSSIBLE,https://www.spglobal.com/spdji/en/indices/equity/sp-asx-200/,"Official S&P page calls constituents index-eligible stocks, but official index announcements also identify REIT constituents. Group-level ordinary-share PASS is therefore not allowed.",NOT_VERIFIED,NOT_VERIFIED,UNKNOWN,TARGETED_REVIEW_REQUIRED,MIXED_SECURITY_STRUCTURES_REIT_STAPLED_POSSIBLE,https://www.spglobal.com/spdji/en/indices/equity/sp-asx-200/,"Official S&P page calls constituents index-eligible stocks, but official index announcements also identify REIT constituents. Group-level ordinary-share PASS is therefore not allowed.",NOT_VERIFIED,RIO,RIO,RIO TINTO LIMITED,ORDINARY FULLY PAID,AU000000RIO1,PASS,ORDINARY_SHARE_BY_ASX_SECURITY_TYPE,ASX_OFFICIAL_ISIN_DIRECTORY_SECURITY_TYPE,ASX_SECURITY_TYPE_ORDINARY_FULLY_PAID,https://www.asx.com.au/content/dam/asx/issuers/ISIN.xls,Official ASX ISIN directory; Security type column; frozen 63/63 target coverage from v0.7. Security type is read from the frozen v0.7 reference-match file; no new request is made.
WS:XASX:S32,South32,Australia,AU_ASX200,XASX,S32,S32.AX,AUD,AUD,1.0,UNVERIFIED_EQUITY_SECURITY,NOT_VERIFIED,INSTRUMENT_TYPE_NOT_STRICTLY_VERIFIED,NOT_VERIFIED,READY,,508,508,,NOT_COLLECTED_BULK_RELIABLY_QA_ONLY,20,60,46284295.641322345,44571791.02478926,20,60,OK,2026-08-21,PASS,PREFERRED_GE_20M,PASS_OR_NOT_VERIFIED,NOT_VERIFIED,INSTRUMENT_NOT_VERIFIED,NOT_VERIFIED,UNKNOWN,TARGETED_REVIEW_REQUIRED,MIXED_SECURITY_STRUCTURES_REIT_STAPLED_POSSIBLE,https://www.spglobal.com/spdji/en/indices/equity/sp-asx-200/,"Official S&P page calls constituents index-eligible stocks, but official index announcements also identify REIT constituents. Group-level ordinary-share PASS is therefore not allowed.",NOT_VERIFIED,NOT_VERIFIED,UNKNOWN,TARGETED_REVIEW_REQUIRED,MIXED_SECURITY_STRUCTURES_REIT_STAPLED_POSSIBLE,https://www.spglobal.com/spdji/en/indices/equity/sp-asx-200/,"Official S&P page calls constituents index-eligible stocks, but official index announcements also identify REIT constituents. Group-level ordinary-share PASS is therefore not allowed.",NOT_VERIFIED,S32,S32,SOUTH32 LIMITED,ORDINARY FULLY PAID,AU000000S320,PASS,ORDINARY_SHARE_BY_ASX_SECURITY_TYPE,ASX_OFFICIAL_ISIN_DIRECTORY_SECURITY_TYPE,ASX_SECURITY_TYPE_ORDINARY_FULLY_PAID,https://www.asx.com.au/content/dam/asx/issuers/ISIN.xls,Official ASX ISIN directory; Security type column; frozen 63/63 target coverage from v0.7. Security type is read from the frozen v0.7 reference-match file; no new request is made.
WS:XASX:SFR,Sandfire Resources,Australia,AU_ASX200,XASX,SFR,SFR.AX,AUD,AUD,1.0,UNVERIFIED_EQUITY_SECURITY,NOT_VERIFIED,INSTRUMENT_TYPE_NOT_STRICTLY_VERIFIED,NOT_VERIFIED,READY,,508,508,,NOT_COLLECTED_BULK_RELIABLY_QA_ONLY,20,60,16001480.227143167,17148596.62742018,20,60,OK,2026-08-21,PASS,STANDARD_15_TO_20M,PASS_OR_NOT_VERIFIED,NOT_VERIFIED,INSTRUMENT_NOT_VERIFIED,NOT_VERIFIED,UNKNOWN,TARGETED_REVIEW_REQUIRED,MIXED_SECURITY_STRUCTURES_REIT_STAPLED_POSSIBLE,https://www.spglobal.com/spdji/en/indices/equity/sp-asx-200/,"Official S&P page calls constituents index-eligible stocks, but official index announcements also identify REIT constituents. Group-level ordinary-share PASS is therefore not allowed.",NOT_VERIFIED,NOT_VERIFIED,UNKNOWN,TARGETED_REVIEW_REQUIRED,MIXED_SECURITY_STRUCTURES_REIT_STAPLED_POSSIBLE,https://www.spglobal.com/spdji/en/indices/equity/sp-asx-200/,"Official S&P page calls constituents index-eligible stocks, but official index announcements also identify REIT constituents. Group-level ordinary-share PASS is therefore not allowed.",NOT_VERIFIED,SFR,SFR,SANDFIRE RESOURCES LIMITED,ORDINARY FULLY PAID,AU000000SFR8,PASS,ORDINARY_SHARE_BY_ASX_SECURITY_TYPE,ASX_OFFICIAL_ISIN_DIRECTORY_SECURITY_TYPE,ASX_SECURITY_TYPE_ORDINARY_FULLY_PAID,https://www.asx.com.au/content/dam/asx/issuers/ISIN.xls,Official ASX ISIN directory; Security type column; frozen 63/63 target coverage from v0.7. Security type is read from the frozen v0.7 reference-match file; no new request is made.
WS:XASX:SHL,Sonic Healthcare,Australia,AU_ASX200,XASX,SHL,SHL.AX,AUD,AUD,1.0,UNVERIFIED_EQUITY_SECURITY,NOT_VERIFIED,INSTRUMENT_TYPE_NOT_STRICTLY_VERIFIED,NOT_VERIFIED,READY,,508,508,,NOT_COLLECTED_BULK_RELIABLY_QA_ONLY,20,60,26895539.507857516,21517990.881433465,20,60,OK,2026-08-21,PASS,PREFERRED_GE_20M,PASS_OR_NOT_VERIFIED,NOT_VERIFIED,INSTRUMENT_NOT_VERIFIED,NOT_VERIFIED,UNKNOWN,TARGETED_REVIEW_REQUIRED,MIXED_SECURITY_STRUCTURES_REIT_STAPLED_POSSIBLE,https://www.spglobal.com/spdji/en/indices/equity/sp-asx-200/,"Official S&P page calls constituents index-eligible stocks, but official index announcements also identify REIT constituents. Group-level ordinary-share PASS is therefore not allowed.",NOT_VERIFIED,NOT_VERIFIED,UNKNOWN,TARGETED_REVIEW_REQUIRED,MIXED_SECURITY_STRUCTURES_REIT_STAPLED_POSSIBLE,https://www.spglobal.com/spdji/en/indices/equity/sp-asx-200/,"Official S&P page calls constituents index-eligible stocks, but official index announcements also identify REIT constituents. Group-level ordinary-share PASS is therefore not allowed.",NOT_VERIFIED,SHL,SHL,SONIC HEALTHCARE LIMITED,ORDINARY FULLY PAID,AU000000SHL7,PASS,ORDINARY_SHARE_BY_ASX_SECURITY_TYPE,ASX_OFFICIAL_ISIN_DIRECTORY_SECURITY_TYPE,ASX_SECURITY_TYPE_ORDINARY_FULLY_PAID,https://www.asx.com.au/content/dam/asx/issuers/ISIN.xls,Official ASX ISIN directory; Security type column; frozen 63/63 target coverage from v0.7. Security type is read from the frozen v0.7 reference-match file; no new request is made.
WS:XASX:SIG,Sigma Healthcare,Australia,AU_ASX200,XASX,SIG,SIG.AX,AUD,AUD,1.0,UNVERIFIED_EQUITY_SECURITY,NOT_VERIFIED,INSTRUMENT_TYPE_NOT_STRICTLY_VERIFIED,NOT_VERIFIED,READY,,508,508,,NOT_COLLECTED_BULK_RELIABLY_QA_ONLY,20,60,20919783.603124075,22671698.202988237,20,60,OK,2026-08-21,PASS,PREFERRED_GE_20M,PASS_OR_NOT_VERIFIED,NOT_VERIFIED,INSTRUMENT_NOT_VERIFIED,NOT_VERIFIED,UNKNOWN,TARGETED_REVIEW_REQUIRED,MIXED_SECURITY_STRUCTURES_REIT_STAPLED_POSSIBLE,https://www.spglobal.com/spdji/en/indices/equity/sp-asx-200/,"Official S&P page calls constituents index-eligible stocks, but official index announcements also identify REIT constituents. Group-level ordinary-share PASS is therefore not allowed.",NOT_VERIFIED,NOT_VERIFIED,UNKNOWN,TARGETED_REVIEW_REQUIRED,MIXED_SECURITY_STRUCTURES_REIT_STAPLED_POSSIBLE,https://www.spglobal.com/spdji/en/indices/equity/sp-asx-200/,"Official S&P page calls constituents index-eligible stocks, but official index announcements also identify REIT constituents. Group-level ordinary-share PASS is therefore not allowed.",NOT_VERIFIED,SIG,SIG,SIGMA HEALTHCARE LIMITED,ORDINARY FULLY PAID,AU000000SIG5,PASS,ORDINARY_SHARE_BY_ASX_SECURITY_TYPE,ASX_OFFICIAL_ISIN_DIRECTORY_SECURITY_TYPE,ASX_SECURITY_TYPE_ORDINARY_FULLY_PAID,https://www.asx.com.au/content/dam/asx/issuers/ISIN.xls,Official ASX ISIN directory; Security type column; frozen 63/63 target coverage from v0.7. Security type is read from the frozen v0.7 reference-match file; no new request is made.
WS:XASX:STO,Santos,Australia,AU_ASX200,XASX,STO,STO.AX,AUD,AUD,1.0,UNVERIFIED_EQUITY_SECURITY,NOT_VERIFIED,INSTRUMENT_TYPE_NOT_STRICTLY_VERIFIED,NOT_VERIFIED,READY,,508,508,,NOT_COLLECTED_BULK_RELIABLY_QA_ONLY,20,60,50424324.210094795,48020128.61088185,20,60,OK,2026-08-21,PASS,PREFERRED_GE_20M,PASS_OR_NOT_VERIFIED,NOT_VERIFIED,INSTRUMENT_NOT_VERIFIED,NOT_VERIFIED,UNKNOWN,TARGETED_REVIEW_REQUIRED,MIXED_SECURITY_STRUCTURES_REIT_STAPLED_POSSIBLE,https://www.spglobal.com/spdji/en/indices/equity/sp-asx-200/,"Official S&P page calls constituents index-eligible stocks, but official index announcements also identify REIT constituents. Group-level ordinary-share PASS is therefore not allowed.",NOT_VERIFIED,NOT_VERIFIED,UNKNOWN,TARGETED_REVIEW_REQUIRED,MIXED_SECURITY_STRUCTURES_REIT_STAPLED_POSSIBLE,https://www.spglobal.com/spdji/en/indices/equity/sp-asx-200/,"Official S&P page calls constituents index-eligible stocks, but official index announcements also identify REIT constituents. Group-level ordinary-share PASS is therefore not allowed.",NOT_VERIFIED,STO,STO,SANTOS LIMITED,ORDINARY FULLY PAID,AU000000STO6,PASS,ORDINARY_SHARE_BY_ASX_SECURITY_TYPE,ASX_OFFICIAL_ISIN_DIRECTORY_SECURITY_TYPE,ASX_SECURITY_TYPE_ORDINARY_FULLY_PAID,https://www.asx.com.au/content/dam/asx/issuers/ISIN.xls,Official ASX ISIN directory; Security type column; frozen 63/63 target coverage from v0.7. Security type is read from the frozen v0.7 reference-match file; no new request is made.
WS:XASX:SUN,Suncorp,Australia,AU_ASX200,XASX,SUN,SUN.AX,AUD,AUD,1.0,UNVERIFIED_EQUITY_SECURITY,NOT_VERIFIED,INSTRUMENT_TYPE_NOT_STRICTLY_VERIFIED,NOT_VERIFIED,READY,,508,508,,NOT_COLLECTED_BULK_RELIABLY_QA_ONLY,20,60,30628431.65463306,29079438.96846649,20,60,OK,2026-08-21,PASS,PREFERRED_GE_20M,PASS_OR_NOT_VERIFIED,NOT_VERIFIED,INSTRUMENT_NOT_VERIFIED,NOT_VERIFIED,UNKNOWN,TARGETED_REVIEW_REQUIRED,MIXED_SECURITY_STRUCTURES_REIT_STAPLED_POSSIBLE,https://www.spglobal.com/spdji/en/indices/equity/sp-asx-200/,"Official S&P page calls constituents index-eligible stocks, but official index announcements also identify REIT constituents. Group-level ordinary-share PASS is therefore not allowed.",NOT_VERIFIED,NOT_VERIFIED,UNKNOWN,TARGETED_REVIEW_REQUIRED,MIXED_SECURITY_STRUCTURES_REIT_STAPLED_POSSIBLE,https://www.spglobal.com/spdji/en/indices/equity/sp-asx-200/,"Official S&P page calls constituents index-eligible stocks, but official index announcements also identify REIT constituents. Group-level ordinary-share PASS is therefore not allowed.",NOT_VERIFIED,SUN,SUN,SUNCORP GROUP LIMITED,ORDINARY FULLY PAID,AU000000SUN6,PASS,ORDINARY_SHARE_BY_ASX_SECURITY_TYPE,ASX_OFFICIAL_ISIN_DIRECTORY_SECURITY_TYPE,ASX_SECURITY_TYPE_ORDINARY_FULLY_PAID,https://www.asx.com.au/content/dam/asx/issuers/ISIN.xls,Official ASX ISIN directory; Security type column; frozen 63/63 target coverage from v0.7. Security type is read from the frozen v0.7 reference-match file; no new request is made.
WS:XASX:TLS,Telstra,Australia,AU_ASX200,XASX,TLS,TLS.AX,AUD,AUD,1.0,UNVERIFIED_EQUITY_SECURITY,NOT_VERIFIED,INSTRUMENT_TYPE_NOT_STRICTLY_VERIFIED,NOT_VERIFIED,READY,,508,508,,NOT_COLLECTED_BULK_RELIABLY_QA_ONLY,20,60,94383549.54414971,73360489.2548553,20,60,OK,2026-08-21,PASS,PREFERRED_GE_20M,PASS_OR_NOT_VERIFIED,NOT_VERIFIED,INSTRUMENT_NOT_VERIFIED,NOT_VERIFIED,UNKNOWN,TARGETED_REVIEW_REQUIRED,MIXED_SECURITY_STRUCTURES_REIT_STAPLED_POSSIBLE,https://www.spglobal.com/spdji/en/indices/equity/sp-asx-200/,"Official S&P page calls constituents index-eligible stocks, but official index announcements also identify REIT constituents. Group-level ordinary-share PASS is therefore not allowed.",NOT_VERIFIED,NOT_VERIFIED,UNKNOWN,TARGETED_REVIEW_REQUIRED,MIXED_SECURITY_STRUCTURES_REIT_STAPLED_POSSIBLE,https://www.spglobal.com/spdji/en/indices/equity/sp-asx-200/,"Official S&P page calls constituents index-eligible stocks, but official index announcements also identify REIT constituents. Group-level ordinary-share PASS is therefore not allowed.",NOT_VERIFIED,TLS,TLS,TELSTRA GROUP LIMITED,ORDINARY FULLY PAID,AU000000TLS2,PASS,ORDINARY_SHARE_BY_ASX_SECURITY_TYPE,ASX_OFFICIAL_ISIN_DIRECTORY_SECURITY_TYPE,ASX_SECURITY_TYPE_ORDINARY_FULLY_PAID,https://www.asx.com.au/content/dam/asx/issuers/ISIN.xls,Official ASX ISIN directory; Security type column; frozen 63/63 target coverage from v0.7. Security type is read from the frozen v0.7 reference-match file; no new request is made.
WS:XASX:VAU,Vault Minerals,Australia,AU_ASX200,XASX,VAU,VAU.AX,AUD,AUD,1.0,UNVERIFIED_EQUITY_SECURITY,NOT_VERIFIED,INSTRUMENT_TYPE_NOT_STRICTLY_VERIFIED,NOT_VERIFIED,READY,,508,508,,NOT_COLLECTED_BULK_RELIABLY_QA_ONLY,20,60,22114960.11970797,17162735.629381977,20,60,OK,2026-08-21,PASS,PREFERRED_GE_20M,PASS_OR_NOT_VERIFIED,NOT_VERIFIED,INSTRUMENT_NOT_VERIFIED,NOT_VERIFIED,UNKNOWN,TARGETED_REVIEW_REQUIRED,MIXED_SECURITY_STRUCTURES_REIT_STAPLED_POSSIBLE,https://www.spglobal.com/spdji/en/indices/equity/sp-asx-200/,"Official S&P page calls constituents index-eligible stocks, but official index announcements also identify REIT constituents. Group-level ordinary-share PASS is therefore not allowed.",NOT_VERIFIED,NOT_VERIFIED,UNKNOWN,TARGETED_REVIEW_REQUIRED,MIXED_SECURITY_STRUCTURES_REIT_STAPLED_POSSIBLE,https://www.spglobal.com/spdji/en/indices/equity/sp-asx-200/,"Official S&P page calls constituents index-eligible stocks, but official index announcements also identify REIT constituents. Group-level ordinary-share PASS is therefore not allowed.",NOT_VERIFIED,VAU,VAU,VAULT MINERALS LIMITED,ORDINARY FULLY PAID,AU0000355588,PASS,ORDINARY_SHARE_BY_ASX_SECURITY_TYPE,ASX_OFFICIAL_ISIN_DIRECTORY_SECURITY_TYPE,ASX_SECURITY_TYPE_ORDINARY_FULLY_PAID,https://www.asx.com.au/content/dam/asx/issuers/ISIN.xls,Official ASX ISIN directory; Security type column; frozen 63/63 target coverage from v0.7. Security type is read from the frozen v0.7 reference-match file; no new request is made.
WS:XASX:WBC,Westpac,Australia,AU_ASX200,XASX,WBC,WBC.AX,AUD,AUD,1.0,UNVERIFIED_EQUITY_SECURITY,NOT_VERIFIED,INSTRUMENT_TYPE_NOT_STRICTLY_VERIFIED,NOT_VERIFIED,READY,,508,508,,NOT_COLLECTED_BULK_RELIABLY_QA_ONLY,20,60,96061939.07891336,93563726.14861348,20,60,OK,2026-08-21,PASS,PREFERRED_GE_20M,PASS_OR_NOT_VERIFIED,NOT_VERIFIED,INSTRUMENT_NOT_VERIFIED,NOT_VERIFIED,UNKNOWN,TARGETED_REVIEW_REQUIRED,MIXED_SECURITY_STRUCTURES_REIT_STAPLED_POSSIBLE,https://www.spglobal.com/spdji/en/indices/equity/sp-asx-200/,"Official S&P page calls constituents index-eligible stocks, but official index announcements also identify REIT constituents. Group-level ordinary-share PASS is therefore not allowed.",NOT_VERIFIED,NOT_VERIFIED,UNKNOWN,TARGETED_REVIEW_REQUIRED,MIXED_SECURITY_STRUCTURES_REIT_STAPLED_POSSIBLE,https://www.spglobal.com/spdji/en/indices/equity/sp-asx-200/,"Official S&P page calls constituents index-eligible stocks, but official index announcements also identify REIT constituents. Group-level ordinary-share PASS is therefore not allowed.",NOT_VERIFIED,WBC,WBC,WESTPAC BANKING CORPORATION,ORDINARY FULLY PAID,AU000000WBC1,PASS,ORDINARY_SHARE_BY_ASX_SECURITY_TYPE,ASX_OFFICIAL_ISIN_DIRECTORY_SECURITY_TYPE,ASX_SECURITY_TYPE_ORDINARY_FULLY_PAID,https://www.asx.com.au/content/dam/asx/issuers/ISIN.xls,Official ASX ISIN directory; Security type column; frozen 63/63 target coverage from v0.7. Security type is read from the frozen v0.7 reference-match file; no new request is made.
WS:XASX:WDS,Woodside Energy Group,Australia,AU_ASX200,XASX,WDS,WDS.AX,AUD,AUD,1.0,UNVERIFIED_EQUITY_SECURITY,NOT_VERIFIED,INSTRUMENT_TYPE_NOT_STRICTLY_VERIFIED,NOT_VERIFIED,READY,,508,508,,NOT_COLLECTED_BULK_RELIABLY_QA_ONLY,20,60,86560854.67405292,83661828.98943767,20,60,OK,2026-08-21,PASS,PREFERRED_GE_20M,PASS_OR_NOT_VERIFIED,NOT_VERIFIED,INSTRUMENT_NOT_VERIFIED,NOT_VERIFIED,UNKNOWN,TARGETED_REVIEW_REQUIRED,MIXED_SECURITY_STRUCTURES_REIT_STAPLED_POSSIBLE,https://www.spglobal.com/spdji/en/indices/equity/sp-asx-200/,"Official S&P page calls constituents index-eligible stocks, but official index announcements also identify REIT constituents. Group-level ordinary-share PASS is therefore not allowed.",NOT_VERIFIED,NOT_VERIFIED,UNKNOWN,TARGETED_REVIEW_REQUIRED,MIXED_SECURITY_STRUCTURES_REIT_STAPLED_POSSIBLE,https://www.spglobal.com/spdji/en/indices/equity/sp-asx-200/,"Official S&P page calls constituents index-eligible stocks, but official index announcements also identify REIT constituents. Group-level ordinary-share PASS is therefore not allowed.",NOT_VERIFIED,WDS,WDS,WOODSIDE ENERGY GROUP LTD,ORDINARY FULLY PAID,AU0000224040,PASS,ORDINARY_SHARE_BY_ASX_SECURITY_TYPE,ASX_OFFICIAL_ISIN_DIRECTORY_SECURITY_TYPE,ASX_SECURITY_TYPE_ORDINARY_FULLY_PAID,https://www.asx.com.au/content/dam/asx/issuers/ISIN.xls,Official ASX ISIN directory; Security type column; frozen 63/63 target coverage from v0.7. Security type is read from the frozen v0.7 reference-match file; no new request is made.
WS:XASX:WES,Wesfarmers,Australia,AU_ASX200,XASX,WES,WES.AX,AUD,AUD,1.0,UNVERIFIED_EQUITY_SECURITY,NOT_VERIFIED,INSTRUMENT_TYPE_NOT_STRICTLY_VERIFIED,NOT_VERIFIED,READY,,508,508,,NOT_COLLECTED_BULK_RELIABLY_QA_ONLY,20,60,68153844.53984708,82520435.63538967,20,60,OK,2026-08-21,PASS,PREFERRED_GE_20M,PASS_OR_NOT_VERIFIED,NOT_VERIFIED,INSTRUMENT_NOT_VERIFIED,NOT_VERIFIED,UNKNOWN,TARGETED_REVIEW_REQUIRED,MIXED_SECURITY_STRUCTURES_REIT_STAPLED_POSSIBLE,https://www.spglobal.com/spdji/en/indices/equity/sp-asx-200/,"Official S&P page calls constituents index-eligible stocks, but official index announcements also identify REIT constituents. Group-level ordinary-share PASS is therefore not allowed.",NOT_VERIFIED,NOT_VERIFIED,UNKNOWN,TARGETED_REVIEW_REQUIRED,MIXED_SECURITY_STRUCTURES_REIT_STAPLED_POSSIBLE,https://www.spglobal.com/spdji/en/indices/equity/sp-asx-200/,"Official S&P page calls constituents index-eligible stocks, but official index announcements also identify REIT constituents. Group-level ordinary-share PASS is therefore not allowed.",NOT_VERIFIED,WES,WES,WESFARMERS LIMITED,ORDINARY FULLY PAID,AU000000WES1,PASS,ORDINARY_SHARE_BY_ASX_SECURITY_TYPE,ASX_OFFICIAL_ISIN_DIRECTORY_SECURITY_TYPE,ASX_SECURITY_TYPE_ORDINARY_FULLY_PAID,https://www.asx.com.au/content/dam/asx/issuers/ISIN.xls,Official ASX ISIN directory; Security type column; frozen 63/63 target coverage from v0.7. Security type is read from the frozen v0.7 reference-match file; no new request is made.
WS:XASX:WOW,Woolworths Group,Australia,AU_ASX200,XASX,WOW,WOW.AX,AUD,AUD,1.0,UNVERIFIED_EQUITY_SECURITY,NOT_VERIFIED,INSTRUMENT_TYPE_NOT_STRICTLY_VERIFIED,NOT_VERIFIED,READY,,508,508,,NOT_COLLECTED_BULK_RELIABLY_QA_ONLY,20,60,46420248.343962,46668889.84757178,20,60,OK,2026-08-21,PASS,PREFERRED_GE_20M,PASS_OR_NOT_VERIFIED,NOT_VERIFIED,INSTRUMENT_NOT_VERIFIED,NOT_VERIFIED,UNKNOWN,TARGETED_REVIEW_REQUIRED,MIXED_SECURITY_STRUCTURES_REIT_STAPLED_POSSIBLE,https://www.spglobal.com/spdji/en/indices/equity/sp-asx-200/,"Official S&P page calls constituents index-eligible stocks, but official index announcements also identify REIT constituents. Group-level ordinary-share PASS is therefore not allowed.",NOT_VERIFIED,NOT_VERIFIED,UNKNOWN,TARGETED_REVIEW_REQUIRED,MIXED_SECURITY_STRUCTURES_REIT_STAPLED_POSSIBLE,https://www.spglobal.com/spdji/en/indices/equity/sp-asx-200/,"Official S&P page calls constituents index-eligible stocks, but official index announcements also identify REIT constituents. Group-level ordinary-share PASS is therefore not allowed.",NOT_VERIFIED,WOW,WOW,WOOLWORTHS GROUP LIMITED,ORDINARY FULLY PAID,AU000000WOW2,PASS,ORDINARY_SHARE_BY_ASX_SECURITY_TYPE,ASX_OFFICIAL_ISIN_DIRECTORY_SECURITY_TYPE,ASX_SECURITY_TYPE_ORDINARY_FULLY_PAID,https://www.asx.com.au/content/dam/asx/issuers/ISIN.xls,Official ASX ISIN directory; Security type column; frozen 63/63 target coverage from v0.7. Security type is read from the frozen v0.7 reference-match file; no new request is made.
WS:XASX:WTC,Wisetech Global,Australia,AU_ASX200,XASX,WTC,WTC.AX,AUD,AUD,1.0,UNVERIFIED_EQUITY_SECURITY,NOT_VERIFIED,INSTRUMENT_TYPE_NOT_STRICTLY_VERIFIED,NOT_VERIFIED,READY,,508,508,,NOT_COLLECTED_BULK_RELIABLY_QA_ONLY,20,60,42014324.628258385,41755726.56654318,20,60,OK,2026-08-21,PASS,PREFERRED_GE_20M,PASS_OR_NOT_VERIFIED,NOT_VERIFIED,INSTRUMENT_NOT_VERIFIED,NOT_VERIFIED,UNKNOWN,TARGETED_REVIEW_REQUIRED,MIXED_SECURITY_STRUCTURES_REIT_STAPLED_POSSIBLE,https://www.spglobal.com/spdji/en/indices/equity/sp-asx-200/,"Official S&P page calls constituents index-eligible stocks, but official index announcements also identify REIT constituents. Group-level ordinary-share PASS is therefore not allowed.",NOT_VERIFIED,NOT_VERIFIED,UNKNOWN,TARGETED_REVIEW_REQUIRED,MIXED_SECURITY_STRUCTURES_REIT_STAPLED_POSSIBLE,https://www.spglobal.com/spdji/en/indices/equity/sp-asx-200/,"Official S&P page calls constituents index-eligible stocks, but official index announcements also identify REIT constituents. Group-level ordinary-share PASS is therefore not allowed.",NOT_VERIFIED,WTC,WTC,WISETECH GLOBAL LIMITED,ORDINARY FULLY PAID,AU000000WTC3,PASS,ORDINARY_SHARE_BY_ASX_SECURITY_TYPE,ASX_OFFICIAL_ISIN_DIRECTORY_SECURITY_TYPE,ASX_SECURITY_TYPE_ORDINARY_FULLY_PAID,https://www.asx.com.au/content/dam/asx/issuers/ISIN.xls,Official ASX ISIN directory; Security type column; frozen 63/63 target coverage from v0.7. Security type is read from the frozen v0.7 reference-match file; no new request is made.
WS:XASX:XRO,Xero,Australia,AU_ASX200,XASX,XRO,XRO.AX,AUD,AUD,1.0,UNVERIFIED_EQUITY_SECURITY,NOT_VERIFIED,INSTRUMENT_TYPE_NOT_STRICTLY_VERIFIED,NOT_VERIFIED,READY,ISOLATED_INVALID_BAR_EXCLUDED,508,507,,NOT_COLLECTED_BULK_RELIABLY_QA_ONLY,20,60,34883813.642732605,35686633.47207013,20,60,OK,2026-08-21,PASS,PREFERRED_GE_20M,PASS_OR_NOT_VERIFIED,NOT_VERIFIED,INSTRUMENT_NOT_VERIFIED,NOT_VERIFIED,UNKNOWN,TARGETED_REVIEW_REQUIRED,MIXED_SECURITY_STRUCTURES_REIT_STAPLED_POSSIBLE,https://www.spglobal.com/spdji/en/indices/equity/sp-asx-200/,"Official S&P page calls constituents index-eligible stocks, but official index announcements also identify REIT constituents. Group-level ordinary-share PASS is therefore not allowed.",NOT_VERIFIED,NOT_VERIFIED,UNKNOWN,TARGETED_REVIEW_REQUIRED,MIXED_SECURITY_STRUCTURES_REIT_STAPLED_POSSIBLE,https://www.spglobal.com/spdji/en/indices/equity/sp-asx-200/,"Official S&P page calls constituents index-eligible stocks, but official index announcements also identify REIT constituents. Group-level ordinary-share PASS is therefore not allowed.",NOT_VERIFIED,XRO,XRO,XERO LIMITED,ORDINARY FULLY PAID,NZXROE0001S2,PASS,ORDINARY_SHARE_BY_ASX_SECURITY_TYPE,ASX_OFFICIAL_ISIN_DIRECTORY_SECURITY_TYPE,ASX_SECURITY_TYPE_ORDINARY_FULLY_PAID,https://www.asx.com.au/content/dam/asx/issuers/ISIN.xls,Official ASX ISIN directory; Security type column; frozen 63/63 target coverage from v0.7. Security type is read from the frozen v0.7 reference-match file; no new request is made.
WS:XASX:ZIP,Zip,Australia,AU_ASX200,XASX,ZIP,ZIP.AX,AUD,AUD,1.0,UNVERIFIED_EQUITY_SECURITY,NOT_VERIFIED,INSTRUMENT_TYPE_NOT_STRICTLY_VERIFIED,NOT_VERIFIED,READY,,508,508,,NOT_COLLECTED_BULK_RELIABLY_QA_ONLY,20,60,27018606.023007184,25897866.227291048,20,60,OK,2026-08-21,PASS,PREFERRED_GE_20M,PASS_OR_NOT_VERIFIED,NOT_VERIFIED,INSTRUMENT_NOT_VERIFIED,NOT_VERIFIED,UNKNOWN,TARGETED_REVIEW_REQUIRED,MIXED_SECURITY_STRUCTURES_REIT_STAPLED_POSSIBLE,https://www.spglobal.com/spdji/en/indices/equity/sp-asx-200/,"Official S&P page calls constituents index-eligible stocks, but official index announcements also identify REIT constituents. Group-level ordinary-share PASS is therefore not allowed.",NOT_VERIFIED,NOT_VERIFIED,UNKNOWN,TARGETED_REVIEW_REQUIRED,MIXED_SECURITY_STRUCTURES_REIT_STAPLED_POSSIBLE,https://www.spglobal.com/spdji/en/indices/equity/sp-asx-200/,"Official S&P page calls constituents index-eligible stocks, but official index announcements also identify REIT constituents. Group-level ordinary-share PASS is therefore not allowed.",NOT_VERIFIED,ZIP,ZIP,ZIP CO LIMITED..,ORDINARY FULLY PAID,AU0000218307,PASS,ORDINARY_SHARE_BY_ASX_SECURITY_TYPE,ASX_OFFICIAL_ISIN_DIRECTORY_SECURITY_TYPE,ASX_SECURITY_TYPE_ORDINARY_FULLY_PAID,https://www.asx.com.au/content/dam/asx/issuers/ISIN.xls,Official ASX ISIN directory; Security type column; frozen 63/63 target coverage from v0.7. Security type is read from the frozen v0.7 reference-match file; no new request is made.
