WS_ID,ISIN,MIC,Primary_Ticker,Issuer,Instrument_Type,Sector,Index_Membership,Admission_Status,Evidence_Source,Evidence_Rank,Snapshot_Date,Reason_Code,Review_Reason,Currency
WS:XASX:BHP,AU000000BHP4,XASX,BHP,BHP GROUP LTD,ORDINARY,Materials,SP_ASX_200,ADMIT,iShares_IOZ,3,03-Sept-2026,ASX200_ORDINARY_XASX_IOZ_RANK3,,AUD
WS:XASX:CBA,AU000000CBA7,XASX,CBA,COMMONWEALTH BANK OF AUSTRALIA,ORDINARY,Financials,SP_ASX_200,ADMIT,iShares_IOZ,3,03-Sept-2026,ASX200_ORDINARY_XASX_IOZ_RANK3,,AUD
WS:XASX:NAB,AU000000NAB4,XASX,NAB,NATIONAL AUSTRALIA BANK LTD,ORDINARY,Financials,SP_ASX_200,ADMIT,iShares_IOZ,3,03-Sept-2026,ASX200_ORDINARY_XASX_IOZ_RANK3,,AUD
WS:XASX:WBC,AU000000WBC1,XASX,WBC,WESTPAC BANKING CORPORATION,ORDINARY,Financials,SP_ASX_200,ADMIT,iShares_IOZ,3,03-Sept-2026,ASX200_ORDINARY_XASX_IOZ_RANK3,,AUD
WS:XASX:ANZ,AU000000ANZ3,XASX,ANZ,ANZ GROUP HOLDINGS LTD,ORDINARY,Financials,SP_ASX_200,ADMIT,iShares_IOZ,3,03-Sept-2026,ASX200_ORDINARY_XASX_IOZ_RANK3,,AUD
WS:XASX:MQG,AU000000MQG1,XASX,MQG,MACQUARIE GROUP LTD DEF,ORDINARY,Financials,SP_ASX_200,ADMIT,iShares_IOZ,3,03-Sept-2026,ASX200_ORDINARY_XASX_IOZ_RANK3,,AUD
WS:XASX:WES,AU000000WES1,XASX,WES,WESFARMERS,ORDINARY,Consumer Discretionary,SP_ASX_200,ADMIT,iShares_IOZ,3,03-Sept-2026,ASX200_ORDINARY_XASX_IOZ_RANK3,,AUD
WS:XASX:CSL,AU000000CSL8,XASX,CSL,CSL,ORDINARY,Health Care,SP_ASX_200,ADMIT,iShares_IOZ,3,03-Sept-2026,ASX200_ORDINARY_XASX_IOZ_RANK3,,AUD
WS:XASX:RIO,AU000000RIO1,XASX,RIO,RIO TINTO LTD,ORDINARY,Materials,SP_ASX_200,ADMIT,iShares_IOZ,3,03-Sept-2026,ASX200_ORDINARY_XASX_IOZ_RANK3,,AUD
WS:XASX:WDS,AU0000224040,XASX,WDS,WOODSIDE ENERGY GROUP LTD,ORDINARY,Energy,SP_ASX_200,ADMIT,iShares_IOZ,3,03-Sept-2026,ASX200_ORDINARY_XASX_IOZ_RANK3,,AUD
WS:XASX:GMG,AU000000GMG2,XASX,GMG,GOODMAN GROUP UNITS,A_REIT,Real Estate,SP_ASX_200,REVIEW,iShares_IOZ,3,03-Sept-2026,REVIEW_AREIT,REVIEW_AREIT,AUD
WS:XASX:TLS,AU000000TLS2,XASX,TLS,TELSTRA GROUP,ORDINARY,Communication,SP_ASX_200,ADMIT,iShares_IOZ,3,03-Sept-2026,ASX200_ORDINARY_XASX_IOZ_RANK3,,AUD
WS:XASX:WOW,AU000000WOW2,XASX,WOW,WOOLWORTHS GROUP LTD,ORDINARY,Consumer Staples,SP_ASX_200,ADMIT,iShares_IOZ,3,03-Sept-2026,ASX200_ORDINARY_XASX_IOZ_RANK3,,AUD
WS:XASX:TCL,AU000000TCL6,XASX,TCL,TRANSURBAN GROUP STAPLED UNITS,STAPLED,Industrials,SP_ASX_200,REVIEW,iShares_IOZ,3,03-Sept-2026,REVIEW_STAPLED,REVIEW_STAPLED,AUD
WS:XASX:ALL,AU000000ALL7,XASX,ALL,ARISTOCRAT LEISURE,ORDINARY,Consumer Discretionary,SP_ASX_200,ADMIT,iShares_IOZ,3,03-Sept-2026,ASX200_ORDINARY_XASX_IOZ_RANK3,,AUD
WS:XASX:QBE,AU000000QBE9,XASX,QBE,QBE INSURANCE GROUP,ORDINARY,Financials,SP_ASX_200,ADMIT,iShares_IOZ,3,03-Sept-2026,ASX200_ORDINARY_XASX_IOZ_RANK3,,AUD
WS:XASX:NST,AU000000NST8,XASX,NST,NORTHERN STAR RESOURCES LTD,ORDINARY,Materials,SP_ASX_200,ADMIT,iShares_IOZ,3,03-Sept-2026,ASX200_ORDINARY_XASX_IOZ_RANK3,,AUD
WS:XASX:COL,AU0000030678,XASX,COL,COLES GROUP LTD,ORDINARY,Consumer Staples,SP_ASX_200,ADMIT,iShares_IOZ,3,03-Sept-2026,ASX200_ORDINARY_XASX_IOZ_RANK3,,AUD
WS:XASX:EVN,AU000000EVN4,XASX,EVN,EVOLUTION MINING,ORDINARY,Materials,SP_ASX_200,ADMIT,iShares_IOZ,3,03-Sept-2026,ASX200_ORDINARY_XASX_IOZ_RANK3,,AUD
WS:XASX:FMG,AU000000FMG4,XASX,FMG,FORTESCUE LTD,ORDINARY,Materials,SP_ASX_200,ADMIT,iShares_IOZ,3,03-Sept-2026,ASX200_ORDINARY_XASX_IOZ_RANK3,,AUD
WS:XASX:STO,AU000000STO6,XASX,STO,SANTOS,ORDINARY,Energy,SP_ASX_200,ADMIT,iShares_IOZ,3,03-Sept-2026,ASX200_ORDINARY_XASX_IOZ_RANK3,,AUD
WS:XASX:BXB,AU000000BXB1,XASX,BXB,BRAMBLES,ORDINARY,Industrials,SP_ASX_200,ADMIT,iShares_IOZ,3,03-Sept-2026,ASX200_ORDINARY_XASX_IOZ_RANK3,,AUD
WS:XASX:S32,AU000000S320,XASX,S32,SOUTH32,ORDINARY,Materials,SP_ASX_200,ADMIT,iShares_IOZ,3,03-Sept-2026,ASX200_ORDINARY_XASX_IOZ_RANK3,,AUD
WS:XASX:CPU,AU000000CPU5,XASX,CPU,COMPUTERSHARE LTD,ORDINARY,Industrials,SP_ASX_200,ADMIT,iShares_IOZ,3,03-Sept-2026,ASX200_ORDINARY_XASX_IOZ_RANK3,,AUD
WS:XASX:SUN,AU000000SUN6,XASX,SUN,SUNCORP GROUP,ORDINARY,Financials,SP_ASX_200,ADMIT,iShares_IOZ,3,03-Sept-2026,ASX200_ORDINARY_XASX_IOZ_RANK3,,AUD
WS:XASX:ORG,AU000000ORG5,XASX,ORG,ORIGIN ENERGY,ORDINARY,Utilities,SP_ASX_200,ADMIT,iShares_IOZ,3,03-Sept-2026,ASX200_ORDINARY_XASX_IOZ_RANK3,,AUD
WS:XASX:IAG,AU000000IAG3,XASX,IAG,INSURANCE AUSTRALIA GROUP,ORDINARY,Financials,SP_ASX_200,ADMIT,iShares_IOZ,3,03-Sept-2026,ASX200_ORDINARY_XASX_IOZ_RANK3,,AUD
WS:XASX:SCG,AU000000SCG8,XASX,SCG,SCENTRE GROUP,A_REIT,Real Estate,SP_ASX_200,REVIEW,iShares_IOZ,3,03-Sept-2026,REVIEW_AREIT,REVIEW_AREIT,AUD
WS:XASX:RMD,AU000000RMD6,XASX,RMD,RESMED CDI,CDI,Health Care,SP_ASX_200,EXCLUDE,iShares_IOZ,3,03-Sept-2026,CDI,,AUD
WS:XASX:PLS,AU000000PLS0,XASX,PLS,PLS GROUP LTD,ORDINARY,Materials,SP_ASX_200,ADMIT,iShares_IOZ,3,03-Sept-2026,ASX200_ORDINARY_XASX_IOZ_RANK3,,AUD
WS:XASX:SOL,AU000000SOL3,XASX,SOL,WASHINGTON H SOUL PATTINSON & COMP,ORDINARY,Financials,SP_ASX_200,ADMIT,iShares_IOZ,3,03-Sept-2026,ASX200_ORDINARY_XASX_IOZ_RANK3,,AUD
WS:XASX:SIG,AU000000SIG5,XASX,SIG,SIGMA HEALTHCARE,ORDINARY,Health Care,SP_ASX_200,ADMIT,iShares_IOZ,3,03-Sept-2026,ASX200_ORDINARY_XASX_IOZ_RANK3,,AUD
WS:XASX:APA,AU000000APA1,XASX,APA,APA GROUP UNITS,STAPLED,Utilities,SP_ASX_200,REVIEW,iShares_IOZ,3,03-Sept-2026,REVIEW_STAPLED,REVIEW_STAPLED,AUD
WS:XASX:QAN,AU000000QAN2,XASX,QAN,QANTAS AIRWAYS,ORDINARY,Industrials,SP_ASX_200,ADMIT,iShares_IOZ,3,03-Sept-2026,ASX200_ORDINARY_XASX_IOZ_RANK3,,AUD
WS:XASX:LYC,AU000000LYC6,XASX,LYC,LYNAS RARE EARTHS,ORDINARY,Materials,SP_ASX_200,ADMIT,iShares_IOZ,3,03-Sept-2026,ASX200_ORDINARY_XASX_IOZ_RANK3,,AUD
WS:XASX:BSL,AU000000BSL0,XASX,BSL,BLUESCOPE STEEL,ORDINARY,Materials,SP_ASX_200,ADMIT,iShares_IOZ,3,03-Sept-2026,ASX200_ORDINARY_XASX_IOZ_RANK3,,AUD
WS:XASX:NEM,AU0000297962,XASX,NEM,NEWMONT CORPORATION CDI,CDI,Materials,SP_ASX_200,EXCLUDE,iShares_IOZ,3,03-Sept-2026,CDI,,AUD
WS:XASX:XRO,NZXROE0001S2,XASX,XRO,XERO,ORDINARY,Information Technology,SP_ASX_200,REVIEW,iShares_IOZ,3,03-Sept-2026,REVIEW_FOREIGN_ORDINARY,REVIEW_FOREIGN_ORDINARY,AUD
WS:XASX:JHX,AU000000JHX1,XASX,JHX,JAMES HARDIE INDUSTRIES CDI PLC,CDI,Materials,SP_ASX_200,EXCLUDE,iShares_IOZ,3,03-Sept-2026,CDI,,AUD
WS:XASX:MPL,AU000000MPL3,XASX,MPL,MEDIBANK PRIVATE,ORDINARY,Financials,SP_ASX_200,ADMIT,iShares_IOZ,3,03-Sept-2026,ASX200_ORDINARY_XASX_IOZ_RANK3,,AUD
WS:XASX:ALQ,AU000000ALQ6,XASX,ALQ,ALS,ORDINARY,Industrials,SP_ASX_200,ADMIT,iShares_IOZ,3,03-Sept-2026,ASX200_ORDINARY_XASX_IOZ_RANK3,,AUD
WS:XASX:MIN,AU000000MIN4,XASX,MIN,MINERAL RESOURCES,ORDINARY,Materials,SP_ASX_200,ADMIT,iShares_IOZ,3,03-Sept-2026,ASX200_ORDINARY_XASX_IOZ_RANK3,,AUD
WS:XASX:TLC,AU0000219529,XASX,TLC,THE LOTTERY CORPORATION LTD,ORDINARY,Consumer Discretionary,SP_ASX_200,ADMIT,iShares_IOZ,3,03-Sept-2026,ASX200_ORDINARY_XASX_IOZ_RANK3,,AUD
WS:XASX:SGP,AU000000SGP0,XASX,SGP,STOCKLAND STAPLED UNITS LTD,A_REIT,Real Estate,SP_ASX_200,REVIEW,iShares_IOZ,3,03-Sept-2026,REVIEW_AREIT,REVIEW_AREIT,AUD
WS:XASX:ASX,AU000000ASX7,XASX,ASX,ASX LTD,ORDINARY,Financials,SP_ASX_200,ADMIT,iShares_IOZ,3,03-Sept-2026,ASX200_ORDINARY_XASX_IOZ_RANK3,,AUD
WS:XASX:SFR,AU000000SFR8,XASX,SFR,SANDFIRE RESOURCES,ORDINARY,Materials,SP_ASX_200,ADMIT,iShares_IOZ,3,03-Sept-2026,ASX200_ORDINARY_XASX_IOZ_RANK3,,AUD
WS:XASX:ORI,AU000000ORI1,XASX,ORI,ORICA,ORDINARY,Materials,SP_ASX_200,ADMIT,iShares_IOZ,3,03-Sept-2026,ASX200_ORDINARY_XASX_IOZ_RANK3,,AUD
WS:XASX:LNW,AU0000278103,XASX,LNW,LIGHT & WONDER INC. CDI,CDI,Consumer Discretionary,SP_ASX_200,EXCLUDE,iShares_IOZ,3,03-Sept-2026,CDI,,AUD
WS:XASX:ALD,AU0000088338,XASX,ALD,AMPOL,ORDINARY,Energy,SP_ASX_200,ADMIT,iShares_IOZ,3,03-Sept-2026,ASX200_ORDINARY_XASX_IOZ_RANK3,,AUD
WS:XASX:VCX,AU000000VCX7,XASX,VCX,VICINITY CENTRES,A_REIT,Real Estate,SP_ASX_200,REVIEW,iShares_IOZ,3,03-Sept-2026,REVIEW_AREIT,REVIEW_AREIT,AUD
WS:XASX:RHC,AU000000RHC8,XASX,RHC,RAMSAY HEALTH CARE,ORDINARY,Health Care,SP_ASX_200,ADMIT,iShares_IOZ,3,03-Sept-2026,ASX200_ORDINARY_XASX_IOZ_RANK3,,AUD
WS:XASX:CAR,AU000000CAR3,XASX,CAR,CAR GROUP,ORDINARY,Communication,SP_ASX_200,ADMIT,iShares_IOZ,3,03-Sept-2026,ASX200_ORDINARY_XASX_IOZ_RANK3,,AUD
WS:XASX:GMD,AU000000GMD9,XASX,GMD,GENESIS MINERALS,ORDINARY,Materials,SP_ASX_200,ADMIT,iShares_IOZ,3,03-Sept-2026,ASX200_ORDINARY_XASX_IOZ_RANK3,,AUD
WS:XASX:PME,AU000000PME8,XASX,PME,PRO MEDICUS,ORDINARY,Health Care,SP_ASX_200,ADMIT,iShares_IOZ,3,03-Sept-2026,ASX200_ORDINARY_XASX_IOZ_RANK3,,AUD
WS:XASX:SHL,AU000000SHL7,XASX,SHL,SONIC HEALTHCARE,ORDINARY,Health Care,SP_ASX_200,ADMIT,iShares_IOZ,3,03-Sept-2026,ASX200_ORDINARY_XASX_IOZ_RANK3,,AUD
WS:XASX:NXT,AU000000NXT8,XASX,NXT,NEXTDC,ORDINARY,Information Technology,SP_ASX_200,ADMIT,iShares_IOZ,3,03-Sept-2026,ASX200_ORDINARY_XASX_IOZ_RANK3,,AUD
WS:XASX:TNE,AU000000TNE8,XASX,TNE,TECHNOLOGY ONE,ORDINARY,Information Technology,SP_ASX_200,ADMIT,iShares_IOZ,3,03-Sept-2026,ASX200_ORDINARY_XASX_IOZ_RANK3,,AUD
WS:XASX:COH,AU000000COH5,XASX,COH,COCHLEAR,ORDINARY,Health Care,SP_ASX_200,ADMIT,iShares_IOZ,3,03-Sept-2026,ASX200_ORDINARY_XASX_IOZ_RANK3,,AUD
WS:XASX:PRU,AU000000PRU3,XASX,PRU,PERSEUS MINING LTD,ORDINARY,Materials,SP_ASX_200,ADMIT,iShares_IOZ,3,03-Sept-2026,ASX200_ORDINARY_XASX_IOZ_RANK3,,AUD
WS:XASX:CHC,AU000000CHC0,XASX,CHC,CHARTER HALL GROUP STAPLED UNITS,A_REIT,Real Estate,SP_ASX_200,REVIEW,iShares_IOZ,3,03-Sept-2026,REVIEW_AREIT,REVIEW_AREIT,AUD
WS:XASX:GPT,AU000000GPT8,XASX,GPT,GPT GROUP STAPLED UNITS,A_REIT,Real Estate,SP_ASX_200,REVIEW,iShares_IOZ,3,03-Sept-2026,REVIEW_AREIT,REVIEW_AREIT,AUD
WS:XASX:AMC,AU000000AMC4,XASX,AMC,AMCOR CDI PLC,CDI,Materials,SP_ASX_200,EXCLUDE,iShares_IOZ,3,03-Sept-2026,CDI,,AUD
WS:XASX:REA,AU000000REA9,XASX,REA,REA GROUP LTD,ORDINARY,Communication,SP_ASX_200,ADMIT,iShares_IOZ,3,03-Sept-2026,ASX200_ORDINARY_XASX_IOZ_RANK3,,AUD
WS:XASX:WTC,AU000000WTC3,XASX,WTC,WISETECH GLOBAL,ORDINARY,Information Technology,SP_ASX_200,ADMIT,iShares_IOZ,3,03-Sept-2026,ASX200_ORDINARY_XASX_IOZ_RANK3,,AUD
WS:XASX:SGH,AU0000364754,XASX,SGH,SGH,ORDINARY,Industrials,SP_ASX_200,ADMIT,iShares_IOZ,3,03-Sept-2026,ASX200_ORDINARY_XASX_IOZ_RANK3,,AUD
WS:XASX:RMS,AU000000RMS4,XASX,RMS,RAMELIUS RESOURCES,ORDINARY,Materials,SP_ASX_200,ADMIT,iShares_IOZ,3,03-Sept-2026,ASX200_ORDINARY_XASX_IOZ_RANK3,,AUD
WS:XASX:CMM,AU000000CMM9,XASX,CMM,CAPRICORN METALS LTD DEF,ORDINARY,Materials,SP_ASX_200,ADMIT,iShares_IOZ,3,03-Sept-2026,ASX200_ORDINARY_XASX_IOZ_RANK3,,AUD
WS:XASX:MGR,AU000000MGR9,XASX,MGR,MIRVAC GROUP STAPLED UNITS,A_REIT,Real Estate,SP_ASX_200,REVIEW,iShares_IOZ,3,03-Sept-2026,REVIEW_AREIT,REVIEW_AREIT,AUD
WS:XASX:JBH,AU000000JBH7,XASX,JBH,JB HI-FI LTD,ORDINARY,Consumer Discretionary,SP_ASX_200,ADMIT,iShares_IOZ,3,03-Sept-2026,ASX200_ORDINARY_XASX_IOZ_RANK3,,AUD
WS:XASX:FPH,NZFAPE0001S2,XASX,FPH,FISHER AND PAYKEL HEALTHCARE CORPO,ORDINARY,Health Care,SP_ASX_200,REVIEW,iShares_IOZ,3,03-Sept-2026,REVIEW_FOREIGN_ORDINARY,REVIEW_FOREIGN_ORDINARY,AUD
WS:XASX:WHC,AU000000WHC8,XASX,WHC,WHITEHAVEN COAL,ORDINARY,Energy,SP_ASX_200,ADMIT,iShares_IOZ,3,03-Sept-2026,ASX200_ORDINARY_XASX_IOZ_RANK3,,AUD
WS:XASX:VAU,AU0000355588,XASX,VAU,VAULT MINERALS,ORDINARY,Materials,SP_ASX_200,ADMIT,iShares_IOZ,3,03-Sept-2026,ASX200_ORDINARY_XASX_IOZ_RANK3,,AUD
WS:XASX:RRL,AU000000RRL8,XASX,RRL,REGIS RESOURCES,ORDINARY,Materials,SP_ASX_200,ADMIT,iShares_IOZ,3,03-Sept-2026,ASX200_ORDINARY_XASX_IOZ_RANK3,,AUD
WS:XASX:SDF,AU000000SDF8,XASX,SDF,STEADFAST GROUP LTD,ORDINARY,Financials,SP_ASX_200,ADMIT,iShares_IOZ,3,03-Sept-2026,ASX200_ORDINARY_XASX_IOZ_RANK3,,AUD
WS:XASX:AZJ,AU000000AZJ1,XASX,AZJ,AURIZON HOLDINGS,ORDINARY,Industrials,SP_ASX_200,ADMIT,iShares_IOZ,3,03-Sept-2026,ASX200_ORDINARY_XASX_IOZ_RANK3,,AUD
WS:XASX:DNL,AU0000390544,XASX,DNL,DYNO NOBEL,ORDINARY,Materials,SP_ASX_200,ADMIT,iShares_IOZ,3,03-Sept-2026,ASX200_ORDINARY_XASX_IOZ_RANK3,,AUD
WS:XASX:AMP,AU000000AMP6,XASX,AMP,AMP LTD,ORDINARY,Financials,SP_ASX_200,ADMIT,iShares_IOZ,3,03-Sept-2026,ASX200_ORDINARY_XASX_IOZ_RANK3,,AUD
WS:XASX:DXS,AU000000DXS1,XASX,DXS,DEXUS STAPLED UNITS,A_REIT,Real Estate,SP_ASX_200,REVIEW,iShares_IOZ,3,03-Sept-2026,REVIEW_AREIT,REVIEW_AREIT,AUD
WS:XASX:BEN,AU000000BEN6,XASX,BEN,BENDIGO AND ADELAIDE BANK,ORDINARY,Financials,SP_ASX_200,ADMIT,iShares_IOZ,3,03-Sept-2026,ASX200_ORDINARY_XASX_IOZ_RANK3,,AUD
WS:XASX:HUB,AU000000HUB4,XASX,HUB,HUB24,ORDINARY,Financials,SP_ASX_200,ADMIT,iShares_IOZ,3,03-Sept-2026,ASX200_ORDINARY_XASX_IOZ_RANK3,,AUD
WS:XASX:GGP,AU0000397705,XASX,GGP,GREATLAND RESOURCES LTD,ORDINARY,Materials,SP_ASX_200,ADMIT,iShares_IOZ,3,03-Sept-2026,ASX200_ORDINARY_XASX_IOZ_RANK3,,AUD
WS:XASX:ANN,AU000000ANN9,XASX,ANN,ANSELL,ORDINARY,Health Care,SP_ASX_200,ADMIT,iShares_IOZ,3,03-Sept-2026,ASX200_ORDINARY_XASX_IOZ_RANK3,,AUD
WS:XASX:WGX,AU000000WGX6,XASX,WGX,WESTGOLD RESOURCES,ORDINARY,Materials,SP_ASX_200,ADMIT,iShares_IOZ,3,03-Sept-2026,ASX200_ORDINARY_XASX_IOZ_RANK3,,AUD
WS:XASX:IGO,AU000000IGO4,XASX,IGO,IGO,ORDINARY,Materials,SP_ASX_200,ADMIT,iShares_IOZ,3,03-Sept-2026,ASX200_ORDINARY_XASX_IOZ_RANK3,,AUD
WS:XASX:CWY,AU000000CWY3,XASX,CWY,CLEANAWAY WASTE MANAGEMENT,ORDINARY,Industrials,SP_ASX_200,ADMIT,iShares_IOZ,3,03-Sept-2026,ASX200_ORDINARY_XASX_IOZ_RANK3,,AUD
WS:XASX:CDA,AU000000CDA3,XASX,CDA,CODAN,ORDINARY,Information Technology,SP_ASX_200,ADMIT,iShares_IOZ,3,03-Sept-2026,ASX200_ORDINARY_XASX_IOZ_RANK3,,AUD
WS:XASX:CGF,AU000000CGF5,XASX,CGF,CHALLENGER,ORDINARY,Financials,SP_ASX_200,ADMIT,iShares_IOZ,3,03-Sept-2026,ASX200_ORDINARY_XASX_IOZ_RANK3,,AUD
WS:XASX:AGL,AU000000AGL7,XASX,AGL,AGL ENERGY LTD,ORDINARY,Utilities,SP_ASX_200,ADMIT,iShares_IOZ,3,03-Sept-2026,ASX200_ORDINARY_XASX_IOZ_RANK3,,AUD
WS:XASX:PDN,AU000000PDN8,XASX,PDN,PALADIN ENERGY LTD,ORDINARY,Energy,SP_ASX_200,ADMIT,iShares_IOZ,3,03-Sept-2026,ASX200_ORDINARY_XASX_IOZ_RANK3,,AUD
WS:XASX:EDV,AU0000154833,XASX,EDV,ENDEAVOUR GROUP LTD,ORDINARY,Consumer Staples,SP_ASX_200,ADMIT,iShares_IOZ,3,03-Sept-2026,ASX200_ORDINARY_XASX_IOZ_RANK3,,AUD
WS:XASX:SEK,AU000000SEK6,XASX,SEK,SEEK,ORDINARY,Communication,SP_ASX_200,ADMIT,iShares_IOZ,3,03-Sept-2026,ASX200_ORDINARY_XASX_IOZ_RANK3,,AUD
WS:XASX:A2M,NZATME0002S8,XASX,A2M,THE A2 MILK COMPANY,ORDINARY,Consumer Staples,SP_ASX_200,REVIEW,iShares_IOZ,3,03-Sept-2026,REVIEW_FOREIGN_ORDINARY,REVIEW_FOREIGN_ORDINARY,AUD
WS:XASX:TLX,AU000000TLX2,XASX,TLX,TELIX PHARMACEUTICALS,ORDINARY,Health Care,SP_ASX_200,ADMIT,iShares_IOZ,3,03-Sept-2026,ASX200_ORDINARY_XASX_IOZ_RANK3,,AUD
WS:XASX:VNT,AU0000184459,XASX,VNT,VENTIA SERVICES GROUP LTD,ORDINARY,Industrials,SP_ASX_200,ADMIT,iShares_IOZ,3,03-Sept-2026,ASX200_ORDINARY_XASX_IOZ_RANK3,,AUD
WS:XASX:WOR,AU000000WOR2,XASX,WOR,WORLEY,ORDINARY,Industrials,SP_ASX_200,ADMIT,iShares_IOZ,3,03-Sept-2026,ASX200_ORDINARY_XASX_IOZ_RANK3,,AUD
WS:XASX:XYZ,AU0000380420,XASX,XYZ,BLOCK CDI,CDI,Financials,SP_ASX_200,EXCLUDE,iShares_IOZ,3,03-Sept-2026,CDI,,AUD
WS:XASX:BOQ,AU000000BOQ8,XASX,BOQ,BANK OF QUEENSLAND,ORDINARY,Financials,SP_ASX_200,ADMIT,iShares_IOZ,3,03-Sept-2026,ASX200_ORDINARY_XASX_IOZ_RANK3,,AUD
WS:XASX:TWE,AU000000TWE9,XASX,TWE,TREASURY WINE ESTATES LTD,ORDINARY,Consumer Staples,SP_ASX_200,ADMIT,iShares_IOZ,3,03-Sept-2026,ASX200_ORDINARY_XASX_IOZ_RANK3,,AUD
WS:XASX:WAF,AU000000WAF6,XASX,WAF,WEST AFRICAN RESOURCES LTD,ORDINARY,Materials,SP_ASX_200,ADMIT,iShares_IOZ,3,03-Sept-2026,ASX200_ORDINARY_XASX_IOZ_RANK3,,AUD
WS:XASX:DOW,AU000000DOW2,XASX,DOW,DOWNER EDI,ORDINARY,Industrials,SP_ASX_200,ADMIT,iShares_IOZ,3,03-Sept-2026,ASX200_ORDINARY_XASX_IOZ_RANK3,,AUD
WS:XASX:APE,AU000000APE3,XASX,APE,EAGERS AUTOMOTIVE,ORDINARY,Consumer Discretionary,SP_ASX_200,ADMIT,iShares_IOZ,3,03-Sept-2026,ASX200_ORDINARY_XASX_IOZ_RANK3,,AUD
WS:XASX:EMR,AU000000EMR4,XASX,EMR,EMERALD RESOURCES,ORDINARY,Materials,SP_ASX_200,ADMIT,iShares_IOZ,3,03-Sept-2026,ASX200_ORDINARY_XASX_IOZ_RANK3,,AUD
WS:XASX:SGM,AU000000SGM7,XASX,SGM,SIMS,ORDINARY,Materials,SP_ASX_200,ADMIT,iShares_IOZ,3,03-Sept-2026,ASX200_ORDINARY_XASX_IOZ_RANK3,,AUD
WS:XASX:MP1,AU000000MP15,XASX,MP1,MEGAPORT,ORDINARY,Information Technology,SP_ASX_200,ADMIT,iShares_IOZ,3,03-Sept-2026,ASX200_ORDINARY_XASX_IOZ_RANK3,,AUD
WS:XASX:AUB,AU000000AUB9,XASX,AUB,AUB GROUP LTD,ORDINARY,Financials,SP_ASX_200,ADMIT,iShares_IOZ,3,03-Sept-2026,ASX200_ORDINARY_XASX_IOZ_RANK3,,AUD
WS:XASX:REH,AU000000REH4,XASX,REH,REECE,ORDINARY,Industrials,SP_ASX_200,ADMIT,iShares_IOZ,3,03-Sept-2026,ASX200_ORDINARY_XASX_IOZ_RANK3,,AUD
WS:XASX:NWH,AU000000NWH5,XASX,NWH,NRW HOLDINGS,ORDINARY,Industrials,SP_ASX_200,ADMIT,iShares_IOZ,3,03-Sept-2026,ASX200_ORDINARY_XASX_IOZ_RANK3,,AUD
WS:XASX:VEA,AU0000016875,XASX,VEA,VIVA ENERGY GROUP,ORDINARY,Energy,SP_ASX_200,ADMIT,iShares_IOZ,3,03-Sept-2026,ASX200_ORDINARY_XASX_IOZ_RANK3,,AUD
WS:XASX:PDIDB,AU0000480329,XASX,PDIDB,PREDICTIVE DISCOVERY DEF,ORDINARY,Materials,SP_ASX_200,ADMIT,iShares_IOZ,3,03-Sept-2026,ASX200_ORDINARY_XASX_IOZ_RANK3,,AUD
WS:XASX:360,AU0000045098,XASX,360,LIFE360 INC. CDI,CDI,Information Technology,SP_ASX_200,EXCLUDE,iShares_IOZ,3,03-Sept-2026,CDI,,AUD
WS:XASX:MTS,AU000000MTS0,XASX,MTS,METCASH,ORDINARY,Consumer Staples,SP_ASX_200,ADMIT,iShares_IOZ,3,03-Sept-2026,ASX200_ORDINARY_XASX_IOZ_RANK3,,AUD
WS:XASX:NHF,AU000000NHF0,XASX,NHF,NIB HOLDINGS LTD,ORDINARY,Financials,SP_ASX_200,ADMIT,iShares_IOZ,3,03-Sept-2026,ASX200_ORDINARY_XASX_IOZ_RANK3,,AUD
WS:XASX:BRG,AU000000BRG2,XASX,BRG,BREVILLE GROUP,ORDINARY,Consumer Discretionary,SP_ASX_200,ADMIT,iShares_IOZ,3,03-Sept-2026,ASX200_ORDINARY_XASX_IOZ_RANK3,,AUD
WS:XASX:NHC,AU000000NHC7,XASX,NHC,NEW HOPE CORPORATION LTD,ORDINARY,Energy,SP_ASX_200,ADMIT,iShares_IOZ,3,03-Sept-2026,ASX200_ORDINARY_XASX_IOZ_RANK3,,AUD
WS:XASX:CNU,NZCNUE0001S2,XASX,CNU,CHORUS,ORDINARY,Communication,SP_ASX_200,REVIEW,iShares_IOZ,3,03-Sept-2026,REVIEW_FOREIGN_ORDINARY,REVIEW_FOREIGN_ORDINARY,AUD
WS:XASX:RWC,AU000000RWC7,XASX,RWC,RELIANCE WORLDWIDE CORPORATION,ORDINARY,Industrials,SP_ASX_200,ADMIT,iShares_IOZ,3,03-Sept-2026,ASX200_ORDINARY_XASX_IOZ_RANK3,,AUD
WS:XASX:RSG,AU000000RSG6,XASX,RSG,RESOLUTE MINING,ORDINARY,Materials,SP_ASX_200,ADMIT,iShares_IOZ,3,03-Sept-2026,ASX200_ORDINARY_XASX_IOZ_RANK3,,AUD
WS:XASX:ZIP,AU0000218307,XASX,ZIP,ZIP CO,ORDINARY,Financials,SP_ASX_200,ADMIT,iShares_IOZ,3,03-Sept-2026,ASX200_ORDINARY_XASX_IOZ_RANK3,,AUD
WS:XASX:ILU,AU000000ILU1,XASX,ILU,ILUKA RESOURCES,ORDINARY,Materials,SP_ASX_200,ADMIT,iShares_IOZ,3,03-Sept-2026,ASX200_ORDINARY_XASX_IOZ_RANK3,,AUD
WS:XASX:MND,AU000000MND5,XASX,MND,MONADELPHOUS GROUP,ORDINARY,Industrials,SP_ASX_200,ADMIT,iShares_IOZ,3,03-Sept-2026,ASX200_ORDINARY_XASX_IOZ_RANK3,,AUD
WS:XASX:PNI,AU000000PNI7,XASX,PNI,PINNACLE INVESTMENT MANAGEMENT GRO,ORDINARY,Financials,SP_ASX_200,ADMIT,iShares_IOZ,3,03-Sept-2026,ASX200_ORDINARY_XASX_IOZ_RANK3,,AUD
WS:XASX:AIA,NZAIAE0002S6,XASX,AIA,AUCKLAND INTERNATIONAL AIRPORT,ORDINARY,Industrials,SP_ASX_200,REVIEW,iShares_IOZ,3,03-Sept-2026,REVIEW_FOREIGN_ORDINARY,REVIEW_FOREIGN_ORDINARY,AUD
WS:XASX:LTR,AU000000LTR4,XASX,LTR,LIONTOWN LTD,ORDINARY,Materials,SP_ASX_200,ADMIT,iShares_IOZ,3,03-Sept-2026,ASX200_ORDINARY_XASX_IOZ_RANK3,,AUD
WS:XASX:CSC,AU0000318552,XASX,CSC,CAPSTONE COPPER CORP CDI,CDI,Materials,SP_ASX_200,EXCLUDE,iShares_IOZ,3,03-Sept-2026,CDI,,AUD
WS:XASX:DBI,AU0000120628,XASX,DBI,DALRYMPLE BAY INFRASTRUCTURE STAPL,ORDINARY,Industrials,SP_ASX_200,ADMIT,iShares_IOZ,3,03-Sept-2026,ASX200_ORDINARY_XASX_IOZ_RANK3,,AUD
WS:XASX:AAI,AU0000339426,XASX,AAI,ALCOA CORPORATION CDI CORP,CDI,Materials,SP_ASX_200,EXCLUDE,iShares_IOZ,3,03-Sept-2026,CDI,,AUD
WS:XASX:NWL,AU000000NWL7,XASX,NWL,NETWEALTH GROUP LTD,ORDINARY,Financials,SP_ASX_200,ADMIT,iShares_IOZ,3,03-Sept-2026,ASX200_ORDINARY_XASX_IOZ_RANK3,,AUD
WS:XASX:NEU,NZNEUE0001S8,XASX,NEU,NEUREN PHARMACEUTICALS,ORDINARY,Health Care,SP_ASX_200,REVIEW,iShares_IOZ,3,03-Sept-2026,REVIEW_FOREIGN_ORDINARY,REVIEW_FOREIGN_ORDINARY,AUD
WS:XASX:RGN,AU0000253502,XASX,RGN,REGION GROUP STAPLED UNITS LTD,A_REIT,Real Estate,SP_ASX_200,REVIEW,iShares_IOZ,3,03-Sept-2026,REVIEW_AREIT,REVIEW_AREIT,AUD
WS:XASX:BGL,AU0000019374,XASX,BGL,BELLEVUE GOLD,ORDINARY,Materials,SP_ASX_200,ADMIT,iShares_IOZ,3,03-Sept-2026,ASX200_ORDINARY_XASX_IOZ_RANK3,,AUD
WS:XASX:SRG,AU0000032914,XASX,SRG,SRG LTD,ORDINARY,Industrials,SP_ASX_200,ADMIT,iShares_IOZ,3,03-Sept-2026,ASX200_ORDINARY_XASX_IOZ_RANK3,,AUD
WS:XASX:YAL,AU000000YAL0,XASX,YAL,YANCOAL AUSTRALIA LTD,ORDINARY,Energy,SP_ASX_200,ADMIT,iShares_IOZ,3,03-Sept-2026,ASX200_ORDINARY_XASX_IOZ_RANK3,,AUD
WS:XASX:HVN,AU000000HVN7,XASX,HVN,HARVEY NORMAN HOLDINGS LTD,ORDINARY,Consumer Discretionary,SP_ASX_200,ADMIT,iShares_IOZ,3,03-Sept-2026,ASX200_ORDINARY_XASX_IOZ_RANK3,,AUD
WS:XASX:MSB,AU000000MSB8,XASX,MSB,MESOBLAST,ORDINARY,Health Care,SP_ASX_200,ADMIT,iShares_IOZ,3,03-Sept-2026,ASX200_ORDINARY_XASX_IOZ_RANK3,,AUD
WS:XASX:BWP,AU000000BWP3,XASX,BWP,BWP GROUP STAPLED UNITS TRUST,A_REIT,Real Estate,SP_ASX_200,REVIEW,iShares_IOZ,3,03-Sept-2026,REVIEW_AREIT,REVIEW_AREIT,AUD
WS:XASX:CLW,AU000000CLW0,XASX,CLW,CHARTER HALL LONG WALE REIT STAPLE,A_REIT,Real Estate,SP_ASX_200,REVIEW,iShares_IOZ,3,03-Sept-2026,REVIEW_AREIT,REVIEW_AREIT,AUD
WS:XASX:SUL,AU000000SUL0,XASX,SUL,SUPER RETAIL GROUP,ORDINARY,Consumer Discretionary,SP_ASX_200,ADMIT,iShares_IOZ,3,03-Sept-2026,ASX200_ORDINARY_XASX_IOZ_RANK3,,AUD
WS:XASX:PRN,AU0000061897,XASX,PRN,PERENTI LTD,ORDINARY,Materials,SP_ASX_200,ADMIT,iShares_IOZ,3,03-Sept-2026,ASX200_ORDINARY_XASX_IOZ_RANK3,,AUD
WS:XASX:OBM,AU0000050130,XASX,OBM,ORA BANDA MINING LTD,ORDINARY,Materials,SP_ASX_200,ADMIT,iShares_IOZ,3,03-Sept-2026,ASX200_ORDINARY_XASX_IOZ_RANK3,,AUD
WS:XASX:ALX,AU0000013559,XASX,ALX,ATLAS ARTERIA STAPLED UNITS,STAPLED,Industrials,SP_ASX_200,REVIEW,iShares_IOZ,3,03-Sept-2026,REVIEW_STAPLED,REVIEW_STAPLED,AUD
WS:XASX:NIC,AU0000018236,XASX,NIC,NICKEL INDUSTRIES,ORDINARY,Materials,SP_ASX_200,ADMIT,iShares_IOZ,3,03-Sept-2026,ASX200_ORDINARY_XASX_IOZ_RANK3,,AUD
WS:XASX:HDN,AU0000113136,XASX,HDN,HOMECO DAILY NEEDS UNITS,A_REIT,Real Estate,SP_ASX_200,REVIEW,iShares_IOZ,3,03-Sept-2026,REVIEW_AREIT,REVIEW_AREIT,AUD
WS:XASX:ALK,AU000000ALK9,XASX,ALK,ALKANE RESOURCES LTD,ORDINARY,Materials,SP_ASX_200,ADMIT,iShares_IOZ,3,03-Sept-2026,ASX200_ORDINARY_XASX_IOZ_RANK3,,AUD
WS:XASX:TAH,AU000000TAH8,XASX,TAH,TABCORP HOLDINGS,ORDINARY,Consumer Discretionary,SP_ASX_200,ADMIT,iShares_IOZ,3,03-Sept-2026,ASX200_ORDINARY_XASX_IOZ_RANK3,,AUD
WS:XASX:NWS,AU000000NWS2,XASX,NWS,NEWS CORPORATION CLASS B VOTING CD,ORDINARY,Communication,SP_ASX_200,ADMIT,iShares_IOZ,3,03-Sept-2026,ASX200_ORDINARY_XASX_IOZ_RANK3,,AUD
WS:XASX:PPT,AU000000PPT9,XASX,PPT,PERPETUAL,ORDINARY,Financials,SP_ASX_200,ADMIT,iShares_IOZ,3,03-Sept-2026,ASX200_ORDINARY_XASX_IOZ_RANK3,,AUD
WS:XASX:FLT,AU000000FLT9,XASX,FLT,FLIGHT CENTRE TRAVEL GROUP LTD,ORDINARY,Consumer Discretionary,SP_ASX_200,ADMIT,iShares_IOZ,3,03-Sept-2026,ASX200_ORDINARY_XASX_IOZ_RANK3,,AUD
WS:XASX:CQR,AU000000CQR9,XASX,CQR,CHARTER HALL RETAIL UNITS,A_REIT,Real Estate,SP_ASX_200,REVIEW,iShares_IOZ,3,03-Sept-2026,REVIEW_AREIT,REVIEW_AREIT,AUD
WS:XASX:LLC,AU000000LLC3,XASX,LLC,LENDLEASE GROUP STAPLED UNITS,A_REIT,Real Estate,SP_ASX_200,REVIEW,iShares_IOZ,3,03-Sept-2026,REVIEW_AREIT,REVIEW_AREIT,AUD
WS:XASX:NXG,AU0000159329,XASX,NXG,NEXGEN ENERGY (CANADA) CDI,CDI,Energy,SP_ASX_200,EXCLUDE,iShares_IOZ,3,03-Sept-2026,CDI,,AUD
WS:XASX:ORA,AU000000ORA8,XASX,ORA,ORORA,ORDINARY,Materials,SP_ASX_200,ADMIT,iShares_IOZ,3,03-Sept-2026,ASX200_ORDINARY_XASX_IOZ_RANK3,,AUD
WS:XASX:CYL,AU000000CYL6,XASX,CYL,CATALYST METALS LTD,ORDINARY,Materials,SP_ASX_200,ADMIT,iShares_IOZ,3,03-Sept-2026,ASX200_ORDINARY_XASX_IOZ_RANK3,,AUD
WS:XASX:DRR,AU0000107484,XASX,DRR,DETERRA ROYALTIES,ORDINARY,Materials,SP_ASX_200,ADMIT,iShares_IOZ,3,03-Sept-2026,ASX200_ORDINARY_XASX_IOZ_RANK3,,AUD
WS:XASX:IMD,AU000000IMD5,XASX,IMD,IMDEX LTD,ORDINARY,Materials,SP_ASX_200,ADMIT,iShares_IOZ,3,03-Sept-2026,ASX200_ORDINARY_XASX_IOZ_RANK3,,AUD
WS:XASX:4DX,AU0000095416,XASX,4DX,4DMEDICAL,ORDINARY,Health Care,SP_ASX_200,ADMIT,iShares_IOZ,3,03-Sept-2026,ASX200_ORDINARY_XASX_IOZ_RANK3,,AUD
WS:XASX:IFT,NZIFTE0003S3,XASX,IFT,INFRATIL LTD,ORDINARY,Financials,SP_ASX_200,REVIEW,iShares_IOZ,3,03-Sept-2026,REVIEW_FOREIGN_ORDINARY,REVIEW_FOREIGN_ORDINARY,AUD
WS:XASX:TPG,AU0000090128,XASX,TPG,TPG TELECOM,ORDINARY,Communication,SP_ASX_200,ADMIT,iShares_IOZ,3,03-Sept-2026,ASX200_ORDINARY_XASX_IOZ_RANK3,,AUD
WS:XASX:DTL,AU000000DTL4,XASX,DTL,DATA#3 LTD,ORDINARY,Information Technology,SP_ASX_200,ADMIT,iShares_IOZ,3,03-Sept-2026,ASX200_ORDINARY_XASX_IOZ_RANK3,,AUD
WS:XASX:BGA,AU000000BGA8,XASX,BGA,BEGA CHEESE,ORDINARY,Consumer Staples,SP_ASX_200,ADMIT,iShares_IOZ,3,03-Sept-2026,ASX200_ORDINARY_XASX_IOZ_RANK3,,AUD
WS:XASX:MI6,AU0000173486,XASX,MI6,MINERALS 260 LTD,ORDINARY,Materials,SP_ASX_200,ADMIT,iShares_IOZ,3,03-Sept-2026,ASX200_ORDINARY_XASX_IOZ_RANK3,,AUD
WS:XASX:DYL,AU000000DYL4,XASX,DYL,DEEP YELLOW,ORDINARY,Energy,SP_ASX_200,ADMIT,iShares_IOZ,3,03-Sept-2026,ASX200_ORDINARY_XASX_IOZ_RANK3,,AUD
WS:XASX:FBU,NZFBUE0001S0,XASX,FBU,FLETCHER BUILDING,ORDINARY,Industrials,SP_ASX_200,REVIEW,iShares_IOZ,3,03-Sept-2026,REVIEW_FOREIGN_ORDINARY,REVIEW_FOREIGN_ORDINARY,AUD
WS:XASX:CIP,AU000000CIP0,XASX,CIP,CENTURIA INDUSTR UNITS,A_REIT,Real Estate,SP_ASX_200,REVIEW,iShares_IOZ,3,03-Sept-2026,REVIEW_AREIT,REVIEW_AREIT,AUD
WS:XASX:EOS,AU000000EOS8,XASX,EOS,ELECTRO OPTIC SYSTEMS HOLDINGS,ORDINARY,Industrials,SP_ASX_200,ADMIT,iShares_IOZ,3,03-Sept-2026,ASX200_ORDINARY_XASX_IOZ_RANK3,,AUD
WS:XASX:GNC,AU000000GNC9,XASX,GNC,GRAINCORP CLASS A,ORDINARY,Consumer Staples,SP_ASX_200,ADMIT,iShares_IOZ,3,03-Sept-2026,ASX200_ORDINARY_XASX_IOZ_RANK3,,AUD
WS:XASX:DRO,AU000000DRO2,XASX,DRO,DRONESHIELD,ORDINARY,Industrials,SP_ASX_200,ADMIT,iShares_IOZ,3,03-Sept-2026,ASX200_ORDINARY_XASX_IOZ_RANK3,,AUD
WS:XASX:EVT,AU000000EVT1,XASX,EVT,EVT LTD,ORDINARY,Communication,SP_ASX_200,ADMIT,iShares_IOZ,3,03-Sept-2026,ASX200_ORDINARY_XASX_IOZ_RANK3,,AUD
WS:XASX:WPR,AU0000088064,XASX,WPR,WAYPOINT REIT STAPLED UNIT LTD,A_REIT,Real Estate,SP_ASX_200,REVIEW,iShares_IOZ,3,03-Sept-2026,REVIEW_AREIT,REVIEW_AREIT,AUD
WS:XASX:LOV,AU000000LOV7,XASX,LOV,LOVISA HOLDINGS,ORDINARY,Consumer Discretionary,SP_ASX_200,ADMIT,iShares_IOZ,3,03-Sept-2026,ASX200_ORDINARY_XASX_IOZ_RANK3,,AUD
WS:XASX:CIA,AU000000CIA2,XASX,CIA,CHAMPION IRON LTD,ORDINARY,Materials,SP_ASX_200,ADMIT,iShares_IOZ,3,03-Sept-2026,ASX200_ORDINARY_XASX_IOZ_RANK3,,AUD
WS:XASX:INA,AU000000INA9,XASX,INA,INGENIA COMMUNITIES GROUP STAPLED,A_REIT,Real Estate,SP_ASX_200,REVIEW,iShares_IOZ,3,03-Sept-2026,REVIEW_AREIT,REVIEW_AREIT,AUD
WS:XASX:ARB,AU000000ARB5,XASX,ARB,ARB CORPORATION,ORDINARY,Consumer Discretionary,SP_ASX_200,ADMIT,iShares_IOZ,3,03-Sept-2026,ASX200_ORDINARY_XASX_IOZ_RANK3,,AUD
WS:XASX:SLC,AU000000SLC8,XASX,SLC,SUPERLOOP,ORDINARY,Communication,SP_ASX_200,ADMIT,iShares_IOZ,3,03-Sept-2026,ASX200_ORDINARY_XASX_IOZ_RANK3,,AUD
WS:XASX:KCN,AU000000KCN1,XASX,KCN,KINGSGATE CONSOLIDATED,ORDINARY,Materials,SP_ASX_200,ADMIT,iShares_IOZ,3,03-Sept-2026,ASX200_ORDINARY_XASX_IOZ_RANK3,,AUD
WS:XASX:MFG,AU000000MFG4,XASX,MFG,MAGELLAN FINANCIAL GROUP LTD,ORDINARY,Financials,SP_ASX_200,ADMIT,iShares_IOZ,3,03-Sept-2026,ASX200_ORDINARY_XASX_IOZ_RANK3,,AUD
WS:XASX:HLI,AU0000251498,XASX,HLI,HELIA GROUP LTD,ORDINARY,Financials,SP_ASX_200,ADMIT,iShares_IOZ,3,03-Sept-2026,ASX200_ORDINARY_XASX_IOZ_RANK3,,AUD
WS:XASX:DVP,AU0000179707,XASX,DVP,DEVELOP GLOBAL,ORDINARY,Materials,SP_ASX_200,ADMIT,iShares_IOZ,3,03-Sept-2026,ASX200_ORDINARY_XASX_IOZ_RANK3,,AUD
WS:XASX:BPT,AU000000BPT9,XASX,BPT,BEACH ENERGY,ORDINARY,Energy,SP_ASX_200,ADMIT,iShares_IOZ,3,03-Sept-2026,ASX200_ORDINARY_XASX_IOZ_RANK3,,AUD
WS:XASX:DMP,AU000000DMP0,XASX,DMP,DOMINOS PIZZA ENTERPRISES,ORDINARY,Consumer Discretionary,SP_ASX_200,ADMIT,iShares_IOZ,3,03-Sept-2026,ASX200_ORDINARY_XASX_IOZ_RANK3,,AUD
WS:XASX:FFM,AU0000313769,XASX,FFM,FIREFLY METALS LTD,ORDINARY,Materials,SP_ASX_200,ADMIT,iShares_IOZ,3,03-Sept-2026,ASX200_ORDINARY_XASX_IOZ_RANK3,,AUD
WS:XASX:ELV,AU0000421851,XASX,ELV,ELEVRA LITHIUM LTD,ORDINARY,Materials,SP_ASX_200,ADMIT,iShares_IOZ,3,03-Sept-2026,ASX200_ORDINARY_XASX_IOZ_RANK3,,AUD
WS:XASX:ASB,AU000000ASB3,XASX,ASB,AUSTAL LTD,ORDINARY,Industrials,SP_ASX_200,ADMIT,iShares_IOZ,3,03-Sept-2026,ASX200_ORDINARY_XASX_IOZ_RANK3,,AUD
WS:XASX:NEC,AU000000NEC4,XASX,NEC,NINE ENTERTAINMENT CO HOLDINGS,ORDINARY,Communication,SP_ASX_200,ADMIT,iShares_IOZ,3,03-Sept-2026,ASX200_ORDINARY_XASX_IOZ_RANK3,,AUD
WS:XASX:KAR,AU000000KAR6,XASX,KAR,KAROON ENERGY LTD,ORDINARY,Energy,SP_ASX_200,ADMIT,iShares_IOZ,3,03-Sept-2026,ASX200_ORDINARY_XASX_IOZ_RANK3,,AUD
WS:XASX:ELD,AU000000ELD6,XASX,ELD,ELDERS,ORDINARY,Consumer Staples,SP_ASX_200,ADMIT,iShares_IOZ,3,03-Sept-2026,ASX200_ORDINARY_XASX_IOZ_RANK3,,AUD
WS:XASX:SLX,AU000000SLX4,XASX,SLX,SILEX SYSTEMS,ORDINARY,Industrials,SP_ASX_200,ADMIT,iShares_IOZ,3,03-Sept-2026,ASX200_ORDINARY_XASX_IOZ_RANK3,,AUD
WS:XASX:JDO,AU0000182271,XASX,JDO,JUDO CAPITAL HOLDINGS LTD,ORDINARY,Financials,SP_ASX_200,ADMIT,iShares_IOZ,3,03-Sept-2026,ASX200_ORDINARY_XASX_IOZ_RANK3,,AUD
WS:XASX:NCK,AU000000NCK1,XASX,NCK,NICK SCALI,ORDINARY,Consumer Discretionary,SP_ASX_200,ADMIT,iShares_IOZ,3,03-Sept-2026,ASX200_ORDINARY_XASX_IOZ_RANK3,,AUD
WS:XASX:ABB,AU0000106643,XASX,ABB,AUSSIE BROADBAND,ORDINARY,Communication,SP_ASX_200,ADMIT,iShares_IOZ,3,03-Sept-2026,ASX200_ORDINARY_XASX_IOZ_RANK3,,AUD
WS:XASX:CNI,AU000000CNI5,XASX,CNI,CENTURIA CAPITAL STAPLED UNITS,A_REIT,Real Estate,SP_ASX_200,REVIEW,iShares_IOZ,3,03-Sept-2026,REVIEW_AREIT,REVIEW_AREIT,AUD
WS:XASX:PMV,AU000000PMV2,XASX,PMV,PREMIER INVESTMENTS,ORDINARY,Consumer Discretionary,SP_ASX_200,ADMIT,iShares_IOZ,3,03-Sept-2026,ASX200_ORDINARY_XASX_IOZ_RANK3,,AUD
WS:XASX:GDG,AU0000005126,XASX,GDG,GENERATION DEVELOPMENT GROUP LTD,ORDINARY,Financials,SP_ASX_200,ADMIT,iShares_IOZ,3,03-Sept-2026,ASX200_ORDINARY_XASX_IOZ_RANK3,,AUD
WS:XASX:VUL,AU0000066086,XASX,VUL,VULCAN ENERGY RESOURCES,ORDINARY,Materials,SP_ASX_200,ADMIT,iShares_IOZ,3,03-Sept-2026,ASX200_ORDINARY_XASX_IOZ_RANK3,,AUD
WS:XASX:IRE,AU000000IRE2,XASX,IRE,IRESS LTD,ORDINARY,Information Technology,SP_ASX_200,ADMIT,iShares_IOZ,3,03-Sept-2026,ASX200_ORDINARY_XASX_IOZ_RANK3,,AUD
WS:XASX:PXA,AU0000158594,XASX,PXA,PEXA GROUP LTD,A_REIT,Real Estate,SP_ASX_200,REVIEW,iShares_IOZ,3,03-Sept-2026,REVIEW_AREIT,REVIEW_AREIT,AUD
WS:XASX:PNR,AU000000PNR8,XASX,PNR,PANTORO GOLD LTD,ORDINARY,Materials,SP_ASX_200,ADMIT,iShares_IOZ,3,03-Sept-2026,ASX200_ORDINARY_XASX_IOZ_RANK3,,AUD
WS:XASX:GQG,AU0000180499,XASX,GQG,GQG PARTNERS INC. CDI INC,CDI,Financials,SP_ASX_200,EXCLUDE,iShares_IOZ,3,03-Sept-2026,CDI,,AUD
WS:XASX:IPX,AU0000208910,XASX,IPX,IPERIONX,ORDINARY,Materials,SP_ASX_200,ADMIT,iShares_IOZ,3,03-Sept-2026,ASX200_ORDINARY_XASX_IOZ_RANK3,,AUD
WS:XASX:ARF,AU000000ARF6,XASX,ARF,ARENA REIT STAPLED UNITS,A_REIT,Real Estate,SP_ASX_200,REVIEW,iShares_IOZ,3,03-Sept-2026,REVIEW_AREIT,REVIEW_AREIT,AUD
WS:XASX:TUA,AU0000089724,XASX,TUA,TUAS,ORDINARY,Communication,SP_ASX_200,ADMIT,iShares_IOZ,3,03-Sept-2026,ASX200_ORDINARY_XASX_IOZ_RANK3,,AUD
WS:XASX:CTD,AU000000CTD3,XASX,CTD,CORPORATE TRAVEL MANAGEMENT,ORDINARY,Consumer Discretionary,SP_ASX_200,ADMIT,iShares_IOZ,3,03-Sept-2026,ASX200_ORDINARY_XASX_IOZ_RANK3,,AUD
