WS_ID,Name,ISIN,Primary_MIC,Primary_Exchange,Primary_Ticker,Primary_Currency,Primary_Universe_Index,v0_39_Static_Symbol_Relation,v0_39_Diagnostic_Classification,Current_Yahoo_Symbol,Static_Candidate_Yahoo_Symbol,Proposed_Yahoo_Symbol,Provider_Listing_Type,Primary_Listing_Status,Provider_Symbol_Status,Corporate_Action_Status,Evidence_Status,Evidence_Confidence,Evidence_Primary_URL,Evidence_Provider_URL,Evidence_Secondary_URL,Evidence_Note,Evidence_AsOf_UTC,Decision,Needs_Price_Verification,Verified_Primary_Ticker,Verified_Share_Class,Research_Status
WS:XAMS:ABND.AS,,,XAMS,,ABNd.AS,EUR,,CASE_ONLY,CASE_NORMALIZATION_SUSPECT,ABNd.AS,ABND.AS,ABN.AS,PRIMARY,VERIFIED,VERIFIED,NONE,VERIFIED_PRIMARY_AND_PROVIDER,HIGH,https://live.euronext.com/el/product/equities/NL0011540547-XAMS/company-information,https://finance.yahoo.com/quote/ABN.AS/,https://www.abnamro.com/en/investor-relations/shareholders,"Euronext confirms ABN AMRO BANK N.V., ISIN NL0011540547 and XAMS listing. Official ABN AMRO IR confirms depositary receipts on Euronext Amsterdam and Reuters ticker ABNd.AS. Yahoo Finance confirms ABN.AS for the same ABN AMRO instrument. Primary ticker differs from source/provider RIC-style spelling; identity, share class and currency align; no collision or corporate action identified.",2026-09-02T19:20:00Z,CONFIRMED_PROVIDER_SYMBOL_CANDIDATE,YES,ABN,ordinary share represented by depositary receipts,RESEARCHED
WS:XAMS:AEGN.AS,,,XAMS,,AEGN.AS,EUR,,EXACT,EXACT_PROVIDER_SYMBOL_NO_DATA,AEGN.AS,AEGN.AS,,UNVERIFIED,UNVERIFIED,UNVERIFIED,UNVERIFIED,NOT_RESEARCHED,UNRESOLVED,,,,Evidence review scaffold; no provider/primary evidence asserted. Manual research required.,2026-09-02T18:17:22.110176+00:00,UNRESOLVED_MANUAL,NO,,,NOT_STARTED
WS:XAMS:AKZO.AS,,,XAMS,,AKZO.AS,EUR,,EXACT,EXACT_PROVIDER_SYMBOL_NO_DATA,AKZO.AS,AKZO.AS,,UNVERIFIED,UNVERIFIED,UNVERIFIED,UNVERIFIED,NOT_RESEARCHED,UNRESOLVED,,,,Evidence review scaffold; no provider/primary evidence asserted. Manual research required.,2026-09-02T18:17:22.110176+00:00,UNRESOLVED_MANUAL,NO,,,NOT_STARTED
WS:XAMS:ARDS.AS,,,XAMS,,ARDS.AS,EUR,,EXACT,EXACT_PROVIDER_SYMBOL_NO_DATA,ARDS.AS,ARDS.AS,,UNVERIFIED,UNVERIFIED,UNVERIFIED,UNVERIFIED,NOT_RESEARCHED,UNRESOLVED,,,,Evidence review scaffold; no provider/primary evidence asserted. Manual research required.,2026-09-02T18:17:22.110176+00:00,UNRESOLVED_MANUAL,NO,,,NOT_STARTED
WS:XAMS:ASMI.AS,,,XAMS,,ASMI.AS,EUR,,EXACT,EXACT_PROVIDER_SYMBOL_NO_DATA,ASMI.AS,ASMI.AS,,UNVERIFIED,UNVERIFIED,UNVERIFIED,UNVERIFIED,NOT_RESEARCHED,UNRESOLVED,,,,Evidence review scaffold; no provider/primary evidence asserted. Manual research required.,2026-09-02T18:17:22.110176+00:00,UNRESOLVED_MANUAL,NO,,,NOT_STARTED
WS:XAMS:BAMN.AS,,,XAMS,,BAMN.AS,EUR,,EXACT,EXACT_PROVIDER_SYMBOL_NO_DATA,BAMN.AS,BAMN.AS,,UNVERIFIED,UNVERIFIED,UNVERIFIED,UNVERIFIED,NOT_RESEARCHED,UNRESOLVED,,,,Evidence review scaffold; no provider/primary evidence asserted. Manual research required.,2026-09-02T18:17:22.110176+00:00,UNRESOLVED_MANUAL,NO,,,NOT_STARTED
WS:XAMS:EXOR.AS,,,XAMS,,EXOR.AS,EUR,,EXACT,EXACT_PROVIDER_SYMBOL_NO_DATA,EXOR.AS,EXOR.AS,,UNVERIFIED,UNVERIFIED,UNVERIFIED,UNVERIFIED,NOT_RESEARCHED,UNRESOLVED,,,,Evidence review scaffold; no provider/primary evidence asserted. Manual research required.,2026-09-02T18:17:22.110176+00:00,UNRESOLVED_MANUAL,NO,,,NOT_STARTED
WS:XAMS:MICCT.AS,,,XAMS,,MICCT.AS,EUR,,EXACT,EXACT_PROVIDER_SYMBOL_NO_DATA,MICCT.AS,MICCT.AS,,UNVERIFIED,UNVERIFIED,UNVERIFIED,UNVERIFIED,NOT_RESEARCHED,UNRESOLVED,,,,Evidence review scaffold; no provider/primary evidence asserted. Manual research required.,2026-09-02T18:17:22.110176+00:00,UNRESOLVED_MANUAL,NO,,,NOT_STARTED
WS:XAMS:PHG.AS,,,XAMS,,PHG.AS,EUR,,EXACT,EXACT_PROVIDER_SYMBOL_NO_DATA,PHG.AS,PHG.AS,,UNVERIFIED,UNVERIFIED,UNVERIFIED,UNVERIFIED,NOT_RESEARCHED,UNRESOLVED,,,,Evidence review scaffold; no provider/primary evidence asserted. Manual research required.,2026-09-02T18:17:22.110176+00:00,UNRESOLVED_MANUAL,NO,,,NOT_STARTED
WS:XAMS:SHEL.AS,,,XAMS,,SHEL.AS,EUR,,EXACT,EXACT_PROVIDER_SYMBOL_NO_DATA,SHEL.AS,SHEL.AS,,UNVERIFIED,UNVERIFIED,UNVERIFIED,UNVERIFIED,NOT_RESEARCHED,UNRESOLVED,,,,Evidence review scaffold; no provider/primary evidence asserted. Manual research required.,2026-09-02T18:17:22.110176+00:00,UNRESOLVED_MANUAL,NO,,,NOT_STARTED
WS:XAMS:VOPA.AS,,,XAMS,,VOPA.AS,EUR,,EXACT,EXACT_PROVIDER_SYMBOL_NO_DATA,VOPA.AS,VOPA.AS,,UNVERIFIED,UNVERIFIED,UNVERIFIED,UNVERIFIED,NOT_RESEARCHED,UNRESOLVED,,,,Evidence review scaffold; no provider/primary evidence asserted. Manual research required.,2026-09-02T18:17:22.110176+00:00,UNRESOLVED_MANUAL,NO,,,NOT_STARTED
WS:XBRU:AGES.BR,,,XBRU,,AGES.BR,EUR,,EXACT,EXACT_PROVIDER_SYMBOL_NO_DATA,AGES.BR,AGES.BR,,UNVERIFIED,UNVERIFIED,UNVERIFIED,UNVERIFIED,NOT_RESEARCHED,UNRESOLVED,,,,Evidence review scaffold; no provider/primary evidence asserted. Manual research required.,2026-09-02T18:17:22.110176+00:00,UNRESOLVED_MANUAL,NO,,,NOT_STARTED
WS:XBRU:AOO.BR,,,XBRU,,AOO.BR,EUR,,EXACT,EXACT_PROVIDER_SYMBOL_NO_DATA,AOO.BR,AOO.BR,,UNVERIFIED,UNVERIFIED,UNVERIFIED,UNVERIFIED,NOT_RESEARCHED,UNRESOLVED,,,,Evidence review scaffold; no provider/primary evidence asserted. Manual research required.,2026-09-02T18:17:22.110176+00:00,UNRESOLVED_MANUAL,NO,,,NOT_STARTED
WS:XBRU:IETB.BR,,,XBRU,,IETB.BR,EUR,,EXACT,EXACT_PROVIDER_SYMBOL_NO_DATA,IETB.BR,IETB.BR,,UNVERIFIED,UNVERIFIED,UNVERIFIED,UNVERIFIED,NOT_RESEARCHED,UNRESOLVED,,,,Evidence review scaffold; no provider/primary evidence asserted. Manual research required.,2026-09-02T18:17:22.110176+00:00,UNRESOLVED_MANUAL,NO,,,NOT_STARTED
WS:XBRU:WDPP.BR,,,XBRU,,WDPP.BR,EUR,,EXACT,EXACT_PROVIDER_SYMBOL_NO_DATA,WDPP.BR,WDPP.BR,,UNVERIFIED,UNVERIFIED,UNVERIFIED,UNVERIFIED,NOT_RESEARCHED,UNRESOLVED,,,,Evidence review scaffold; no provider/primary evidence asserted. Manual research required.,2026-09-02T18:17:22.110176+00:00,UNRESOLVED_MANUAL,NO,,,NOT_STARTED
WS:XCSE:ALKB.CO,,,XCSE,,ALKb.CO,DKK,,CASE_ONLY,CASE_NORMALIZATION_SUSPECT,ALKb.CO,ALKB.CO,ALK-B.CO,PRIMARY,VERIFIED,CURRENT_QUOTE_PAGE_FOUND_BUT_ALIAS_AMBIGUITY,SHARE_SPLIT_2022_ISIN_CHANGE_NOTATION_REVIEWED,PRIMARY_AND_PROVIDER_FOUND_ALIAS_REVIEW,MEDIUM,https://ir.alk.net/share-information,https://uk.finance.yahoo.com/quote/ALK-B.CO/,https://ir.alk-abello.com/news-releases/news-release-details/decision-complete-share-split-ratio-120,"Official ALK investor-relations share information identifies ALK-Abelló A/S, ISIN DK0061802139, Copenhagen listing. Official split notice confirms B shares and 2022 ISIN change; Yahoo exposes both ALK-B.CO and ALKB.CO aliases, so provider alias/current-symbol identity needs later price verification. No automatic mapping apply.",2026-09-02T19:35:00Z,CONFIRMED_CURRENT_SYMBOL_BUT_PRICE_VERIFY_REQUIRED,YES,ALK B,B shares,RESEARCHED
WS:XCSE:CARLB.CO,,,XCSE,,CARLb.CO,DKK,,CASE_ONLY,CASE_NORMALIZATION_SUSPECT,CARLb.CO,CARLB.CO,CARL-B.CO,PRIMARY,VERIFIED,VERIFIED,NONE,VERIFIED_PRIMARY_AND_PROVIDER,HIGH,https://www.carlsberggroup.com/investor-relations/shares/,https://finance.yahoo.com/quote/CARL-B.CO/,https://www.carlsberggroup.com/investor-relations/investor-home/faq/,"Carlsberg IR states Carlsberg A/S is listed on NASDAQ Copenhagen and identifies the B share series; its FAQ distinguishes A and B classes. Yahoo has a concrete CARL-B.CO quote page. The B share, Copenhagen primary listing, DKK currency and provider instrument correspond; no unresolved corporate action or collision. Source RIC-style CARLb.CO is retained in frozen fields; no mapping apply.",2026-09-02T20:10:00Z,CONFIRMED_PROVIDER_SYMBOL_CANDIDATE,YES,CARL B,B shares,RESEARCHED
WS:XCSE:COLOB.CO,,,XCSE,,COLOb.CO,DKK,,CASE_ONLY,CASE_NORMALIZATION_SUSPECT,COLOb.CO,COLOB.CO,COLO-B.CO,PRIMARY,VERIFIED,VERIFIED,NONE,VERIFIED_PRIMARY_AND_PROVIDER,HIGH,https://www.coloplast.com/investor-relations/investor-tools/share-information/,https://finance.yahoo.com/quote/COLO-B.CO/,https://www.nasdaq.com/european-market-activity/shares/colo-b?id=TX2198,"Coloplast IR share information identifies the Copenhagen B share; Nasdaq identifies Coloplast B (COLO B), ISIN DK0060448595. Yahoo has a concrete COLO-B.CO quote page. Primary listing, B share class, DKK currency and provider instrument correspond; no unresolved corporate action or collision. Source RIC-style COLOb.CO is retained in frozen fields; no mapping apply.",2026-09-02T20:10:00Z,CONFIRMED_PROVIDER_SYMBOL_CANDIDATE,YES,COLO B,B shares,RESEARCHED
WS:XCSE:MAERSKB.CO,,,XCSE,,MAERSKb.CO,DKK,,CASE_ONLY,CASE_NORMALIZATION_SUSPECT,MAERSKb.CO,MAERSKB.CO,MAERSK-B.CO,PRIMARY,VERIFIED,VERIFIED,NONE,VERIFIED_PRIMARY_AND_PROVIDER,HIGH,https://investor.maersk.com/stock/stock-quote-and-chart,https://uk.finance.yahoo.com/quote/MAERSK-B.CO/,https://www.nasdaq.com/european-market-activity/shares/maersk-b?id=TX2196,"A.P. Moller - Maersk IR states both A and B classes trade on Nasdaq Copenhagen; Nasdaq identifies MAERSK B, ISIN DK0010244508. Yahoo has a concrete MAERSK-B.CO quote page. Primary listing, B share class, DKK currency and provider instrument correspond; no unresolved corporate action or collision. Source RIC-style MAERSKb.CO is retained in frozen fields; no mapping apply.",2026-09-02T20:10:00Z,CONFIRMED_PROVIDER_SYMBOL_CANDIDATE,YES,MAERSK B,B shares,RESEARCHED
WS:XCSE:NOVOB.CO,,,XCSE,,NOVOb.CO,DKK,,CASE_ONLY,CASE_NORMALIZATION_SUSPECT,NOVOb.CO,NOVOB.CO,NOVO-B.CO,PRIMARY,VERIFIED,VERIFIED,NONE,VERIFIED_PRIMARY_AND_PROVIDER,HIGH,https://www.novonordisk.com/investors/stock-information.html,https://finance.yahoo.com/quote/NOVO-B.CO/,https://www.nasdaq.com/european-market-activity/shares/novo-b?id=TX2178,"Novo Nordisk IR states B shares are listed on Nasdaq Copenhagen; Nasdaq identifies Novo Nordisk B, ISIN DK0062498333. Yahoo has a concrete NOVO-B.CO quote page. Primary listing, B share class, DKK currency and provider instrument correspond; no unresolved corporate action or collision. Source RIC-style NOVOb.CO is retained in frozen fields; no mapping apply.",2026-09-02T20:10:00Z,CONFIRMED_PROVIDER_SYMBOL_CANDIDATE,YES,NOVO B,B shares,RESEARCHED
WS:XCSE:NSISB.CO,,,XCSE,,NSISb.CO,DKK,,CASE_ONLY,CASE_NORMALIZATION_SUSPECT,NSISb.CO,NSISB.CO,NSIS-B.CO,PRIMARY,VERIFIED,VERIFIED,RENAME_MERGER_REVIEWED,VERIFIED_PRIMARY_AND_PROVIDER,HIGH,https://www.novonesis.com/en/investors/stock-information,https://uk.finance.yahoo.com/quote/NSIS-B.CO/,https://www.nasdaq.com/european-market-activity/shares/nsis-b?id=TX2376,"Novonesis IR identifies the current stock ticker NSIS B on Copenhagen; Nasdaq identifies Novonesis (Novozymes) B, ISIN DK0060336014. Yahoo has a concrete NSIS-B.CO quote page. The 2024 Novozymes/Chr. Hansen merger/name transition is reviewed; ticker, B share class, DKK currency and primary listing remain identifiable, with no unresolved collision. Source RIC-style NSISb.CO is retained in frozen fields; no mapping apply.",2026-09-02T20:10:00Z,CONFIRMED_PROVIDER_SYMBOL_CANDIDATE,YES,NSIS B,B shares,RESEARCHED
WS:XCSE:ROCKB.CO,,,XCSE,,ROCKb.CO,DKK,,CASE_ONLY,CASE_NORMALIZATION_SUSPECT,ROCKb.CO,ROCKB.CO,ROCK-B.CO,PRIMARY,VERIFIED,VERIFIED,NONE,VERIFIED_PRIMARY_AND_PROVIDER,HIGH,https://www.rockwool.com/group/about-us/investors/,https://finance.yahoo.com/quote/ROCK-B.CO/,https://www.nasdaq.com/european-market-activity/shares/rock-b?id=TX2348,"ROCKWOOL IR states the company has A and B share classes and was introduced on Nasdaq Copenhagen; Nasdaq identifies Rockwool B, ISIN DK0063855168. Yahoo has a concrete ROCK-B.CO quote page. Primary listing, B share class, DKK currency and provider instrument correspond; no unresolved corporate action or collision. Source RIC-style ROCKb.CO is retained in frozen fields; no mapping apply.",2026-09-02T20:10:00Z,CONFIRMED_PROVIDER_SYMBOL_CANDIDATE,YES,ROCK B,B shares,RESEARCHED
WS:XCSE:ZELA.CO,,,XCSE,,ZELA.CO,DKK,,EXACT,EXACT_PROVIDER_SYMBOL_NO_DATA,ZELA.CO,ZELA.CO,,UNVERIFIED,UNVERIFIED,UNVERIFIED,UNVERIFIED,NOT_RESEARCHED,UNRESOLVED,,,,Evidence review scaffold; no provider/primary evidence asserted. Manual research required.,2026-09-02T18:17:22.110176+00:00,UNRESOLVED_MANUAL,NO,,,NOT_STARTED
WS:XDUB:AIBG.I,,,XDUB,,AIBG.I,EUR,,SUFFIX_CHANGED,SUFFIX_MAPPING_SUSPECT,AIBG.I,AIBG.IR,A5G.IR,PRIMARY,VERIFIED,VERIFIED,NONE,VERIFIED_PRIMARY_AND_PROVIDER,HIGH,https://live.euronext.com/en/product/equities/IE00BF0L3536-XMSM/company-information,https://uk.finance.yahoo.com/quote/A5G.IR/,https://www.aib.ie/investorrelations/shareholder-information/annual-general-meeting,"Euronext Dublin identifies AIB Group plc common stock, ISIN IE00BF0L3536; AIB IR confirms the same ISIN for ordinary shares. Yahoo has a concrete A5G.IR quote page identifying AIB Group plc. Yahoo uses a provider alias different from the frozen RIC-style AIBG.I, but the issuer, ISIN, Dublin primary instrument and EUR ordinary share identity match. No unresolved corporate action or collision; no mapping apply.",2026-09-02T20:25:00Z,CONFIRMED_PROVIDER_SYMBOL_CANDIDATE,YES,AIBG,ordinary shares,RESEARCHED
WS:XDUB:KSP.I,,,XDUB,,KSP.I,EUR,,SUFFIX_CHANGED,SUFFIX_MAPPING_SUSPECT,KSP.I,KSP.IR,KRX.IR,PRIMARY,VERIFIED,VERIFIED,NONE,VERIFIED_PRIMARY_AND_PROVIDER,HIGH,https://live.euronext.com/en/product/equities/IE0004927939-XDUB,https://uk.finance.yahoo.com/quote/KRX.IR/,https://www.kingspangroup.com/en/investors/share-price/,"Euronext Dublin identifies Kingspan Group plc common stock, ISIN IE0004927939; Kingspan IR provides the issuer share-price page. Yahoo has a concrete KRX.IR quote page identifying Kingspan Group plc. Yahoo uses a provider alias different from the frozen RIC-style KSP.I, but issuer, ISIN, Dublin primary instrument and EUR ordinary share identity match. No unresolved corporate action or collision; no mapping apply.",2026-09-02T20:25:00Z,CONFIRMED_PROVIDER_SYMBOL_CANDIDATE,YES,KSP,ordinary shares,RESEARCHED
WS:XDUB:KYGA.I,,,XDUB,,KYGa.I,EUR,,SUFFIX_CHANGED,SUFFIX_MAPPING_SUSPECT,KYGa.I,KYGA.IR,KRZ.IR,PRIMARY,VERIFIED,VERIFIED,NONE,VERIFIED_PRIMARY_AND_PROVIDER,HIGH,https://live.euronext.com/en/product/equities/IE0004906560-XMSM,https://uk.finance.yahoo.com/quote/KRZ.IR/,https://www.kerry.com/investors/faq,"Euronext Dublin identifies Kerry Group plc, ISIN IE0004906560; Kerry IR states the Dublin ticker KYGa.I and distinguishes it from the London listing KYGa.L. Yahoo has a concrete KRZ.IR quote page identifying Kerry Group plc. Yahoo uses a provider alias different from the frozen RIC-style KYGa.I, but issuer, ISIN, Dublin primary instrument and EUR ordinary share identity match; London/secondary listing was explicitly excluded. No unresolved corporate action or collision; no mapping apply.",2026-09-02T20:25:00Z,CONFIRMED_PROVIDER_SYMBOL_CANDIDATE,YES,KYGA,ordinary shares,RESEARCHED
WS:XETR:ADSGN.DE,,,XETR,,ADSGn.DE,EUR,,CASE_ONLY,CASE_NORMALIZATION_SUSPECT,ADSGn.DE,ADSGN.DE,ADS.DE,PRIMARY,VERIFIED,VERIFIED,NONE,VERIFIED_PRIMARY_AND_PROVIDER,HIGH,https://live.deutsche-boerse.com/equity/adidas-ag/company-details,https://finance.yahoo.com/quote/ADS.DE/,https://www.adidas-group.com/en/investors,"Deutsche Börse Xetra identifies adidas AG, ISIN DE000A1EWWW0, symbol ADS and equity instrument. adidas IR confirms the issuer/share context. Yahoo Finance has a concrete ADS.DE quote page for adidas AG. The frozen source RIC-style ADSGn.DE is normalized to the official ADS ticker with the same issuer, ISIN, EUR ordinary share and Xetra primary listing; no London/secondary listing or unresolved corporate action identified. No mapping apply.",2026-09-02T20:40:00Z,CONFIRMED_PROVIDER_SYMBOL_CANDIDATE,YES,ADS,ordinary bearer shares,RESEARCHED
WS:XETR:AG1G.DE,,,XETR,,AG1G.DE,EUR,,EXACT,EXACT_PROVIDER_SYMBOL_NO_DATA,AG1G.DE,AG1G.DE,,UNVERIFIED,UNVERIFIED,UNVERIFIED,UNVERIFIED,NOT_RESEARCHED,UNRESOLVED,,,,Evidence review scaffold; no provider/primary evidence asserted. Manual research required.,2026-09-02T18:17:22.110176+00:00,UNRESOLVED_MANUAL,NO,,,NOT_STARTED
WS:XETR:AIXGN.DE,,,XETR,,AIXGn.DE,EUR,,CASE_ONLY,CASE_NORMALIZATION_SUSPECT,AIXGn.DE,AIXGN.DE,AIXA.DE,PRIMARY,VERIFIED,VERIFIED,NONE,VERIFIED_PRIMARY_AND_PROVIDER,HIGH,https://live.deutsche-boerse.com/equity/aixtron-se,https://uk.finance.yahoo.com/quote/AIXA.DE/,https://www.aixtron.com/en/investors/share/basic-data,"Deutsche Börse identifies AIXTRON SE Xetra equity, symbol AIXA, ISIN DE000A0WMPJ6. AIXTRON IR confirms XETRA security code AIXA, Reuters source AIXGn.DE and registered ordinary shares. Yahoo Finance has a concrete AIXA.DE quote page for AIXTRON SE. Frozen RIC-style AIXGn.DE is normalized to official Xetra AIXA; issuer/share identity and EUR primary listing match, with no unresolved corporate action or collision. No mapping apply.",2026-09-02T20:50:00Z,CONFIRMED_PROVIDER_SYMBOL_CANDIDATE,YES,AIXA,no-par-value registered ordinary shares,RESEARCHED
WS:XETR:ALVG.DE,,,XETR,,ALVG.DE,EUR,,EXACT,EXACT_PROVIDER_SYMBOL_NO_DATA,ALVG.DE,ALVG.DE,,UNVERIFIED,UNVERIFIED,UNVERIFIED,UNVERIFIED,NOT_RESEARCHED,UNRESOLVED,,,,Evidence review scaffold; no provider/primary evidence asserted. Manual research required.,2026-09-02T18:17:22.110176+00:00,UNRESOLVED_MANUAL,NO,,,NOT_STARTED
WS:XETR:AMV0N.DE,,,XETR,,AMV0n.DE,EUR,,CASE_ONLY,CASE_NORMALIZATION_SUSPECT,AMV0n.DE,AMV0N.DE,AMV0.DE,PRIMARY,VERIFIED,VERIFIED,NONE,VERIFIED_PRIMARY_AND_PROVIDER,HIGH,https://www.cashmarket.deutsche-boerse.com/cash-en/Data-Tech/statistics/New-Companies/AUMOVIO-SE-4675406,https://uk.finance.yahoo.com/quote/AMV0.DE/,https://ir.aumovio.com/share,"Deutsche Börse identifies AUMOVIO SE, Xetra symbol AMV0, ISIN DE000AUM0V10 and registered shares without par value. AUMOVIO IR confirms the same ISIN, trading symbol AMV0 and share class. Yahoo Finance has a concrete AMV0.DE quote page identifying Aumovio SE. The frozen source RIC-style AMV0n.DE is normalized to the official AMV0 provider symbol for the same EUR Xetra instrument; the 2025 Continental spin-off/listing context is documented and no unresolved current corporate action or collision remains. No mapping apply.",2026-09-02T21:25:00Z,CONFIRMED_PROVIDER_SYMBOL_CANDIDATE,YES,AMV0,registered no-par-value ordinary shares,RESEARCHED
WS:XETR:BASFN.DE,,,XETR,,BASFn.DE,EUR,,CASE_ONLY,CASE_NORMALIZATION_SUSPECT,BASFn.DE,BASFN.DE,,UNVERIFIED,UNVERIFIED,UNVERIFIED,UNVERIFIED,RESEARCH_ATTEMPTED_NO_VERIFIABLE_PAIR,UNRESOLVED,,,https://www.reuters.com/markets/companies/BASFn.DE/,"Web search attempted 2026-09-02; Reuters/market references found, but no verified primary-exchange plus Yahoo pair; retained unresolved.",2026-09-02T18:50:00Z,UNRESOLVED_MANUAL,NO,,,PARTIAL
WS:XETR:BAYGN.DE,,,XETR,,BAYGn.DE,EUR,,CASE_ONLY,CASE_NORMALIZATION_SUSPECT,BAYGn.DE,BAYGN.DE,,UNVERIFIED,UNVERIFIED,UNVERIFIED,UNVERIFIED,RESEARCH_ATTEMPTED_NO_VERIFIABLE_PAIR,UNRESOLVED,,,https://www.reuters.com/markets/companies/BAYGn.DE/all-listings/,"Web search attempted 2026-09-02; Reuters/market references found, but no verified primary-exchange plus Yahoo pair; retained unresolved.",2026-09-02T18:50:00Z,UNRESOLVED_MANUAL,NO,,,PARTIAL
WS:XETR:BC8G.DE,,,XETR,,BC8G.DE,EUR,,EXACT,EXACT_PROVIDER_SYMBOL_NO_DATA,BC8G.DE,BC8G.DE,,UNVERIFIED,UNVERIFIED,UNVERIFIED,UNVERIFIED,NOT_RESEARCHED,UNRESOLVED,,,,Evidence review scaffold; no provider/primary evidence asserted. Manual research required.,2026-09-02T18:17:22.110176+00:00,UNRESOLVED_MANUAL,NO,,,NOT_STARTED
WS:XETR:BEIG.DE,,,XETR,,BEIG.DE,EUR,,EXACT,EXACT_PROVIDER_SYMBOL_NO_DATA,BEIG.DE,BEIG.DE,,UNVERIFIED,UNVERIFIED,UNVERIFIED,UNVERIFIED,NOT_RESEARCHED,UNRESOLVED,,,,Evidence review scaffold; no provider/primary evidence asserted. Manual research required.,2026-09-02T18:17:22.110176+00:00,UNRESOLVED_MANUAL,NO,,,NOT_STARTED
WS:XETR:BMWG.DE,,,XETR,,BMWG.DE,EUR,,EXACT,EXACT_PROVIDER_SYMBOL_NO_DATA,BMWG.DE,BMWG.DE,,UNVERIFIED,UNVERIFIED,UNVERIFIED,UNVERIFIED,NOT_RESEARCHED,UNRESOLVED,,,,Evidence review scaffold; no provider/primary evidence asserted. Manual research required.,2026-09-02T18:17:22.110176+00:00,UNRESOLVED_MANUAL,NO,,,NOT_STARTED
WS:XETR:BNRGN.DE,,,XETR,,BNRGn.DE,EUR,,CASE_ONLY,CASE_NORMALIZATION_SUSPECT,BNRGn.DE,BNRGN.DE,,UNVERIFIED,UNVERIFIED,UNVERIFIED,UNVERIFIED,NOT_RESEARCHED,UNRESOLVED,,,,Evidence review scaffold; no provider/primary evidence asserted. Manual research required.,2026-09-02T18:17:22.110176+00:00,UNRESOLVED_MANUAL,NO,,,NOT_STARTED
WS:XETR:CBKG.DE,,,XETR,,CBKG.DE,EUR,,EXACT,EXACT_PROVIDER_SYMBOL_NO_DATA,CBKG.DE,CBKG.DE,,UNVERIFIED,UNVERIFIED,UNVERIFIED,UNVERIFIED,NOT_RESEARCHED,UNRESOLVED,,,,Evidence review scaffold; no provider/primary evidence asserted. Manual research required.,2026-09-02T18:17:22.110176+00:00,UNRESOLVED_MANUAL,NO,,,NOT_STARTED
WS:XETR:CONG.DE,,,XETR,,CONG.DE,EUR,,EXACT,EXACT_PROVIDER_SYMBOL_NO_DATA,CONG.DE,CONG.DE,,UNVERIFIED,UNVERIFIED,UNVERIFIED,UNVERIFIED,NOT_RESEARCHED,UNRESOLVED,,,,Evidence review scaffold; no provider/primary evidence asserted. Manual research required.,2026-09-02T18:17:22.110176+00:00,UNRESOLVED_MANUAL,NO,,,NOT_STARTED
WS:XETR:DB1GN.DE,,,XETR,,DB1Gn.DE,EUR,,CASE_ONLY,CASE_NORMALIZATION_SUSPECT,DB1Gn.DE,DB1GN.DE,,UNVERIFIED,UNVERIFIED,UNVERIFIED,UNVERIFIED,RESEARCH_ATTEMPTED_NO_VERIFIABLE_PAIR,UNRESOLVED,,,,Web search attempted 2026-09-02 for primary listing and Yahoo/provider pair; no sufficiently authoritative two-level match was established.,2026-09-02T18:50:00Z,UNRESOLVED_MANUAL,NO,,,PARTIAL
WS:XETR:DBKGN.DE,,,XETR,,DBKGn.DE,EUR,,CASE_ONLY,CASE_NORMALIZATION_SUSPECT,DBKGn.DE,DBKGN.DE,,UNVERIFIED,UNVERIFIED,UNVERIFIED,UNVERIFIED,NOT_RESEARCHED,UNRESOLVED,,,,Evidence review scaffold; no provider/primary evidence asserted. Manual research required.,2026-09-02T18:17:22.110176+00:00,UNRESOLVED_MANUAL,NO,,,NOT_STARTED
WS:XETR:DHLN.DE,,,XETR,,DHLn.DE,EUR,,CASE_ONLY,CASE_NORMALIZATION_SUSPECT,DHLn.DE,DHLN.DE,,UNVERIFIED,UNVERIFIED,UNVERIFIED,UNVERIFIED,NOT_RESEARCHED,UNRESOLVED,,,,Evidence review scaffold; no provider/primary evidence asserted. Manual research required.,2026-09-02T18:17:22.110176+00:00,UNRESOLVED_MANUAL,NO,,,NOT_STARTED
WS:XETR:DTEGN.DE,,,XETR,,DTEGn.DE,EUR,,CASE_ONLY,CASE_NORMALIZATION_SUSPECT,DTEGn.DE,DTEGN.DE,,UNVERIFIED,UNVERIFIED,UNVERIFIED,UNVERIFIED,NOT_RESEARCHED,UNRESOLVED,,,,Evidence review scaffold; no provider/primary evidence asserted. Manual research required.,2026-09-02T18:17:22.110176+00:00,UNRESOLVED_MANUAL,NO,,,NOT_STARTED
WS:XETR:DTGGE.DE,,,XETR,,DTGGe.DE,EUR,,CASE_ONLY,CASE_NORMALIZATION_SUSPECT,DTGGe.DE,DTGGE.DE,,UNVERIFIED,UNVERIFIED,UNVERIFIED,UNVERIFIED,NOT_RESEARCHED,UNRESOLVED,,,,Evidence review scaffold; no provider/primary evidence asserted. Manual research required.,2026-09-02T18:17:22.110176+00:00,UNRESOLVED_MANUAL,NO,,,NOT_STARTED
WS:XETR:ENR1N.DE,,,XETR,,ENR1n.DE,EUR,,CASE_ONLY,CASE_NORMALIZATION_SUSPECT,ENR1n.DE,ENR1N.DE,,UNVERIFIED,UNVERIFIED,UNVERIFIED,UNVERIFIED,NOT_RESEARCHED,UNRESOLVED,,,,Evidence review scaffold; no provider/primary evidence asserted. Manual research required.,2026-09-02T18:17:22.110176+00:00,UNRESOLVED_MANUAL,NO,,,NOT_STARTED
WS:XETR:EONGN.DE,,,XETR,,EONGn.DE,EUR,,CASE_ONLY,CASE_NORMALIZATION_SUSPECT,EONGn.DE,EONGN.DE,,UNVERIFIED,UNVERIFIED,UNVERIFIED,UNVERIFIED,NOT_RESEARCHED,UNRESOLVED,,,,Evidence review scaffold; no provider/primary evidence asserted. Manual research required.,2026-09-02T18:17:22.110176+00:00,UNRESOLVED_MANUAL,NO,,,NOT_STARTED
WS:XETR:EVDG.DE,,,XETR,,EVDG.DE,EUR,,EXACT,EXACT_PROVIDER_SYMBOL_NO_DATA,EVDG.DE,EVDG.DE,,UNVERIFIED,UNVERIFIED,UNVERIFIED,UNVERIFIED,NOT_RESEARCHED,UNRESOLVED,,,,Evidence review scaffold; no provider/primary evidence asserted. Manual research required.,2026-09-02T18:17:22.110176+00:00,UNRESOLVED_MANUAL,NO,,,NOT_STARTED
WS:XETR:EVKN.DE,,,XETR,,EVKn.DE,EUR,,CASE_ONLY,CASE_NORMALIZATION_SUSPECT,EVKn.DE,EVKN.DE,,UNVERIFIED,UNVERIFIED,UNVERIFIED,UNVERIFIED,NOT_RESEARCHED,UNRESOLVED,,,,Evidence review scaffold; no provider/primary evidence asserted. Manual research required.,2026-09-02T18:17:22.110176+00:00,UNRESOLVED_MANUAL,NO,,,NOT_STARTED
WS:XETR:FMEG.DE,,,XETR,,FMEG.DE,EUR,,EXACT,EXACT_PROVIDER_SYMBOL_NO_DATA,FMEG.DE,FMEG.DE,,UNVERIFIED,UNVERIFIED,UNVERIFIED,UNVERIFIED,NOT_RESEARCHED,UNRESOLVED,,,,Evidence review scaffold; no provider/primary evidence asserted. Manual research required.,2026-09-02T18:17:22.110176+00:00,UNRESOLVED_MANUAL,NO,,,NOT_STARTED
WS:XETR:FNTGN.DE,,,XETR,,FNTGn.DE,EUR,,CASE_ONLY,CASE_NORMALIZATION_SUSPECT,FNTGn.DE,FNTGN.DE,,UNVERIFIED,UNVERIFIED,UNVERIFIED,UNVERIFIED,NOT_RESEARCHED,UNRESOLVED,,,,Evidence review scaffold; no provider/primary evidence asserted. Manual research required.,2026-09-02T18:17:22.110176+00:00,UNRESOLVED_MANUAL,NO,,,NOT_STARTED
WS:XETR:FPE3_P.DE,,,XETR,,FPE3_p.DE,EUR,,CASE_ONLY,CASE_NORMALIZATION_SUSPECT,FPE3_p.DE,FPE3_P.DE,,UNVERIFIED,UNVERIFIED,UNVERIFIED,UNVERIFIED,NOT_RESEARCHED,UNRESOLVED,,,,Evidence review scaffold; no provider/primary evidence asserted. Manual research required.,2026-09-02T18:17:22.110176+00:00,UNRESOLVED_MANUAL,NO,,,NOT_STARTED
WS:XETR:FRAG.DE,,,XETR,,FRAG.DE,EUR,,EXACT,EXACT_PROVIDER_SYMBOL_NO_DATA,FRAG.DE,FRAG.DE,,UNVERIFIED,UNVERIFIED,UNVERIFIED,UNVERIFIED,NOT_RESEARCHED,UNRESOLVED,,,,Evidence review scaffold; no provider/primary evidence asserted. Manual research required.,2026-09-02T18:17:22.110176+00:00,UNRESOLVED_MANUAL,NO,,,NOT_STARTED
WS:XETR:FREG.DE,,,XETR,,FREG.DE,EUR,,EXACT,EXACT_PROVIDER_SYMBOL_NO_DATA,FREG.DE,FREG.DE,,UNVERIFIED,UNVERIFIED,UNVERIFIED,UNVERIFIED,NOT_RESEARCHED,UNRESOLVED,,,,Evidence review scaffold; no provider/primary evidence asserted. Manual research required.,2026-09-02T18:17:22.110176+00:00,UNRESOLVED_MANUAL,NO,,,NOT_STARTED
WS:XETR:FTKN.DE,,,XETR,,FTKn.DE,EUR,,CASE_ONLY,CASE_NORMALIZATION_SUSPECT,FTKn.DE,FTKN.DE,,UNVERIFIED,UNVERIFIED,UNVERIFIED,UNVERIFIED,NOT_RESEARCHED,UNRESOLVED,,,,Evidence review scaffold; no provider/primary evidence asserted. Manual research required.,2026-09-02T18:17:22.110176+00:00,UNRESOLVED_MANUAL,NO,,,NOT_STARTED
WS:XETR:G1AG.DE,,,XETR,,G1AG.DE,EUR,,EXACT,EXACT_PROVIDER_SYMBOL_NO_DATA,G1AG.DE,G1AG.DE,,UNVERIFIED,UNVERIFIED,UNVERIFIED,UNVERIFIED,NOT_RESEARCHED,UNRESOLVED,,,,Evidence review scaffold; no provider/primary evidence asserted. Manual research required.,2026-09-02T18:17:22.110176+00:00,UNRESOLVED_MANUAL,NO,,,NOT_STARTED
WS:XETR:G24N.DE,,,XETR,,G24n.DE,EUR,,CASE_ONLY,CASE_NORMALIZATION_SUSPECT,G24n.DE,G24N.DE,,UNVERIFIED,UNVERIFIED,UNVERIFIED,UNVERIFIED,NOT_RESEARCHED,UNRESOLVED,,,,Evidence review scaffold; no provider/primary evidence asserted. Manual research required.,2026-09-02T18:17:22.110176+00:00,UNRESOLVED_MANUAL,NO,,,NOT_STARTED
WS:XETR:GBFG.DE,,,XETR,,GBFG.DE,EUR,,EXACT,EXACT_PROVIDER_SYMBOL_NO_DATA,GBFG.DE,GBFG.DE,,UNVERIFIED,UNVERIFIED,UNVERIFIED,UNVERIFIED,NOT_RESEARCHED,UNRESOLVED,,,,Evidence review scaffold; no provider/primary evidence asserted. Manual research required.,2026-09-02T18:17:22.110176+00:00,UNRESOLVED_MANUAL,NO,,,NOT_STARTED
WS:XETR:HAGG.DE,,,XETR,,HAGG.DE,EUR,,EXACT,EXACT_PROVIDER_SYMBOL_NO_DATA,HAGG.DE,HAGG.DE,,UNVERIFIED,UNVERIFIED,UNVERIFIED,UNVERIFIED,NOT_RESEARCHED,UNRESOLVED,,,,Evidence review scaffold; no provider/primary evidence asserted. Manual research required.,2026-09-02T18:17:22.110176+00:00,UNRESOLVED_MANUAL,NO,,,NOT_STARTED
WS:XETR:HEIG.DE,,,XETR,,HEIG.DE,EUR,,EXACT,EXACT_PROVIDER_SYMBOL_NO_DATA,HEIG.DE,HEIG.DE,,UNVERIFIED,UNVERIFIED,UNVERIFIED,UNVERIFIED,NOT_RESEARCHED,UNRESOLVED,,,,Evidence review scaffold; no provider/primary evidence asserted. Manual research required.,2026-09-02T18:17:22.110176+00:00,UNRESOLVED_MANUAL,NO,,,NOT_STARTED
WS:XETR:HNKG_P.DE,,,XETR,,HNKG_p.DE,EUR,,CASE_ONLY,CASE_NORMALIZATION_SUSPECT,HNKG_p.DE,HNKG_P.DE,,UNVERIFIED,UNVERIFIED,UNVERIFIED,UNVERIFIED,NOT_RESEARCHED,UNRESOLVED,,,,Evidence review scaffold; no provider/primary evidence asserted. Manual research required.,2026-09-02T18:17:22.110176+00:00,UNRESOLVED_MANUAL,NO,,,NOT_STARTED
WS:XETR:HNRGN.DE,,,XETR,,HNRGn.DE,EUR,,CASE_ONLY,CASE_NORMALIZATION_SUSPECT,HNRGn.DE,HNRGN.DE,,UNVERIFIED,UNVERIFIED,UNVERIFIED,UNVERIFIED,NOT_RESEARCHED,UNRESOLVED,,,,Evidence review scaffold; no provider/primary evidence asserted. Manual research required.,2026-09-02T18:17:22.110176+00:00,UNRESOLVED_MANUAL,NO,,,NOT_STARTED
WS:XETR:HOTG.DE,,,XETR,,HOTG.DE,EUR,,EXACT,EXACT_PROVIDER_SYMBOL_NO_DATA,HOTG.DE,HOTG.DE,,UNVERIFIED,UNVERIFIED,UNVERIFIED,UNVERIFIED,NOT_RESEARCHED,UNRESOLVED,,,,Evidence review scaffold; no provider/primary evidence asserted. Manual research required.,2026-09-02T18:17:22.110176+00:00,UNRESOLVED_MANUAL,NO,,,NOT_STARTED
WS:XETR:IFXGN.DE,,,XETR,,IFXGn.DE,EUR,,CASE_ONLY,CASE_NORMALIZATION_SUSPECT,IFXGn.DE,IFXGN.DE,,UNVERIFIED,UNVERIFIED,UNVERIFIED,UNVERIFIED,NOT_RESEARCHED,UNRESOLVED,,,,Evidence review scaffold; no provider/primary evidence asserted. Manual research required.,2026-09-02T18:17:22.110176+00:00,UNRESOLVED_MANUAL,NO,,,NOT_STARTED
WS:XETR:LEGN.DE,,,XETR,,LEGn.DE,EUR,,CASE_ONLY,CASE_NORMALIZATION_SUSPECT,LEGn.DE,LEGN.DE,LEG.DE,PRIMARY,UNVERIFIED,VERIFIED,UNVERIFIED,PROVIDER_EVIDENCE_REVIEWED,MEDIUM,,https://uk.finance.yahoo.com/quote/LEG.DE/,,"Yahoo Finance concrete quote page identifies LEG Immobilien SE under provider symbol LEG.DE. The frozen Xetra RIC-style source ticker was reviewed; provider identity is plausible, but this batch does not assert HIGH because a concrete Deutsche Börse/official primary instrument page and full ISIN/share-class cross-check were not both captured in the current research record. No mapping apply.",2026-09-02T21:05:00Z,CONFIRMED_CURRENT_SYMBOL_BUT_PRICE_VERIFY_REQUIRED,YES,LEG,,RESEARCHED
WS:XETR:LHAG.DE,,,XETR,,LHAG.DE,EUR,,EXACT,EXACT_PROVIDER_SYMBOL_NO_DATA,LHAG.DE,LHAG.DE,,UNVERIFIED,UNVERIFIED,UNVERIFIED,UNVERIFIED,NOT_RESEARCHED,UNRESOLVED,,,,Evidence review scaffold; no provider/primary evidence asserted. Manual research required.,2026-09-02T18:17:22.110176+00:00,UNRESOLVED_MANUAL,NO,,,NOT_STARTED
WS:XETR:MBGN.DE,,,XETR,,MBGn.DE,EUR,,CASE_ONLY,CASE_NORMALIZATION_SUSPECT,MBGn.DE,MBGN.DE,MBG.DE,PRIMARY,UNVERIFIED,VERIFIED,UNVERIFIED,PROVIDER_EVIDENCE_REVIEWED,MEDIUM,,https://finance.yahoo.com/quote/MBG.DE/,,"Yahoo Finance concrete quote page identifies Mercedes-Benz Group AG under provider symbol MBG.DE. The frozen Xetra RIC-style source ticker was reviewed; provider identity is plausible, but this batch does not assert HIGH because a concrete Deutsche Börse/official primary instrument page and full ISIN/share-class cross-check were not both captured in the current research record. No mapping apply.",2026-09-02T21:05:00Z,CONFIRMED_CURRENT_SYMBOL_BUT_PRICE_VERIFY_REQUIRED,YES,MBG,,RESEARCHED
WS:XETR:MTXGN.DE,,,XETR,,MTXGn.DE,EUR,,CASE_ONLY,CASE_NORMALIZATION_SUSPECT,MTXGn.DE,MTXGN.DE,,UNVERIFIED,UNVERIFIED,UNVERIFIED,UNVERIFIED,NOT_RESEARCHED,UNRESOLVED,,,,Evidence review scaffold; no provider/primary evidence asserted. Manual research required.,2026-09-02T18:17:22.110176+00:00,UNRESOLVED_MANUAL,NO,,,NOT_STARTED
WS:XETR:MUVGN.DE,,,XETR,,MUVGn.DE,EUR,,CASE_ONLY,CASE_NORMALIZATION_SUSPECT,MUVGn.DE,MUVGN.DE,MUV2.DE,PRIMARY,UNVERIFIED,VERIFIED,UNVERIFIED,PROVIDER_EVIDENCE_REVIEWED,MEDIUM,,https://finance.yahoo.com/quote/MUV2.DE/,,"Yahoo Finance concrete quote page identifies Münchener Rückversicherungs-Gesellschaft under provider symbol MUV2.DE. The frozen Xetra RIC-style source ticker was reviewed; provider identity is plausible, but this batch does not assert HIGH because a concrete Deutsche Börse/official primary instrument page and full ISIN/share-class cross-check were not both captured in the current research record. No mapping apply.",2026-09-02T21:05:00Z,CONFIRMED_CURRENT_SYMBOL_BUT_PRICE_VERIFY_REQUIRED,YES,MUV2,,RESEARCHED
WS:XETR:NAFG.DE,,,XETR,,NAFG.DE,EUR,,EXACT,EXACT_PROVIDER_SYMBOL_NO_DATA,NAFG.DE,NAFG.DE,,UNVERIFIED,UNVERIFIED,UNVERIFIED,UNVERIFIED,NOT_RESEARCHED,UNRESOLVED,,,,Evidence review scaffold; no provider/primary evidence asserted. Manual research required.,2026-09-02T18:17:22.110176+00:00,UNRESOLVED_MANUAL,NO,,,NOT_STARTED
WS:XETR:NDXG.DE,,,XETR,,NDXG.DE,EUR,,EXACT,EXACT_PROVIDER_SYMBOL_NO_DATA,NDXG.DE,NDXG.DE,,UNVERIFIED,UNVERIFIED,UNVERIFIED,UNVERIFIED,NOT_RESEARCHED,UNRESOLVED,,,,Evidence review scaffold; no provider/primary evidence asserted. Manual research required.,2026-09-02T18:17:22.110176+00:00,UNRESOLVED_MANUAL,NO,,,NOT_STARTED
WS:XETR:NEKG.DE,,,XETR,,NEKG.DE,EUR,,EXACT,EXACT_PROVIDER_SYMBOL_NO_DATA,NEKG.DE,NEKG.DE,,UNVERIFIED,UNVERIFIED,UNVERIFIED,UNVERIFIED,NOT_RESEARCHED,UNRESOLVED,,,,Evidence review scaffold; no provider/primary evidence asserted. Manual research required.,2026-09-02T18:17:22.110176+00:00,UNRESOLVED_MANUAL,NO,,,NOT_STARTED
WS:XETR:PSHG_P.DE,,,XETR,,PSHG_p.DE,EUR,,CASE_ONLY,CASE_NORMALIZATION_SUSPECT,PSHG_p.DE,PSHG_P.DE,PSH2.DE,PRIMARY,UNVERIFIED,VERIFIED,UNVERIFIED,PROVIDER_EVIDENCE_REVIEWED,MEDIUM,,https://finance.yahoo.com/quote/PSH2.DE/,,"Yahoo Finance concrete quote page identifies Porsche Automobil Holding SE preference shares under provider symbol PSH2.DE. The frozen Xetra RIC-style source ticker was reviewed; provider identity is plausible, but this batch does not assert HIGH because a concrete Deutsche Börse/official primary instrument page and full ISIN/share-class cross-check were not both captured in the current research record. No mapping apply.",2026-09-02T21:05:00Z,CONFIRMED_CURRENT_SYMBOL_BUT_PRICE_VERIFY_REQUIRED,YES,PSH2,,RESEARCHED
WS:XETR:PUMG.DE,,,XETR,,PUMG.DE,EUR,,EXACT,EXACT_PROVIDER_SYMBOL_NO_DATA,PUMG.DE,PUMG.DE,,UNVERIFIED,UNVERIFIED,UNVERIFIED,UNVERIFIED,NOT_RESEARCHED,UNRESOLVED,,,,Evidence review scaffold; no provider/primary evidence asserted. Manual research required.,2026-09-02T18:17:22.110176+00:00,UNRESOLVED_MANUAL,NO,,,NOT_STARTED
WS:XETR:RAAG.DE,,,XETR,,RAAG.DE,EUR,,EXACT,EXACT_PROVIDER_SYMBOL_NO_DATA,RAAG.DE,RAAG.DE,,UNVERIFIED,UNVERIFIED,UNVERIFIED,UNVERIFIED,NOT_RESEARCHED,UNRESOLVED,,,,Evidence review scaffold; no provider/primary evidence asserted. Manual research required.,2026-09-02T18:17:22.110176+00:00,UNRESOLVED_MANUAL,NO,,,NOT_STARTED
WS:XETR:RHMG.DE,,,XETR,,RHMG.DE,EUR,,EXACT,EXACT_PROVIDER_SYMBOL_NO_DATA,RHMG.DE,RHMG.DE,,UNVERIFIED,UNVERIFIED,UNVERIFIED,UNVERIFIED,NOT_RESEARCHED,UNRESOLVED,,,,Evidence review scaffold; no provider/primary evidence asserted. Manual research required.,2026-09-02T18:17:22.110176+00:00,UNRESOLVED_MANUAL,NO,,,NOT_STARTED
WS:XETR:RWEG.DE,,,XETR,,RWEG.DE,EUR,,EXACT,EXACT_PROVIDER_SYMBOL_NO_DATA,RWEG.DE,RWEG.DE,,UNVERIFIED,UNVERIFIED,UNVERIFIED,UNVERIFIED,NOT_RESEARCHED,UNRESOLVED,,,,Evidence review scaffold; no provider/primary evidence asserted. Manual research required.,2026-09-02T18:17:22.110176+00:00,UNRESOLVED_MANUAL,NO,,,NOT_STARTED
WS:XETR:SAPG.DE,,,XETR,,SAPG.DE,EUR,,EXACT,EXACT_PROVIDER_SYMBOL_NO_DATA,SAPG.DE,SAPG.DE,,UNVERIFIED,UNVERIFIED,UNVERIFIED,UNVERIFIED,NOT_RESEARCHED,UNRESOLVED,,,,Evidence review scaffold; no provider/primary evidence asserted. Manual research required.,2026-09-02T18:17:22.110176+00:00,UNRESOLVED_MANUAL,NO,,,NOT_STARTED
WS:XETR:SATG_P.DE,,,XETR,,SATG_p.DE,EUR,,CASE_ONLY,CASE_NORMALIZATION_SUSPECT,SATG_p.DE,SATG_P.DE,SRT3.DE,PRIMARY,UNVERIFIED,VERIFIED,UNVERIFIED,PROVIDER_EVIDENCE_REVIEWED,MEDIUM,,https://uk.finance.yahoo.com/quote/SRT3.DE/,,"Yahoo Finance concrete quote page identifies Sartorius AG preference shares under provider symbol SRT3.DE. The frozen Xetra RIC-style source ticker was reviewed; provider identity is plausible, but this batch does not assert HIGH because a concrete Deutsche Börse/official primary instrument page and full ISIN/share-class cross-check were not both captured in the current research record. No mapping apply.",2026-09-02T21:05:00Z,CONFIRMED_CURRENT_SYMBOL_BUT_PRICE_VERIFY_REQUIRED,YES,SRT3,,RESEARCHED
WS:XETR:SDFGN.DE,,,XETR,,SDFGn.DE,EUR,,CASE_ONLY,CASE_NORMALIZATION_SUSPECT,SDFGn.DE,SDFGN.DE,,UNVERIFIED,UNVERIFIED,UNVERIFIED,UNVERIFIED,NOT_RESEARCHED,UNRESOLVED,,,,Evidence review scaffold; no provider/primary evidence asserted. Manual research required.,2026-09-02T18:17:22.110176+00:00,UNRESOLVED_MANUAL,NO,,,NOT_STARTED
WS:XETR:SHLG.DE,,,XETR,,SHLG.DE,EUR,,EXACT,EXACT_PROVIDER_SYMBOL_NO_DATA,SHLG.DE,SHLG.DE,,UNVERIFIED,UNVERIFIED,UNVERIFIED,UNVERIFIED,NOT_RESEARCHED,UNRESOLVED,,,,Evidence review scaffold; no provider/primary evidence asserted. Manual research required.,2026-09-02T18:17:22.110176+00:00,UNRESOLVED_MANUAL,NO,,,NOT_STARTED
WS:XETR:SIEGN.DE,,,XETR,,SIEGn.DE,EUR,,CASE_ONLY,CASE_NORMALIZATION_SUSPECT,SIEGn.DE,SIEGN.DE,,UNVERIFIED,UNVERIFIED,UNVERIFIED,UNVERIFIED,NOT_RESEARCHED,UNRESOLVED,,,,Evidence review scaffold; no provider/primary evidence asserted. Manual research required.,2026-09-02T18:17:22.110176+00:00,UNRESOLVED_MANUAL,NO,,,NOT_STARTED
WS:XETR:SY1G.DE,,,XETR,,SY1G.DE,EUR,,EXACT,EXACT_PROVIDER_SYMBOL_NO_DATA,SY1G.DE,SY1G.DE,,UNVERIFIED,UNVERIFIED,UNVERIFIED,UNVERIFIED,NOT_RESEARCHED,UNRESOLVED,,,,Evidence review scaffold; no provider/primary evidence asserted. Manual research required.,2026-09-02T18:17:22.110176+00:00,UNRESOLVED_MANUAL,NO,,,NOT_STARTED
WS:XETR:TEGG.DE,,,XETR,,TEGG.DE,EUR,,EXACT,EXACT_PROVIDER_SYMBOL_NO_DATA,TEGG.DE,TEGG.DE,,UNVERIFIED,UNVERIFIED,UNVERIFIED,UNVERIFIED,NOT_RESEARCHED,UNRESOLVED,,,,Evidence review scaffold; no provider/primary evidence asserted. Manual research required.,2026-09-02T18:17:22.110176+00:00,UNRESOLVED_MANUAL,NO,,,NOT_STARTED
WS:XETR:TKAG.DE,,,XETR,,TKAG.DE,EUR,,EXACT,EXACT_PROVIDER_SYMBOL_NO_DATA,TKAG.DE,TKAG.DE,,UNVERIFIED,UNVERIFIED,UNVERIFIED,UNVERIFIED,NOT_RESEARCHED,UNRESOLVED,,,,Evidence review scaffold; no provider/primary evidence asserted. Manual research required.,2026-09-02T18:17:22.110176+00:00,UNRESOLVED_MANUAL,NO,,,NOT_STARTED
WS:XETR:TLXGN.DE,,,XETR,,TLXGn.DE,EUR,,CASE_ONLY,CASE_NORMALIZATION_SUSPECT,TLXGn.DE,TLXGN.DE,,UNVERIFIED,UNVERIFIED,UNVERIFIED,UNVERIFIED,NOT_RESEARCHED,UNRESOLVED,,,,Evidence review scaffold; no provider/primary evidence asserted. Manual research required.,2026-09-02T18:17:22.110176+00:00,UNRESOLVED_MANUAL,NO,,,NOT_STARTED
WS:XETR:TUI1N.DE,,,XETR,,TUI1n.DE,EUR,,CASE_ONLY,CASE_NORMALIZATION_SUSPECT,TUI1n.DE,TUI1N.DE,TUI1.DE,PRIMARY,UNVERIFIED,VERIFIED,UNVERIFIED,PROVIDER_EVIDENCE_REVIEWED,MEDIUM,,https://uk.finance.yahoo.com/quote/TUI1.DE/,,"Yahoo Finance concrete quote page identifies TUI AG under provider symbol TUI1.DE. The frozen Xetra RIC-style source ticker was reviewed; provider identity is plausible, but this batch does not assert HIGH because a concrete Deutsche Börse/official primary instrument page and full ISIN/share-class cross-check were not both captured in the current research record. No mapping apply.",2026-09-02T21:05:00Z,CONFIRMED_CURRENT_SYMBOL_BUT_PRICE_VERIFY_REQUIRED,YES,TUI1,,RESEARCHED
WS:XETR:VNAN.DE,,,XETR,,VNAn.DE,EUR,,CASE_ONLY,CASE_NORMALIZATION_SUSPECT,VNAn.DE,VNAN.DE,,UNVERIFIED,UNVERIFIED,UNVERIFIED,UNVERIFIED,NOT_RESEARCHED,UNRESOLVED,,,,Evidence review scaffold; no provider/primary evidence asserted. Manual research required.,2026-09-02T18:17:22.110176+00:00,UNRESOLVED_MANUAL,NO,,,NOT_STARTED
WS:XETR:VOWG_P.DE,,,XETR,,VOWG_p.DE,EUR,,CASE_ONLY,CASE_NORMALIZATION_SUSPECT,VOWG_p.DE,VOWG_P.DE,VOW3.DE,PRIMARY,UNVERIFIED,VERIFIED,UNVERIFIED,PROVIDER_EVIDENCE_REVIEWED,MEDIUM,,https://uk.finance.yahoo.com/quote/VOW3.DE/,,"Yahoo Finance concrete quote page identifies Volkswagen AG preference shares under provider symbol VOW3.DE. The frozen Xetra RIC-style source ticker was reviewed; provider identity is plausible, but this batch does not assert HIGH because a concrete Deutsche Börse/official primary instrument page and full ISIN/share-class cross-check were not both captured in the current research record. No mapping apply.",2026-09-02T21:05:00Z,CONFIRMED_CURRENT_SYMBOL_BUT_PRICE_VERIFY_REQUIRED,YES,VOW3,,RESEARCHED
WS:XETR:ZALG.DE,,,XETR,,ZALG.DE,EUR,,EXACT,EXACT_PROVIDER_SYMBOL_NO_DATA,ZALG.DE,ZALG.DE,,UNVERIFIED,UNVERIFIED,UNVERIFIED,UNVERIFIED,NOT_RESEARCHED,UNRESOLVED,,,,Evidence review scaffold; no provider/primary evidence asserted. Manual research required.,2026-09-02T18:17:22.110176+00:00,UNRESOLVED_MANUAL,NO,,,NOT_STARTED
WS:XHEL:KCRA.HE,,,XHEL,,KCRA.HE,EUR,,EXACT,EXACT_PROVIDER_SYMBOL_NO_DATA,KCRA.HE,KCRA.HE,,UNVERIFIED,UNVERIFIED,UNVERIFIED,UNVERIFIED,NOT_RESEARCHED,UNRESOLVED,,,,Evidence review scaffold; no provider/primary evidence asserted. Manual research required.,2026-09-02T18:17:22.110176+00:00,UNRESOLVED_MANUAL,NO,,,NOT_STARTED
WS:XHEL:NDAFI.HE,,,XHEL,,NDAFI.HE,EUR,,EXACT,EXACT_PROVIDER_SYMBOL_NO_DATA,NDAFI.HE,NDAFI.HE,,UNVERIFIED,UNVERIFIED,UNVERIFIED,UNVERIFIED,NOT_RESEARCHED,UNRESOLVED,,,,Evidence review scaffold; no provider/primary evidence asserted. Manual research required.,2026-09-02T18:17:22.110176+00:00,UNRESOLVED_MANUAL,NO,,,NOT_STARTED
WS:XLON:ADML.L,,,XLON,,ADML.L,GBP,,EXACT,EXACT_PROVIDER_SYMBOL_NO_DATA,ADML.L,ADML.L,,UNVERIFIED,UNVERIFIED,UNVERIFIED,UNVERIFIED,NOT_RESEARCHED,UNRESOLVED,,,,Evidence review scaffold; no provider/primary evidence asserted. Manual research required.,2026-09-02T18:17:22.110176+00:00,UNRESOLVED_MANUAL,NO,,,NOT_STARTED
WS:XLON:AUTOA.L,,,XLON,,AUTOA.L,GBP,,EXACT,EXACT_PROVIDER_SYMBOL_NO_DATA,AUTOA.L,AUTOA.L,,UNVERIFIED,UNVERIFIED,UNVERIFIED,UNVERIFIED,NOT_RESEARCHED,UNRESOLVED,,,,Evidence review scaffold; no provider/primary evidence asserted. Manual research required.,2026-09-02T18:17:22.110176+00:00,UNRESOLVED_MANUAL,NO,,,NOT_STARTED
WS:XLON:BALF.L,,,XLON,,BALF.L,GBP,,EXACT,EXACT_PROVIDER_SYMBOL_NO_DATA,BALF.L,BALF.L,,UNVERIFIED,UNVERIFIED,UNVERIFIED,UNVERIFIED,NOT_RESEARCHED,UNRESOLVED,,,,Evidence review scaffold; no provider/primary evidence asserted. Manual research required.,2026-09-02T18:17:22.110176+00:00,UNRESOLVED_MANUAL,NO,,,NOT_STARTED
WS:XLON:BBOXT.L,,,XLON,,BBOXT.L,GBP,,EXACT,EXACT_PROVIDER_SYMBOL_NO_DATA,BBOXT.L,BBOXT.L,,UNVERIFIED,UNVERIFIED,UNVERIFIED,UNVERIFIED,NOT_RESEARCHED,UNRESOLVED,,,,Evidence review scaffold; no provider/primary evidence asserted. Manual research required.,2026-09-02T18:17:22.110176+00:00,UNRESOLVED_MANUAL,NO,,,NOT_STARTED
WS:XLON:BEZG.L,,,XLON,,BEZG.L,GBP,,EXACT,EXACT_PROVIDER_SYMBOL_NO_DATA,BEZG.L,BEZG.L,,UNVERIFIED,UNVERIFIED,UNVERIFIED,UNVERIFIED,NOT_RESEARCHED,UNRESOLVED,,,,Evidence review scaffold; no provider/primary evidence asserted. Manual research required.,2026-09-02T18:17:22.110176+00:00,UNRESOLVED_MANUAL,NO,,,NOT_STARTED
WS:XLON:BKGH.L,,,XLON,,BKGH.L,GBP,,EXACT,EXACT_PROVIDER_SYMBOL_NO_DATA,BKGH.L,BKGH.L,,UNVERIFIED,UNVERIFIED,UNVERIFIED,UNVERIFIED,NOT_RESEARCHED,UNRESOLVED,,,,Evidence review scaffold; no provider/primary evidence asserted. Manual research required.,2026-09-02T18:17:22.110176+00:00,UNRESOLVED_MANUAL,NO,,,NOT_STARTED
WS:XLON:BPTB.L,,,XLON,,BPTB.L,GBP,,EXACT,EXACT_PROVIDER_SYMBOL_NO_DATA,BPTB.L,BPTB.L,,UNVERIFIED,UNVERIFIED,UNVERIFIED,UNVERIFIED,NOT_RESEARCHED,UNRESOLVED,,,,Evidence review scaffold; no provider/primary evidence asserted. Manual research required.,2026-09-02T18:17:22.110176+00:00,UNRESOLVED_MANUAL,NO,,,NOT_STARTED
WS:XLON:BT.L,,,XLON,,BT.L,GBP,,EXACT,EXACT_PROVIDER_SYMBOL_NO_DATA,BT.L,BT.L,,UNVERIFIED,UNVERIFIED,UNVERIFIED,UNVERIFIED,NOT_RESEARCHED,UNRESOLVED,,,,Evidence review scaffold; no provider/primary evidence asserted. Manual research required.,2026-09-02T18:17:22.110176+00:00,UNRESOLVED_MANUAL,NO,,,NOT_STARTED
WS:XLON:HOCM.L,,,XLON,,HOCM.L,GBP,,EXACT,EXACT_PROVIDER_SYMBOL_NO_DATA,HOCM.L,HOCM.L,,UNVERIFIED,UNVERIFIED,UNVERIFIED,UNVERIFIED,NOT_RESEARCHED,UNRESOLVED,,,,Evidence review scaffold; no provider/primary evidence asserted. Manual research required.,2026-09-02T18:17:22.110176+00:00,UNRESOLVED_MANUAL,NO,,,NOT_STARTED
WS:XLON:ICAG.L,,,XLON,,ICAG.L,GBP,,EXACT,EXACT_PROVIDER_SYMBOL_NO_DATA,ICAG.L,ICAG.L,,UNVERIFIED,UNVERIFIED,UNVERIFIED,UNVERIFIED,NOT_RESEARCHED,UNRESOLVED,,,,Evidence review scaffold; no provider/primary evidence asserted. Manual research required.,2026-09-02T18:17:22.110176+00:00,UNRESOLVED_MANUAL,NO,,,NOT_STARTED
WS:XLON:ICGIN.L,,,XLON,,ICGIN.L,GBP,,EXACT,EXACT_PROVIDER_SYMBOL_NO_DATA,ICGIN.L,ICGIN.L,,UNVERIFIED,UNVERIFIED,UNVERIFIED,UNVERIFIED,NOT_RESEARCHED,UNRESOLVED,,,,Evidence review scaffold; no provider/primary evidence asserted. Manual research required.,2026-09-02T18:17:22.110176+00:00,UNRESOLVED_MANUAL,NO,,,NOT_STARTED
WS:XLON:MRON.L,,,XLON,,MRON.L,GBP,,EXACT,EXACT_PROVIDER_SYMBOL_NO_DATA,MRON.L,MRON.L,,UNVERIFIED,UNVERIFIED,UNVERIFIED,UNVERIFIED,NOT_RESEARCHED,UNRESOLVED,,,,Evidence review scaffold; no provider/primary evidence asserted. Manual research required.,2026-09-02T18:17:22.110176+00:00,UNRESOLVED_MANUAL,NO,,,NOT_STARTED
WS:XLON:PAFR.L,,,XLON,,PAFR.L,GBP,,EXACT,EXACT_PROVIDER_SYMBOL_NO_DATA,PAFR.L,PAFR.L,,UNVERIFIED,UNVERIFIED,UNVERIFIED,UNVERIFIED,NOT_RESEARCHED,UNRESOLVED,,,,Evidence review scaffold; no provider/primary evidence asserted. Manual research required.,2026-09-02T18:17:22.110176+00:00,UNRESOLVED_MANUAL,NO,,,NOT_STARTED
WS:XLON:PLUSP.L,,,XLON,,PLUSP.L,GBP,,EXACT,EXACT_PROVIDER_SYMBOL_NO_DATA,PLUSP.L,PLUSP.L,,UNVERIFIED,UNVERIFIED,UNVERIFIED,UNVERIFIED,NOT_RESEARCHED,UNRESOLVED,,,,Evidence review scaffold; no provider/primary evidence asserted. Manual research required.,2026-09-02T18:17:22.110176+00:00,UNRESOLVED_MANUAL,NO,,,NOT_STARTED
WS:XLON:RS1R.L,,,XLON,,RS1R.L,GBP,,EXACT,EXACT_PROVIDER_SYMBOL_NO_DATA,RS1R.L,RS1R.L,,UNVERIFIED,UNVERIFIED,UNVERIFIED,UNVERIFIED,NOT_RESEARCHED,UNRESOLVED,,,,Evidence review scaffold; no provider/primary evidence asserted. Manual research required.,2026-09-02T18:17:22.110176+00:00,UNRESOLVED_MANUAL,NO,,,NOT_STARTED
WS:XLON:SHCS.L,,,XLON,,SHCS.L,GBP,,EXACT,EXACT_PROVIDER_SYMBOL_NO_DATA,SHCS.L,SHCS.L,,UNVERIFIED,UNVERIFIED,UNVERIFIED,UNVERIFIED,NOT_RESEARCHED,UNRESOLVED,,,,Evidence review scaffold; no provider/primary evidence asserted. Manual research required.,2026-09-02T18:17:22.110176+00:00,UNRESOLVED_MANUAL,NO,,,NOT_STARTED
WS:XLON:SJP.L,,,XLON,,SJP.L,GBP,,EXACT,EXACT_PROVIDER_SYMBOL_NO_DATA,SJP.L,SJP.L,,UNVERIFIED,UNVERIFIED,UNVERIFIED,UNVERIFIED,NOT_RESEARCHED,UNRESOLVED,,,,Evidence review scaffold; no provider/primary evidence asserted. Manual research required.,2026-09-02T18:17:22.110176+00:00,UNRESOLVED_MANUAL,NO,,,NOT_STARTED
WS:XLON:TCAPI.L,,,XLON,,TCAPI.L,GBP,,EXACT,EXACT_PROVIDER_SYMBOL_NO_DATA,TCAPI.L,TCAPI.L,,UNVERIFIED,UNVERIFIED,UNVERIFIED,UNVERIFIED,NOT_RESEARCHED,UNRESOLVED,,,,Evidence review scaffold; no provider/primary evidence asserted. Manual research required.,2026-09-02T18:17:22.110176+00:00,UNRESOLVED_MANUAL,NO,,,NOT_STARTED
WS:XMAD:AMA.MC,,,XMAD,,AMA.MC,EUR,,EXACT,EXACT_PROVIDER_SYMBOL_NO_DATA,AMA.MC,AMA.MC,,UNVERIFIED,UNVERIFIED,UNVERIFIED,UNVERIFIED,NOT_RESEARCHED,UNRESOLVED,,,,Evidence review scaffold; no provider/primary evidence asserted. Manual research required.,2026-09-02T18:17:22.110176+00:00,UNRESOLVED_MANUAL,NO,,,NOT_STARTED
WS:XMAD:ENAG.MC,,,XMAD,,ENAG.MC,EUR,,EXACT,EXACT_PROVIDER_SYMBOL_NO_DATA,ENAG.MC,ENAG.MC,,UNVERIFIED,UNVERIFIED,UNVERIFIED,UNVERIFIED,NOT_RESEARCHED,UNRESOLVED,,,,Evidence review scaffold; no provider/primary evidence asserted. Manual research required.,2026-09-02T18:17:22.110176+00:00,UNRESOLVED_MANUAL,NO,,,NOT_STARTED
WS:XMAD:GRLS.MC,,,XMAD,,GRLS.MC,EUR,,EXACT,EXACT_PROVIDER_SYMBOL_NO_DATA,GRLS.MC,GRLS.MC,,UNVERIFIED,UNVERIFIED,UNVERIFIED,UNVERIFIED,NOT_RESEARCHED,UNRESOLVED,,,,Evidence review scaffold; no provider/primary evidence asserted. Manual research required.,2026-09-02T18:17:22.110176+00:00,UNRESOLVED_MANUAL,NO,,,NOT_STARTED
WS:XMAD:PUIGB.MC,,,XMAD,,PUIGb.MC,EUR,,CASE_ONLY,CASE_NORMALIZATION_SUSPECT,PUIGb.MC,PUIGB.MC,,UNVERIFIED,UNVERIFIED,UNVERIFIED,UNVERIFIED,NOT_RESEARCHED,UNRESOLVED,,,,Evidence review scaffold; no provider/primary evidence asserted. Manual research required.,2026-09-02T18:17:22.110176+00:00,UNRESOLVED_MANUAL,NO,,,NOT_STARTED
WS:XMAD:REDE.MC,,,XMAD,,REDE.MC,EUR,,EXACT,EXACT_PROVIDER_SYMBOL_NO_DATA,REDE.MC,REDE.MC,,UNVERIFIED,UNVERIFIED,UNVERIFIED,UNVERIFIED,NOT_RESEARCHED,UNRESOLVED,,,,Evidence review scaffold; no provider/primary evidence asserted. Manual research required.,2026-09-02T18:17:22.110176+00:00,UNRESOLVED_MANUAL,NO,,,NOT_STARTED
WS:XMAD:SABE.MC,,,XMAD,,SABE.MC,EUR,,EXACT,EXACT_PROVIDER_SYMBOL_NO_DATA,SABE.MC,SABE.MC,,UNVERIFIED,UNVERIFIED,UNVERIFIED,UNVERIFIED,NOT_RESEARCHED,UNRESOLVED,,,,Evidence review scaffold; no provider/primary evidence asserted. Manual research required.,2026-09-02T18:17:22.110176+00:00,UNRESOLVED_MANUAL,NO,,,NOT_STARTED
WS:XMIL:A2.MI,,,XMIL,,A2.MI,EUR,,EXACT,EXACT_PROVIDER_SYMBOL_NO_DATA,A2.MI,A2.MI,,UNVERIFIED,UNVERIFIED,UNVERIFIED,UNVERIFIED,NOT_RESEARCHED,UNRESOLVED,,,,Evidence review scaffold; no provider/primary evidence asserted. Manual research required.,2026-09-02T18:17:22.110176+00:00,UNRESOLVED_MANUAL,NO,,,NOT_STARTED
WS:XMIL:AZMT.MI,,,XMIL,,AZMT.MI,EUR,,EXACT,EXACT_PROVIDER_SYMBOL_NO_DATA,AZMT.MI,AZMT.MI,,UNVERIFIED,UNVERIFIED,UNVERIFIED,UNVERIFIED,NOT_RESEARCHED,UNRESOLVED,,,,Evidence review scaffold; no provider/primary evidence asserted. Manual research required.,2026-09-02T18:17:22.110176+00:00,UNRESOLVED_MANUAL,NO,,,NOT_STARTED
WS:XMIL:BCU.MI,,,XMIL,,BCU.MI,EUR,,EXACT,EXACT_PROVIDER_SYMBOL_NO_DATA,BCU.MI,BCU.MI,,UNVERIFIED,UNVERIFIED,UNVERIFIED,UNVERIFIED,NOT_RESEARCHED,UNRESOLVED,,,,Evidence review scaffold; no provider/primary evidence asserted. Manual research required.,2026-09-02T18:17:22.110176+00:00,UNRESOLVED_MANUAL,NO,,,NOT_STARTED
WS:XMIL:CPRI.MI,,,XMIL,,CPRI.MI,EUR,,EXACT,EXACT_PROVIDER_SYMBOL_NO_DATA,CPRI.MI,CPRI.MI,,UNVERIFIED,UNVERIFIED,UNVERIFIED,UNVERIFIED,NOT_RESEARCHED,UNRESOLVED,,,,Evidence review scaffold; no provider/primary evidence asserted. Manual research required.,2026-09-02T18:17:22.110176+00:00,UNRESOLVED_MANUAL,NO,,,NOT_STARTED
WS:XMIL:CRDI.MI,,,XMIL,,CRDI.MI,EUR,,EXACT,EXACT_PROVIDER_SYMBOL_NO_DATA,CRDI.MI,CRDI.MI,,UNVERIFIED,UNVERIFIED,UNVERIFIED,UNVERIFIED,NOT_RESEARCHED,UNRESOLVED,,,,Evidence review scaffold; no provider/primary evidence asserted. Manual research required.,2026-09-02T18:17:22.110176+00:00,UNRESOLVED_MANUAL,NO,,,NOT_STARTED
WS:XMIL:EMII.MI,,,XMIL,,EMII.MI,EUR,,EXACT,EXACT_PROVIDER_SYMBOL_NO_DATA,EMII.MI,EMII.MI,,UNVERIFIED,UNVERIFIED,UNVERIFIED,UNVERIFIED,NOT_RESEARCHED,UNRESOLVED,,,,Evidence review scaffold; no provider/primary evidence asserted. Manual research required.,2026-09-02T18:17:22.110176+00:00,UNRESOLVED_MANUAL,NO,,,NOT_STARTED
WS:XMIL:ENEI.MI,,,XMIL,,ENEI.MI,EUR,,EXACT,EXACT_PROVIDER_SYMBOL_NO_DATA,ENEI.MI,ENEI.MI,,UNVERIFIED,UNVERIFIED,UNVERIFIED,UNVERIFIED,NOT_RESEARCHED,UNRESOLVED,,,,Evidence review scaffold; no provider/primary evidence asserted. Manual research required.,2026-09-02T18:17:22.110176+00:00,UNRESOLVED_MANUAL,NO,,,NOT_STARTED
WS:XMIL:GASI.MI,,,XMIL,,GASI.MI,EUR,,EXACT,EXACT_PROVIDER_SYMBOL_NO_DATA,GASI.MI,GASI.MI,,UNVERIFIED,UNVERIFIED,UNVERIFIED,UNVERIFIED,NOT_RESEARCHED,UNRESOLVED,,,,Evidence review scaffold; no provider/primary evidence asserted. Manual research required.,2026-09-02T18:17:22.110176+00:00,UNRESOLVED_MANUAL,NO,,,NOT_STARTED
WS:XMIL:HRA.MI,,,XMIL,,HRA.MI,EUR,,EXACT,EXACT_PROVIDER_SYMBOL_NO_DATA,HRA.MI,HRA.MI,,UNVERIFIED,UNVERIFIED,UNVERIFIED,UNVERIFIED,NOT_RESEARCHED,UNRESOLVED,,,,Evidence review scaffold; no provider/primary evidence asserted. Manual research required.,2026-09-02T18:17:22.110176+00:00,UNRESOLVED_MANUAL,NO,,,NOT_STARTED
WS:XMIL:ITPG.MI,,,XMIL,,ITPG.MI,EUR,,EXACT,EXACT_PROVIDER_SYMBOL_NO_DATA,ITPG.MI,ITPG.MI,,UNVERIFIED,UNVERIFIED,UNVERIFIED,UNVERIFIED,NOT_RESEARCHED,UNRESOLVED,,,,Evidence review scaffold; no provider/primary evidence asserted. Manual research required.,2026-09-02T18:17:22.110176+00:00,UNRESOLVED_MANUAL,NO,,,NOT_STARTED
WS:XMIL:LDOF.MI,,,XMIL,,LDOF.MI,EUR,,EXACT,EXACT_PROVIDER_SYMBOL_NO_DATA,LDOF.MI,LDOF.MI,,UNVERIFIED,UNVERIFIED,UNVERIFIED,UNVERIFIED,NOT_RESEARCHED,UNRESOLVED,,,,Evidence review scaffold; no provider/primary evidence asserted. Manual research required.,2026-09-02T18:17:22.110176+00:00,UNRESOLVED_MANUAL,NO,,,NOT_STARTED
WS:XMIL:NEXII.MI,,,XMIL,,NEXII.MI,EUR,,EXACT,EXACT_PROVIDER_SYMBOL_NO_DATA,NEXII.MI,NEXII.MI,,UNVERIFIED,UNVERIFIED,UNVERIFIED,UNVERIFIED,NOT_RESEARCHED,UNRESOLVED,,,,Evidence review scaffold; no provider/primary evidence asserted. Manual research required.,2026-09-02T18:17:22.110176+00:00,UNRESOLVED_MANUAL,NO,,,NOT_STARTED
WS:XMIL:RECI.MI,,,XMIL,,RECI.MI,EUR,,EXACT,EXACT_PROVIDER_SYMBOL_NO_DATA,RECI.MI,RECI.MI,,UNVERIFIED,UNVERIFIED,UNVERIFIED,UNVERIFIED,NOT_RESEARCHED,UNRESOLVED,,,,Evidence review scaffold; no provider/primary evidence asserted. Manual research required.,2026-09-02T18:17:22.110176+00:00,UNRESOLVED_MANUAL,NO,,,NOT_STARTED
WS:XMIL:SPMI.MI,,,XMIL,,SPMI.MI,EUR,,EXACT,EXACT_PROVIDER_SYMBOL_NO_DATA,SPMI.MI,SPMI.MI,,UNVERIFIED,UNVERIFIED,UNVERIFIED,UNVERIFIED,NOT_RESEARCHED,UNRESOLVED,,,,Evidence review scaffold; no provider/primary evidence asserted. Manual research required.,2026-09-02T18:17:22.110176+00:00,UNRESOLVED_MANUAL,NO,,,NOT_STARTED
WS:XMIL:TENR.MI,,,XMIL,,TENR.MI,EUR,,EXACT,EXACT_PROVIDER_SYMBOL_NO_DATA,TENR.MI,TENR.MI,,UNVERIFIED,UNVERIFIED,UNVERIFIED,UNVERIFIED,NOT_RESEARCHED,UNRESOLVED,,,,Evidence review scaffold; no provider/primary evidence asserted. Manual research required.,2026-09-02T18:17:22.110176+00:00,UNRESOLVED_MANUAL,NO,,,NOT_STARTED
WS:XMIL:TLIT.MI,,,XMIL,,TLIT.MI,EUR,,EXACT,EXACT_PROVIDER_SYMBOL_NO_DATA,TLIT.MI,TLIT.MI,,UNVERIFIED,UNVERIFIED,UNVERIFIED,UNVERIFIED,NOT_RESEARCHED,UNRESOLVED,,,,Evidence review scaffold; no provider/primary evidence asserted. Manual research required.,2026-09-02T18:17:22.110176+00:00,UNRESOLVED_MANUAL,NO,,,NOT_STARTED
WS:XMIL:UNPI.MI,,,XMIL,,UNPI.MI,EUR,,EXACT,EXACT_PROVIDER_SYMBOL_NO_DATA,UNPI.MI,UNPI.MI,,UNVERIFIED,UNVERIFIED,UNVERIFIED,UNVERIFIED,NOT_RESEARCHED,UNRESOLVED,,,,Evidence review scaffold; no provider/primary evidence asserted. Manual research required.,2026-09-02T18:17:22.110176+00:00,UNRESOLVED_MANUAL,NO,,,NOT_STARTED
WS:XOSL:GJFG.OL,,,XOSL,,GJFG.OL,NOK,,EXACT,EXACT_PROVIDER_SYMBOL_NO_DATA,GJFG.OL,GJFG.OL,,UNVERIFIED,UNVERIFIED,UNVERIFIED,UNVERIFIED,NOT_RESEARCHED,UNRESOLVED,,,,Evidence review scaffold; no provider/primary evidence asserted. Manual research required.,2026-09-02T18:17:22.110176+00:00,UNRESOLVED_MANUAL,NO,,,NOT_STARTED
WS:XPAR:ACCP.PA,,,XPAR,,ACCP.PA,EUR,,EXACT,EXACT_PROVIDER_SYMBOL_NO_DATA,ACCP.PA,ACCP.PA,,UNVERIFIED,UNVERIFIED,UNVERIFIED,UNVERIFIED,NOT_RESEARCHED,UNRESOLVED,,,,Evidence review scaffold; no provider/primary evidence asserted. Manual research required.,2026-09-02T18:17:22.110176+00:00,UNRESOLVED_MANUAL,NO,,,NOT_STARTED
WS:XPAR:AIRP.PA,,,XPAR,,AIRP.PA,EUR,,EXACT,EXACT_PROVIDER_SYMBOL_NO_DATA,AIRP.PA,AIRP.PA,,UNVERIFIED,UNVERIFIED,UNVERIFIED,UNVERIFIED,NOT_RESEARCHED,UNRESOLVED,,,,Evidence review scaffold; no provider/primary evidence asserted. Manual research required.,2026-09-02T18:17:22.110176+00:00,UNRESOLVED_MANUAL,NO,,,NOT_STARTED
WS:XPAR:ALSO.PA,,,XPAR,,ALSO.PA,EUR,,EXACT,EXACT_PROVIDER_SYMBOL_NO_DATA,ALSO.PA,ALSO.PA,,UNVERIFIED,UNVERIFIED,UNVERIFIED,UNVERIFIED,NOT_RESEARCHED,UNRESOLVED,,,,Evidence review scaffold; no provider/primary evidence asserted. Manual research required.,2026-09-02T18:17:22.110176+00:00,UNRESOLVED_MANUAL,NO,,,NOT_STARTED
WS:XPAR:AXAF.PA,,,XPAR,,AXAF.PA,EUR,,EXACT,EXACT_PROVIDER_SYMBOL_NO_DATA,AXAF.PA,AXAF.PA,,UNVERIFIED,UNVERIFIED,UNVERIFIED,UNVERIFIED,NOT_RESEARCHED,UNRESOLVED,,,,Evidence review scaffold; no provider/primary evidence asserted. Manual research required.,2026-09-02T18:17:22.110176+00:00,UNRESOLVED_MANUAL,NO,,,NOT_STARTED
WS:XPAR:BIOX.PA,,,XPAR,,BIOX.PA,EUR,,EXACT,EXACT_PROVIDER_SYMBOL_NO_DATA,BIOX.PA,BIOX.PA,,UNVERIFIED,UNVERIFIED,UNVERIFIED,UNVERIFIED,NOT_RESEARCHED,UNRESOLVED,,,,Evidence review scaffold; no provider/primary evidence asserted. Manual research required.,2026-09-02T18:17:22.110176+00:00,UNRESOLVED_MANUAL,NO,,,NOT_STARTED
WS:XPAR:BNPP.PA,,,XPAR,,BNPP.PA,EUR,,EXACT,EXACT_PROVIDER_SYMBOL_NO_DATA,BNPP.PA,BNPP.PA,,UNVERIFIED,UNVERIFIED,UNVERIFIED,UNVERIFIED,NOT_RESEARCHED,UNRESOLVED,,,,Evidence review scaffold; no provider/primary evidence asserted. Manual research required.,2026-09-02T18:17:22.110176+00:00,UNRESOLVED_MANUAL,NO,,,NOT_STARTED
WS:XPAR:BOLL.PA,,,XPAR,,BOLL.PA,EUR,,EXACT,EXACT_PROVIDER_SYMBOL_NO_DATA,BOLL.PA,BOLL.PA,,UNVERIFIED,UNVERIFIED,UNVERIFIED,UNVERIFIED,NOT_RESEARCHED,UNRESOLVED,,,,Evidence review scaffold; no provider/primary evidence asserted. Manual research required.,2026-09-02T18:17:22.110176+00:00,UNRESOLVED_MANUAL,NO,,,NOT_STARTED
WS:XPAR:BOUY.PA,,,XPAR,,BOUY.PA,EUR,,EXACT,EXACT_PROVIDER_SYMBOL_NO_DATA,BOUY.PA,BOUY.PA,,UNVERIFIED,UNVERIFIED,UNVERIFIED,UNVERIFIED,NOT_RESEARCHED,UNRESOLVED,,,,Evidence review scaffold; no provider/primary evidence asserted. Manual research required.,2026-09-02T18:17:22.110176+00:00,UNRESOLVED_MANUAL,NO,,,NOT_STARTED
WS:XPAR:CAGR.PA,,,XPAR,,CAGR.PA,EUR,,EXACT,EXACT_PROVIDER_SYMBOL_NO_DATA,CAGR.PA,CAGR.PA,,UNVERIFIED,UNVERIFIED,UNVERIFIED,UNVERIFIED,NOT_RESEARCHED,UNRESOLVED,,,,Evidence review scaffold; no provider/primary evidence asserted. Manual research required.,2026-09-02T18:17:22.110176+00:00,UNRESOLVED_MANUAL,NO,,,NOT_STARTED
WS:XPAR:CAPP.PA,,,XPAR,,CAPP.PA,EUR,,EXACT,EXACT_PROVIDER_SYMBOL_NO_DATA,CAPP.PA,CAPP.PA,,UNVERIFIED,UNVERIFIED,UNVERIFIED,UNVERIFIED,NOT_RESEARCHED,UNRESOLVED,,,,Evidence review scaffold; no provider/primary evidence asserted. Manual research required.,2026-09-02T18:17:22.110176+00:00,UNRESOLVED_MANUAL,NO,,,NOT_STARTED
WS:XPAR:CARR.PA,,,XPAR,,CARR.PA,EUR,,EXACT,EXACT_PROVIDER_SYMBOL_NO_DATA,CARR.PA,CARR.PA,,UNVERIFIED,UNVERIFIED,UNVERIFIED,UNVERIFIED,NOT_RESEARCHED,UNRESOLVED,,,,Evidence review scaffold; no provider/primary evidence asserted. Manual research required.,2026-09-02T18:17:22.110176+00:00,UNRESOLVED_MANUAL,NO,,,NOT_STARTED
WS:XPAR:CVO.PA,,,XPAR,,CVO.PA,EUR,,EXACT,EXACT_PROVIDER_SYMBOL_NO_DATA,CVO.PA,CVO.PA,,UNVERIFIED,UNVERIFIED,UNVERIFIED,UNVERIFIED,NOT_RESEARCHED,UNRESOLVED,,,,Evidence review scaffold; no provider/primary evidence asserted. Manual research required.,2026-09-02T18:17:22.110176+00:00,UNRESOLVED_MANUAL,NO,,,NOT_STARTED
WS:XPAR:DANO.PA,,,XPAR,,DANO.PA,EUR,,EXACT,EXACT_PROVIDER_SYMBOL_NO_DATA,DANO.PA,DANO.PA,,UNVERIFIED,UNVERIFIED,UNVERIFIED,UNVERIFIED,NOT_RESEARCHED,UNRESOLVED,,,,Evidence review scaffold; no provider/primary evidence asserted. Manual research required.,2026-09-02T18:17:22.110176+00:00,UNRESOLVED_MANUAL,NO,,,NOT_STARTED
WS:XPAR:DAST.PA,,,XPAR,,DAST.PA,EUR,,EXACT,EXACT_PROVIDER_SYMBOL_NO_DATA,DAST.PA,DAST.PA,,UNVERIFIED,UNVERIFIED,UNVERIFIED,UNVERIFIED,NOT_RESEARCHED,UNRESOLVED,,,,Evidence review scaffold; no provider/primary evidence asserted. Manual research required.,2026-09-02T18:17:22.110176+00:00,UNRESOLVED_MANUAL,NO,,,NOT_STARTED
WS:XPAR:ENGIE.PA,,,XPAR,,ENGIE.PA,EUR,,EXACT,EXACT_PROVIDER_SYMBOL_NO_DATA,ENGIE.PA,ENGIE.PA,,UNVERIFIED,UNVERIFIED,UNVERIFIED,UNVERIFIED,NOT_RESEARCHED,UNRESOLVED,,,,Evidence review scaffold; no provider/primary evidence asserted. Manual research required.,2026-09-02T18:17:22.110176+00:00,UNRESOLVED_MANUAL,NO,,,NOT_STARTED
WS:XPAR:ESLX.PA,,,XPAR,,ESLX.PA,EUR,,EXACT,EXACT_PROVIDER_SYMBOL_NO_DATA,ESLX.PA,ESLX.PA,,UNVERIFIED,UNVERIFIED,UNVERIFIED,UNVERIFIED,NOT_RESEARCHED,UNRESOLVED,,,,Evidence review scaffold; no provider/primary evidence asserted. Manual research required.,2026-09-02T18:17:22.110176+00:00,UNRESOLVED_MANUAL,NO,,,NOT_STARTED
WS:XPAR:EUFI.PA,,,XPAR,,EUFI.PA,EUR,,EXACT,EXACT_PROVIDER_SYMBOL_NO_DATA,EUFI.PA,EUFI.PA,,UNVERIFIED,UNVERIFIED,UNVERIFIED,UNVERIFIED,NOT_RESEARCHED,UNRESOLVED,,,,Evidence review scaffold; no provider/primary evidence asserted. Manual research required.,2026-09-02T18:17:22.110176+00:00,UNRESOLVED_MANUAL,NO,,,NOT_STARTED
WS:XPAR:EXHO.PA,,,XPAR,,EXHO.PA,EUR,,EXACT,EXACT_PROVIDER_SYMBOL_NO_DATA,EXHO.PA,EXHO.PA,,UNVERIFIED,UNVERIFIED,UNVERIFIED,UNVERIFIED,NOT_RESEARCHED,UNRESOLVED,,,,Evidence review scaffold; no provider/primary evidence asserted. Manual research required.,2026-09-02T18:17:22.110176+00:00,UNRESOLVED_MANUAL,NO,,,NOT_STARTED
WS:XPAR:FOUG.PA,,,XPAR,,FOUG.PA,EUR,,EXACT,EXACT_PROVIDER_SYMBOL_NO_DATA,FOUG.PA,FOUG.PA,,UNVERIFIED,UNVERIFIED,UNVERIFIED,UNVERIFIED,NOT_RESEARCHED,UNRESOLVED,,,,Evidence review scaffold; no provider/primary evidence asserted. Manual research required.,2026-09-02T18:17:22.110176+00:00,UNRESOLVED_MANUAL,NO,,,NOT_STARTED
WS:XPAR:GETP.PA,,,XPAR,,GETP.PA,EUR,,EXACT,EXACT_PROVIDER_SYMBOL_NO_DATA,GETP.PA,GETP.PA,,UNVERIFIED,UNVERIFIED,UNVERIFIED,UNVERIFIED,NOT_RESEARCHED,UNRESOLVED,,,,Evidence review scaffold; no provider/primary evidence asserted. Manual research required.,2026-09-02T18:17:22.110176+00:00,UNRESOLVED_MANUAL,NO,,,NOT_STARTED
WS:XPAR:GFCP.PA,,,XPAR,,GFCP.PA,EUR,,EXACT,EXACT_PROVIDER_SYMBOL_NO_DATA,GFCP.PA,GFCP.PA,,UNVERIFIED,UNVERIFIED,UNVERIFIED,UNVERIFIED,NOT_RESEARCHED,UNRESOLVED,,,,Evidence review scaffold; no provider/primary evidence asserted. Manual research required.,2026-09-02T18:17:22.110176+00:00,UNRESOLVED_MANUAL,NO,,,NOT_STARTED
WS:XPAR:HRMS.PA,,,XPAR,,HRMS.PA,EUR,,EXACT,EXACT_PROVIDER_SYMBOL_NO_DATA,HRMS.PA,HRMS.PA,,UNVERIFIED,UNVERIFIED,UNVERIFIED,UNVERIFIED,NOT_RESEARCHED,UNRESOLVED,,,,Evidence review scaffold; no provider/primary evidence asserted. Manual research required.,2026-09-02T18:17:22.110176+00:00,UNRESOLVED_MANUAL,NO,,,NOT_STARTED
WS:XPAR:LEGD.PA,,,XPAR,,LEGD.PA,EUR,,EXACT,EXACT_PROVIDER_SYMBOL_NO_DATA,LEGD.PA,LEGD.PA,,UNVERIFIED,UNVERIFIED,UNVERIFIED,UNVERIFIED,NOT_RESEARCHED,UNRESOLVED,,,,Evidence review scaffold; no provider/primary evidence asserted. Manual research required.,2026-09-02T18:17:22.110176+00:00,UNRESOLVED_MANUAL,NO,,,NOT_STARTED
WS:XPAR:LOIM.PA,,,XPAR,,LOIM.PA,EUR,,EXACT,EXACT_PROVIDER_SYMBOL_NO_DATA,LOIM.PA,LOIM.PA,,UNVERIFIED,UNVERIFIED,UNVERIFIED,UNVERIFIED,NOT_RESEARCHED,UNRESOLVED,,,,Evidence review scaffold; no provider/primary evidence asserted. Manual research required.,2026-09-02T18:17:22.110176+00:00,UNRESOLVED_MANUAL,NO,,,NOT_STARTED
WS:XPAR:LVMH.PA,,,XPAR,,LVMH.PA,EUR,,EXACT,EXACT_PROVIDER_SYMBOL_NO_DATA,LVMH.PA,LVMH.PA,,UNVERIFIED,UNVERIFIED,UNVERIFIED,UNVERIFIED,NOT_RESEARCHED,UNRESOLVED,,,,Evidence review scaffold; no provider/primary evidence asserted. Manual research required.,2026-09-02T18:17:22.110176+00:00,UNRESOLVED_MANUAL,NO,,,NOT_STARTED
WS:XPAR:MICP.PA,,,XPAR,,MICP.PA,EUR,,EXACT,EXACT_PROVIDER_SYMBOL_NO_DATA,MICP.PA,MICP.PA,,UNVERIFIED,UNVERIFIED,UNVERIFIED,UNVERIFIED,NOT_RESEARCHED,UNRESOLVED,,,,Evidence review scaffold; no provider/primary evidence asserted. Manual research required.,2026-09-02T18:17:22.110176+00:00,UNRESOLVED_MANUAL,NO,,,NOT_STARTED
WS:XPAR:NEXS.PA,,,XPAR,,NEXS.PA,EUR,,EXACT,EXACT_PROVIDER_SYMBOL_NO_DATA,NEXS.PA,NEXS.PA,,UNVERIFIED,UNVERIFIED,UNVERIFIED,UNVERIFIED,NOT_RESEARCHED,UNRESOLVED,,,,Evidence review scaffold; no provider/primary evidence asserted. Manual research required.,2026-09-02T18:17:22.110176+00:00,UNRESOLVED_MANUAL,NO,,,NOT_STARTED
WS:XPAR:ORAN.PA,,,XPAR,,ORAN.PA,EUR,,EXACT,EXACT_PROVIDER_SYMBOL_NO_DATA,ORAN.PA,ORAN.PA,,UNVERIFIED,UNVERIFIED,UNVERIFIED,UNVERIFIED,NOT_RESEARCHED,UNRESOLVED,,,,Evidence review scaffold; no provider/primary evidence asserted. Manual research required.,2026-09-02T18:17:22.110176+00:00,UNRESOLVED_MANUAL,NO,,,NOT_STARTED
WS:XPAR:OREP.PA,,,XPAR,,OREP.PA,EUR,,EXACT,EXACT_PROVIDER_SYMBOL_NO_DATA,OREP.PA,OREP.PA,,UNVERIFIED,UNVERIFIED,UNVERIFIED,UNVERIFIED,NOT_RESEARCHED,UNRESOLVED,,,,Evidence review scaffold; no provider/primary evidence asserted. Manual research required.,2026-09-02T18:17:22.110176+00:00,UNRESOLVED_MANUAL,NO,,,NOT_STARTED
WS:XPAR:PERP.PA,,,XPAR,,PERP.PA,EUR,,EXACT,EXACT_PROVIDER_SYMBOL_NO_DATA,PERP.PA,PERP.PA,,UNVERIFIED,UNVERIFIED,UNVERIFIED,UNVERIFIED,NOT_RESEARCHED,UNRESOLVED,,,,Evidence review scaffold; no provider/primary evidence asserted. Manual research required.,2026-09-02T18:17:22.110176+00:00,UNRESOLVED_MANUAL,NO,,,NOT_STARTED
WS:XPAR:PRTP.PA,,,XPAR,,PRTP.PA,EUR,,EXACT,EXACT_PROVIDER_SYMBOL_NO_DATA,PRTP.PA,PRTP.PA,,UNVERIFIED,UNVERIFIED,UNVERIFIED,UNVERIFIED,NOT_RESEARCHED,UNRESOLVED,,,,Evidence review scaffold; no provider/primary evidence asserted. Manual research required.,2026-09-02T18:17:22.110176+00:00,UNRESOLVED_MANUAL,NO,,,NOT_STARTED
WS:XPAR:PUBP.PA,,,XPAR,,PUBP.PA,EUR,,EXACT,EXACT_PROVIDER_SYMBOL_NO_DATA,PUBP.PA,PUBP.PA,,UNVERIFIED,UNVERIFIED,UNVERIFIED,UNVERIFIED,NOT_RESEARCHED,UNRESOLVED,,,,Evidence review scaffold; no provider/primary evidence asserted. Manual research required.,2026-09-02T18:17:22.110176+00:00,UNRESOLVED_MANUAL,NO,,,NOT_STARTED
WS:XPAR:RENA.PA,,,XPAR,,RENA.PA,EUR,,EXACT,EXACT_PROVIDER_SYMBOL_NO_DATA,RENA.PA,RENA.PA,,UNVERIFIED,UNVERIFIED,UNVERIFIED,UNVERIFIED,NOT_RESEARCHED,UNRESOLVED,,,,Evidence review scaffold; no provider/primary evidence asserted. Manual research required.,2026-09-02T18:17:22.110176+00:00,UNRESOLVED_MANUAL,NO,,,NOT_STARTED
WS:XPAR:RUBF.PA,,,XPAR,,RUBF.PA,EUR,,EXACT,EXACT_PROVIDER_SYMBOL_NO_DATA,RUBF.PA,RUBF.PA,,UNVERIFIED,UNVERIFIED,UNVERIFIED,UNVERIFIED,NOT_RESEARCHED,UNRESOLVED,,,,Evidence review scaffold; no provider/primary evidence asserted. Manual research required.,2026-09-02T18:17:22.110176+00:00,UNRESOLVED_MANUAL,NO,,,NOT_STARTED
WS:XPAR:SASY.PA,,,XPAR,,SASY.PA,EUR,,EXACT,EXACT_PROVIDER_SYMBOL_NO_DATA,SASY.PA,SASY.PA,,UNVERIFIED,UNVERIFIED,UNVERIFIED,UNVERIFIED,NOT_RESEARCHED,UNRESOLVED,,,,Evidence review scaffold; no provider/primary evidence asserted. Manual research required.,2026-09-02T18:17:22.110176+00:00,UNRESOLVED_MANUAL,NO,,,NOT_STARTED
WS:XPAR:SCHN.PA,,,XPAR,,SCHN.PA,EUR,,EXACT,EXACT_PROVIDER_SYMBOL_NO_DATA,SCHN.PA,SCHN.PA,,UNVERIFIED,UNVERIFIED,UNVERIFIED,UNVERIFIED,NOT_RESEARCHED,UNRESOLVED,,,,Evidence review scaffold; no provider/primary evidence asserted. Manual research required.,2026-09-02T18:17:22.110176+00:00,UNRESOLVED_MANUAL,NO,,,NOT_STARTED
WS:XPAR:SCOR.PA,,,XPAR,,SCOR.PA,EUR,,EXACT,EXACT_PROVIDER_SYMBOL_NO_DATA,SCOR.PA,SCOR.PA,,UNVERIFIED,UNVERIFIED,UNVERIFIED,UNVERIFIED,NOT_RESEARCHED,UNRESOLVED,,,,Evidence review scaffold; no provider/primary evidence asserted. Manual research required.,2026-09-02T18:17:22.110176+00:00,UNRESOLVED_MANUAL,NO,,,NOT_STARTED
WS:XPAR:SESFD.PA,,,XPAR,,SESFd.PA,EUR,,CASE_ONLY,CASE_NORMALIZATION_SUSPECT,SESFd.PA,SESFD.PA,,UNVERIFIED,UNVERIFIED,UNVERIFIED,UNVERIFIED,NOT_RESEARCHED,UNRESOLVED,,,,Evidence review scaffold; no provider/primary evidence asserted. Manual research required.,2026-09-02T18:17:22.110176+00:00,UNRESOLVED_MANUAL,NO,,,NOT_STARTED
WS:XPAR:SGEF.PA,,,XPAR,,SGEF.PA,EUR,,EXACT,EXACT_PROVIDER_SYMBOL_NO_DATA,SGEF.PA,SGEF.PA,,UNVERIFIED,UNVERIFIED,UNVERIFIED,UNVERIFIED,NOT_RESEARCHED,UNRESOLVED,,,,Evidence review scaffold; no provider/primary evidence asserted. Manual research required.,2026-09-02T18:17:22.110176+00:00,UNRESOLVED_MANUAL,NO,,,NOT_STARTED
WS:XPAR:SGOB.PA,,,XPAR,,SGOB.PA,EUR,,EXACT,EXACT_PROVIDER_SYMBOL_NO_DATA,SGOB.PA,SGOB.PA,,UNVERIFIED,UNVERIFIED,UNVERIFIED,UNVERIFIED,NOT_RESEARCHED,UNRESOLVED,,,,Evidence review scaffold; no provider/primary evidence asserted. Manual research required.,2026-09-02T18:17:22.110176+00:00,UNRESOLVED_MANUAL,NO,,,NOT_STARTED
WS:XPAR:SOGN.PA,,,XPAR,,SOGN.PA,EUR,,EXACT,EXACT_PROVIDER_SYMBOL_NO_DATA,SOGN.PA,SOGN.PA,,UNVERIFIED,UNVERIFIED,UNVERIFIED,UNVERIFIED,NOT_RESEARCHED,UNRESOLVED,,,,Evidence review scaffold; no provider/primary evidence asserted. Manual research required.,2026-09-02T18:17:22.110176+00:00,UNRESOLVED_MANUAL,NO,,,NOT_STARTED
WS:XPAR:SOIT.PA,,,XPAR,,SOIT.PA,EUR,,EXACT,EXACT_PROVIDER_SYMBOL_NO_DATA,SOIT.PA,SOIT.PA,,UNVERIFIED,UNVERIFIED,UNVERIFIED,UNVERIFIED,NOT_RESEARCHED,UNRESOLVED,,,,Evidence review scaffold; no provider/primary evidence asserted. Manual research required.,2026-09-02T18:17:22.110176+00:00,UNRESOLVED_MANUAL,NO,,,NOT_STARTED
WS:XPAR:SOPR.PA,,,XPAR,,SOPR.PA,EUR,,EXACT,EXACT_PROVIDER_SYMBOL_NO_DATA,SOPR.PA,SOPR.PA,,UNVERIFIED,UNVERIFIED,UNVERIFIED,UNVERIFIED,NOT_RESEARCHED,UNRESOLVED,,,,Evidence review scaffold; no provider/primary evidence asserted. Manual research required.,2026-09-02T18:17:22.110176+00:00,UNRESOLVED_MANUAL,NO,,,NOT_STARTED
WS:XPAR:STDM.PA,,,XPAR,,STDM.PA,EUR,,EXACT,EXACT_PROVIDER_SYMBOL_NO_DATA,STDM.PA,STDM.PA,,UNVERIFIED,UNVERIFIED,UNVERIFIED,UNVERIFIED,NOT_RESEARCHED,UNRESOLVED,,,,Evidence review scaffold; no provider/primary evidence asserted. Manual research required.,2026-09-02T18:17:22.110176+00:00,UNRESOLVED_MANUAL,NO,,,NOT_STARTED
WS:XPAR:TCFP.PA,,,XPAR,,TCFP.PA,EUR,,EXACT,EXACT_PROVIDER_SYMBOL_NO_DATA,TCFP.PA,TCFP.PA,,UNVERIFIED,UNVERIFIED,UNVERIFIED,UNVERIFIED,NOT_RESEARCHED,UNRESOLVED,,,,Evidence review scaffold; no provider/primary evidence asserted. Manual research required.,2026-09-02T18:17:22.110176+00:00,UNRESOLVED_MANUAL,NO,,,NOT_STARTED
WS:XPAR:TEPRF.PA,,,XPAR,,TEPRF.PA,EUR,,EXACT,EXACT_PROVIDER_SYMBOL_NO_DATA,TEPRF.PA,TEPRF.PA,,UNVERIFIED,UNVERIFIED,UNVERIFIED,UNVERIFIED,NOT_RESEARCHED,UNRESOLVED,,,,Evidence review scaffold; no provider/primary evidence asserted. Manual research required.,2026-09-02T18:17:22.110176+00:00,UNRESOLVED_MANUAL,NO,,,NOT_STARTED
WS:XPAR:TTEF.PA,,,XPAR,,TTEF.PA,EUR,,EXACT,EXACT_PROVIDER_SYMBOL_NO_DATA,TTEF.PA,TTEF.PA,,UNVERIFIED,UNVERIFIED,UNVERIFIED,UNVERIFIED,NOT_RESEARCHED,UNRESOLVED,,,,Evidence review scaffold; no provider/primary evidence asserted. Manual research required.,2026-09-02T18:17:22.110176+00:00,UNRESOLVED_MANUAL,NO,,,NOT_STARTED
WS:XPAR:VLLP.PA,,,XPAR,,VLLP.PA,EUR,,EXACT,EXACT_PROVIDER_SYMBOL_NO_DATA,VLLP.PA,VLLP.PA,,UNVERIFIED,UNVERIFIED,UNVERIFIED,UNVERIFIED,NOT_RESEARCHED,UNRESOLVED,,,,Evidence review scaffold; no provider/primary evidence asserted. Manual research required.,2026-09-02T18:17:22.110176+00:00,UNRESOLVED_MANUAL,NO,,,NOT_STARTED
WS:XPAR:VLOF.PA,,,XPAR,,VLOF.PA,EUR,,EXACT,EXACT_PROVIDER_SYMBOL_NO_DATA,VLOF.PA,VLOF.PA,,UNVERIFIED,UNVERIFIED,UNVERIFIED,UNVERIFIED,NOT_RESEARCHED,UNRESOLVED,,,,Evidence review scaffold; no provider/primary evidence asserted. Manual research required.,2026-09-02T18:17:22.110176+00:00,UNRESOLVED_MANUAL,NO,,,NOT_STARTED
WS:XSTO:ADDTB.ST,,,XSTO,,ADDTb.ST,SEK,,CASE_ONLY,CASE_NORMALIZATION_SUSPECT,ADDTb.ST,ADDTB.ST,,UNVERIFIED,UNVERIFIED,UNVERIFIED,UNVERIFIED,NOT_RESEARCHED,UNRESOLVED,,,,Evidence review scaffold; no provider/primary evidence asserted. Manual research required.,2026-09-02T18:17:22.110176+00:00,UNRESOLVED_MANUAL,NO,,,NOT_STARTED
WS:XSTO:ASSAB.ST,,,XSTO,,ASSAb.ST,SEK,,CASE_ONLY,CASE_NORMALIZATION_SUSPECT,ASSAb.ST,ASSAB.ST,,UNVERIFIED,UNVERIFIED,UNVERIFIED,UNVERIFIED,NOT_RESEARCHED,UNRESOLVED,,,,Evidence review scaffold; no provider/primary evidence asserted. Manual research required.,2026-09-02T18:17:22.110176+00:00,UNRESOLVED_MANUAL,NO,,,NOT_STARTED
WS:XSTO:ATCOA.ST,,,XSTO,,ATCOa.ST,SEK,,CASE_ONLY,CASE_NORMALIZATION_SUSPECT,ATCOa.ST,ATCOA.ST,,UNVERIFIED,UNVERIFIED,UNVERIFIED,UNVERIFIED,NOT_RESEARCHED,UNRESOLVED,,,,Evidence review scaffold; no provider/primary evidence asserted. Manual research required.,2026-09-02T18:17:22.110176+00:00,UNRESOLVED_MANUAL,NO,,,NOT_STARTED
WS:XSTO:AVANZ.ST,,,XSTO,,AVANZ.ST,SEK,,EXACT,EXACT_PROVIDER_SYMBOL_NO_DATA,AVANZ.ST,AVANZ.ST,,UNVERIFIED,UNVERIFIED,UNVERIFIED,UNVERIFIED,NOT_RESEARCHED,UNRESOLVED,,,,Evidence review scaffold; no provider/primary evidence asserted. Manual research required.,2026-09-02T18:17:22.110176+00:00,UNRESOLVED_MANUAL,NO,,,NOT_STARTED
WS:XSTO:BALDB.ST,,,XSTO,,BALDb.ST,SEK,,CASE_ONLY,CASE_NORMALIZATION_SUSPECT,BALDb.ST,BALDB.ST,,UNVERIFIED,UNVERIFIED,UNVERIFIED,UNVERIFIED,NOT_RESEARCHED,UNRESOLVED,,,,Evidence review scaffold; no provider/primary evidence asserted. Manual research required.,2026-09-02T18:17:22.110176+00:00,UNRESOLVED_MANUAL,NO,,,NOT_STARTED
WS:XSTO:BEIJB.ST,,,XSTO,,BEIJb.ST,SEK,,CASE_ONLY,CASE_NORMALIZATION_SUSPECT,BEIJb.ST,BEIJB.ST,,UNVERIFIED,UNVERIFIED,UNVERIFIED,UNVERIFIED,NOT_RESEARCHED,UNRESOLVED,,,,Evidence review scaffold; no provider/primary evidence asserted. Manual research required.,2026-09-02T18:17:22.110176+00:00,UNRESOLVED_MANUAL,NO,,,NOT_STARTED
WS:XSTO:EPIRA.ST,,,XSTO,,EPIRa.ST,SEK,,CASE_ONLY,CASE_NORMALIZATION_SUSPECT,EPIRa.ST,EPIRA.ST,,UNVERIFIED,UNVERIFIED,UNVERIFIED,UNVERIFIED,NOT_RESEARCHED,UNRESOLVED,,,,Evidence review scaffold; no provider/primary evidence asserted. Manual research required.,2026-09-02T18:17:22.110176+00:00,UNRESOLVED_MANUAL,NO,,,NOT_STARTED
WS:XSTO:ERICB.ST,,,XSTO,,ERICb.ST,SEK,,CASE_ONLY,CASE_NORMALIZATION_SUSPECT,ERICb.ST,ERICB.ST,,UNVERIFIED,UNVERIFIED,UNVERIFIED,UNVERIFIED,NOT_RESEARCHED,UNRESOLVED,,,,Evidence review scaffold; no provider/primary evidence asserted. Manual research required.,2026-09-02T18:17:22.110176+00:00,UNRESOLVED_MANUAL,NO,,,NOT_STARTED
WS:XSTO:ESSITYB.ST,,,XSTO,,ESSITYb.ST,SEK,,CASE_ONLY,CASE_NORMALIZATION_SUSPECT,ESSITYb.ST,ESSITYB.ST,,UNVERIFIED,UNVERIFIED,UNVERIFIED,UNVERIFIED,NOT_RESEARCHED,UNRESOLVED,,,,Evidence review scaffold; no provider/primary evidence asserted. Manual research required.,2026-09-02T18:17:22.110176+00:00,UNRESOLVED_MANUAL,NO,,,NOT_STARTED
WS:XSTO:EVOG.ST,,,XSTO,,EVOG.ST,SEK,,EXACT,EXACT_PROVIDER_SYMBOL_NO_DATA,EVOG.ST,EVOG.ST,,UNVERIFIED,UNVERIFIED,UNVERIFIED,UNVERIFIED,NOT_RESEARCHED,UNRESOLVED,,,,Evidence review scaffold; no provider/primary evidence asserted. Manual research required.,2026-09-02T18:17:22.110176+00:00,UNRESOLVED_MANUAL,NO,,,NOT_STARTED
WS:XSTO:GETIB.ST,,,XSTO,,GETIb.ST,SEK,,CASE_ONLY,CASE_NORMALIZATION_SUSPECT,GETIb.ST,GETIB.ST,,UNVERIFIED,UNVERIFIED,UNVERIFIED,UNVERIFIED,NOT_RESEARCHED,UNRESOLVED,,,,Evidence review scaffold; no provider/primary evidence asserted. Manual research required.,2026-09-02T18:17:22.110176+00:00,UNRESOLVED_MANUAL,NO,,,NOT_STARTED
WS:XSTO:HEXAB.ST,,,XSTO,,HEXAb.ST,SEK,,CASE_ONLY,CASE_NORMALIZATION_SUSPECT,HEXAb.ST,HEXAB.ST,,UNVERIFIED,UNVERIFIED,UNVERIFIED,UNVERIFIED,NOT_RESEARCHED,UNRESOLVED,,,,Evidence review scaffold; no provider/primary evidence asserted. Manual research required.,2026-09-02T18:17:22.110176+00:00,UNRESOLVED_MANUAL,NO,,,NOT_STARTED
WS:XSTO:HMB.ST,,,XSTO,,HMb.ST,SEK,,CASE_ONLY,CASE_NORMALIZATION_SUSPECT,HMb.ST,HMB.ST,,UNVERIFIED,UNVERIFIED,UNVERIFIED,UNVERIFIED,NOT_RESEARCHED,UNRESOLVED,,,,Evidence review scaffold; no provider/primary evidence asserted. Manual research required.,2026-09-02T18:17:22.110176+00:00,UNRESOLVED_MANUAL,NO,,,NOT_STARTED
WS:XSTO:HOLMB.ST,,,XSTO,,HOLMb.ST,SEK,,CASE_ONLY,CASE_NORMALIZATION_SUSPECT,HOLMb.ST,HOLMB.ST,,UNVERIFIED,UNVERIFIED,UNVERIFIED,UNVERIFIED,NOT_RESEARCHED,UNRESOLVED,,,,Evidence review scaffold; no provider/primary evidence asserted. Manual research required.,2026-09-02T18:17:22.110176+00:00,UNRESOLVED_MANUAL,NO,,,NOT_STARTED
WS:XSTO:INDUC.ST,,,XSTO,,INDUc.ST,SEK,,CASE_ONLY,CASE_NORMALIZATION_SUSPECT,INDUc.ST,INDUC.ST,,UNVERIFIED,UNVERIFIED,UNVERIFIED,UNVERIFIED,NOT_RESEARCHED,UNRESOLVED,,,,Evidence review scaffold; no provider/primary evidence asserted. Manual research required.,2026-09-02T18:17:22.110176+00:00,UNRESOLVED_MANUAL,NO,,,NOT_STARTED
WS:XSTO:INVEB.ST,,,XSTO,,INVEb.ST,SEK,,CASE_ONLY,CASE_NORMALIZATION_SUSPECT,INVEb.ST,INVEB.ST,,UNVERIFIED,UNVERIFIED,UNVERIFIED,UNVERIFIED,NOT_RESEARCHED,UNRESOLVED,,,,Evidence review scaffold; no provider/primary evidence asserted. Manual research required.,2026-09-02T18:17:22.110176+00:00,UNRESOLVED_MANUAL,NO,,,NOT_STARTED
WS:XSTO:LAGRB.ST,,,XSTO,,LAGRb.ST,SEK,,CASE_ONLY,CASE_NORMALIZATION_SUSPECT,LAGRb.ST,LAGRB.ST,,UNVERIFIED,UNVERIFIED,UNVERIFIED,UNVERIFIED,NOT_RESEARCHED,UNRESOLVED,,,,Evidence review scaffold; no provider/primary evidence asserted. Manual research required.,2026-09-02T18:17:22.110176+00:00,UNRESOLVED_MANUAL,NO,,,NOT_STARTED
WS:XSTO:LATOB.ST,,,XSTO,,LATOb.ST,SEK,,CASE_ONLY,CASE_NORMALIZATION_SUSPECT,LATOb.ST,LATOB.ST,,UNVERIFIED,UNVERIFIED,UNVERIFIED,UNVERIFIED,NOT_RESEARCHED,UNRESOLVED,,,,Evidence review scaffold; no provider/primary evidence asserted. Manual research required.,2026-09-02T18:17:22.110176+00:00,UNRESOLVED_MANUAL,NO,,,NOT_STARTED
WS:XSTO:LIFCOB.ST,,,XSTO,,LIFCOb.ST,SEK,,CASE_ONLY,CASE_NORMALIZATION_SUSPECT,LIFCOb.ST,LIFCOB.ST,,UNVERIFIED,UNVERIFIED,UNVERIFIED,UNVERIFIED,NOT_RESEARCHED,UNRESOLVED,,,,Evidence review scaffold; no provider/primary evidence asserted. Manual research required.,2026-09-02T18:17:22.110176+00:00,UNRESOLVED_MANUAL,NO,,,NOT_STARTED
WS:XSTO:LUNDB.ST,,,XSTO,,LUNDb.ST,SEK,,CASE_ONLY,CASE_NORMALIZATION_SUSPECT,LUNDb.ST,LUNDB.ST,,UNVERIFIED,UNVERIFIED,UNVERIFIED,UNVERIFIED,NOT_RESEARCHED,UNRESOLVED,,,,Evidence review scaffold; no provider/primary evidence asserted. Manual research required.,2026-09-02T18:17:22.110176+00:00,UNRESOLVED_MANUAL,NO,,,NOT_STARTED
WS:XSTO:NIBEB.ST,,,XSTO,,NIBEb.ST,SEK,,CASE_ONLY,CASE_NORMALIZATION_SUSPECT,NIBEb.ST,NIBEB.ST,,UNVERIFIED,UNVERIFIED,UNVERIFIED,UNVERIFIED,NOT_RESEARCHED,UNRESOLVED,,,,Evidence review scaffold; no provider/primary evidence asserted. Manual research required.,2026-09-02T18:17:22.110176+00:00,UNRESOLVED_MANUAL,NO,,,NOT_STARTED
WS:XSTO:OCTVSDB.ST,,,XSTO,,OCTVsdb.ST,SEK,,CASE_ONLY,CASE_NORMALIZATION_SUSPECT,OCTVsdb.ST,OCTVSDB.ST,,UNVERIFIED,UNVERIFIED,UNVERIFIED,UNVERIFIED,NOT_RESEARCHED,UNRESOLVED,,,,Evidence review scaffold; no provider/primary evidence asserted. Manual research required.,2026-09-02T18:17:22.110176+00:00,UNRESOLVED_MANUAL,NO,,,NOT_STARTED
WS:XSTO:SAABB.ST,,,XSTO,,SAABb.ST,SEK,,CASE_ONLY,CASE_NORMALIZATION_SUSPECT,SAABb.ST,SAABB.ST,,UNVERIFIED,UNVERIFIED,UNVERIFIED,UNVERIFIED,NOT_RESEARCHED,UNRESOLVED,,,,Evidence review scaffold; no provider/primary evidence asserted. Manual research required.,2026-09-02T18:17:22.110176+00:00,UNRESOLVED_MANUAL,NO,,,NOT_STARTED
WS:XSTO:SAGAB.ST,,,XSTO,,SAGAb.ST,SEK,,CASE_ONLY,CASE_NORMALIZATION_SUSPECT,SAGAb.ST,SAGAB.ST,,UNVERIFIED,UNVERIFIED,UNVERIFIED,UNVERIFIED,NOT_RESEARCHED,UNRESOLVED,,,,Evidence review scaffold; no provider/primary evidence asserted. Manual research required.,2026-09-02T18:17:22.110176+00:00,UNRESOLVED_MANUAL,NO,,,NOT_STARTED
WS:XSTO:SCAB.ST,,,XSTO,,SCAb.ST,SEK,,CASE_ONLY,CASE_NORMALIZATION_SUSPECT,SCAb.ST,SCAB.ST,,UNVERIFIED,UNVERIFIED,UNVERIFIED,UNVERIFIED,NOT_RESEARCHED,UNRESOLVED,,,,Evidence review scaffold; no provider/primary evidence asserted. Manual research required.,2026-09-02T18:17:22.110176+00:00,UNRESOLVED_MANUAL,NO,,,NOT_STARTED
WS:XSTO:SEBA.ST,,,XSTO,,SEBa.ST,SEK,,CASE_ONLY,CASE_NORMALIZATION_SUSPECT,SEBa.ST,SEBA.ST,,UNVERIFIED,UNVERIFIED,UNVERIFIED,UNVERIFIED,NOT_RESEARCHED,UNRESOLVED,,,,Evidence review scaffold; no provider/primary evidence asserted. Manual research required.,2026-09-02T18:17:22.110176+00:00,UNRESOLVED_MANUAL,NO,,,NOT_STARTED
WS:XSTO:SECTB.ST,,,XSTO,,SECTb.ST,SEK,,CASE_ONLY,CASE_NORMALIZATION_SUSPECT,SECTb.ST,SECTB.ST,,UNVERIFIED,UNVERIFIED,UNVERIFIED,UNVERIFIED,NOT_RESEARCHED,UNRESOLVED,,,,Evidence review scaffold; no provider/primary evidence asserted. Manual research required.,2026-09-02T18:17:22.110176+00:00,UNRESOLVED_MANUAL,NO,,,NOT_STARTED
WS:XSTO:SECUB.ST,,,XSTO,,SECUb.ST,SEK,,CASE_ONLY,CASE_NORMALIZATION_SUSPECT,SECUb.ST,SECUB.ST,,UNVERIFIED,UNVERIFIED,UNVERIFIED,UNVERIFIED,NOT_RESEARCHED,UNRESOLVED,,,,Evidence review scaffold; no provider/primary evidence asserted. Manual research required.,2026-09-02T18:17:22.110176+00:00,UNRESOLVED_MANUAL,NO,,,NOT_STARTED
WS:XSTO:SHBA.ST,,,XSTO,,SHBa.ST,SEK,,CASE_ONLY,CASE_NORMALIZATION_SUSPECT,SHBa.ST,SHBA.ST,,UNVERIFIED,UNVERIFIED,UNVERIFIED,UNVERIFIED,NOT_RESEARCHED,UNRESOLVED,,,,Evidence review scaffold; no provider/primary evidence asserted. Manual research required.,2026-09-02T18:17:22.110176+00:00,UNRESOLVED_MANUAL,NO,,,NOT_STARTED
WS:XSTO:SKAB.ST,,,XSTO,,SKAb.ST,SEK,,CASE_ONLY,CASE_NORMALIZATION_SUSPECT,SKAb.ST,SKAB.ST,,UNVERIFIED,UNVERIFIED,UNVERIFIED,UNVERIFIED,NOT_RESEARCHED,UNRESOLVED,,,,Evidence review scaffold; no provider/primary evidence asserted. Manual research required.,2026-09-02T18:17:22.110176+00:00,UNRESOLVED_MANUAL,NO,,,NOT_STARTED
WS:XSTO:SKFB.ST,,,XSTO,,SKFb.ST,SEK,,CASE_ONLY,CASE_NORMALIZATION_SUSPECT,SKFb.ST,SKFB.ST,,UNVERIFIED,UNVERIFIED,UNVERIFIED,UNVERIFIED,NOT_RESEARCHED,UNRESOLVED,,,,Evidence review scaffold; no provider/primary evidence asserted. Manual research required.,2026-09-02T18:17:22.110176+00:00,UNRESOLVED_MANUAL,NO,,,NOT_STARTED
WS:XSTO:SOBIV.ST,,,XSTO,,SOBIV.ST,SEK,,EXACT,EXACT_PROVIDER_SYMBOL_NO_DATA,SOBIV.ST,SOBIV.ST,,UNVERIFIED,UNVERIFIED,UNVERIFIED,UNVERIFIED,NOT_RESEARCHED,UNRESOLVED,,,,Evidence review scaffold; no provider/primary evidence asserted. Manual research required.,2026-09-02T18:17:22.110176+00:00,UNRESOLVED_MANUAL,NO,,,NOT_STARTED
WS:XSTO:SSABB.ST,,,XSTO,,SSABb.ST,SEK,,CASE_ONLY,CASE_NORMALIZATION_SUSPECT,SSABb.ST,SSABB.ST,,UNVERIFIED,UNVERIFIED,UNVERIFIED,UNVERIFIED,NOT_RESEARCHED,UNRESOLVED,,,,Evidence review scaffold; no provider/primary evidence asserted. Manual research required.,2026-09-02T18:17:22.110176+00:00,UNRESOLVED_MANUAL,NO,,,NOT_STARTED
WS:XSTO:SWECB.ST,,,XSTO,,SWECb.ST,SEK,,CASE_ONLY,CASE_NORMALIZATION_SUSPECT,SWECb.ST,SWECB.ST,,UNVERIFIED,UNVERIFIED,UNVERIFIED,UNVERIFIED,NOT_RESEARCHED,UNRESOLVED,,,,Evidence review scaffold; no provider/primary evidence asserted. Manual research required.,2026-09-02T18:17:22.110176+00:00,UNRESOLVED_MANUAL,NO,,,NOT_STARTED
WS:XSTO:SWEDA.ST,,,XSTO,,SWEDa.ST,SEK,,CASE_ONLY,CASE_NORMALIZATION_SUSPECT,SWEDa.ST,SWEDA.ST,,UNVERIFIED,UNVERIFIED,UNVERIFIED,UNVERIFIED,NOT_RESEARCHED,UNRESOLVED,,,,Evidence review scaffold; no provider/primary evidence asserted. Manual research required.,2026-09-02T18:17:22.110176+00:00,UNRESOLVED_MANUAL,NO,,,NOT_STARTED
WS:XSTO:TEL2B.ST,,,XSTO,,TEL2b.ST,SEK,,CASE_ONLY,CASE_NORMALIZATION_SUSPECT,TEL2b.ST,TEL2B.ST,,UNVERIFIED,UNVERIFIED,UNVERIFIED,UNVERIFIED,NOT_RESEARCHED,UNRESOLVED,,,,Evidence review scaffold; no provider/primary evidence asserted. Manual research required.,2026-09-02T18:17:22.110176+00:00,UNRESOLVED_MANUAL,NO,,,NOT_STARTED
WS:XSTO:TRELB.ST,,,XSTO,,TRELb.ST,SEK,,CASE_ONLY,CASE_NORMALIZATION_SUSPECT,TRELb.ST,TRELB.ST,,UNVERIFIED,UNVERIFIED,UNVERIFIED,UNVERIFIED,NOT_RESEARCHED,UNRESOLVED,,,,Evidence review scaffold; no provider/primary evidence asserted. Manual research required.,2026-09-02T18:17:22.110176+00:00,UNRESOLVED_MANUAL,NO,,,NOT_STARTED
WS:XSTO:VOLVB.ST,,,XSTO,,VOLVb.ST,SEK,,CASE_ONLY,CASE_NORMALIZATION_SUSPECT,VOLVb.ST,VOLVB.ST,,UNVERIFIED,UNVERIFIED,UNVERIFIED,UNVERIFIED,NOT_RESEARCHED,UNRESOLVED,,,,Evidence review scaffold; no provider/primary evidence asserted. Manual research required.,2026-09-02T18:17:22.110176+00:00,UNRESOLVED_MANUAL,NO,,,NOT_STARTED
WS:XSWX:ALCC.S,,,XSWX,,ALCC.S,CHF,,SUFFIX_CHANGED,SUFFIX_MAPPING_SUSPECT,ALCC.S,ALCC.SW,,UNVERIFIED,UNVERIFIED,UNVERIFIED,UNVERIFIED,NOT_RESEARCHED,UNRESOLVED,,,,Evidence review scaffold; no provider/primary evidence asserted. Manual research required.,2026-09-02T18:17:22.110176+00:00,UNRESOLVED_MANUAL,NO,,,NOT_STARTED
WS:XSWX:BKWB.S,,,XSWX,,BKWB.S,CHF,,SUFFIX_CHANGED,SUFFIX_MAPPING_SUSPECT,BKWB.S,BKWB.SW,,UNVERIFIED,UNVERIFIED,UNVERIFIED,UNVERIFIED,NOT_RESEARCHED,UNRESOLVED,,,,Evidence review scaffold; no provider/primary evidence asserted. Manual research required.,2026-09-02T18:17:22.110176+00:00,UNRESOLVED_MANUAL,NO,,,NOT_STARTED
WS:XSWX:COTNE.S,,,XSWX,,COTNE.S,CHF,,SUFFIX_CHANGED,SUFFIX_MAPPING_SUSPECT,COTNE.S,COTNE.SW,,UNVERIFIED,UNVERIFIED,UNVERIFIED,UNVERIFIED,NOT_RESEARCHED,UNRESOLVED,,,,Evidence review scaffold; no provider/primary evidence asserted. Manual research required.,2026-09-02T18:17:22.110176+00:00,UNRESOLVED_MANUAL,NO,,,NOT_STARTED
WS:XSWX:HBANC.S,,,XSWX,,HBANC.S,CHF,,SUFFIX_CHANGED,SUFFIX_MAPPING_SUSPECT,HBANC.S,HBANC.SW,,UNVERIFIED,UNVERIFIED,UNVERIFIED,UNVERIFIED,NOT_RESEARCHED,UNRESOLVED,,,,Evidence review scaffold; no provider/primary evidence asserted. Manual research required.,2026-09-02T18:17:22.110176+00:00,UNRESOLVED_MANUAL,NO,,,NOT_STARTED
WS:XSWX:ROPC.S,,,XSWX,,ROPC.S,CHF,,SUFFIX_CHANGED,SUFFIX_MAPPING_SUSPECT,ROPC.S,ROPC.SW,,UNVERIFIED,UNVERIFIED,UNVERIFIED,UNVERIFIED,NOT_RESEARCHED,UNRESOLVED,,,,Evidence review scaffold; no provider/primary evidence asserted. Manual research required.,2026-09-02T18:17:22.110176+00:00,UNRESOLVED_MANUAL,NO,,,NOT_STARTED
WS:XSWX:SIGNC.S,,,XSWX,,SIGNC.S,CHF,,SUFFIX_CHANGED,SUFFIX_MAPPING_SUSPECT,SIGNC.S,SIGNC.SW,,UNVERIFIED,UNVERIFIED,UNVERIFIED,UNVERIFIED,NOT_RESEARCHED,UNRESOLVED,,,,Evidence review scaffold; no provider/primary evidence asserted. Manual research required.,2026-09-02T18:17:22.110176+00:00,UNRESOLVED_MANUAL,NO,,,NOT_STARTED
WS:XSWX:SRENH.S,,,XSWX,,SRENH.S,CHF,,SUFFIX_CHANGED,SUFFIX_MAPPING_SUSPECT,SRENH.S,SRENH.SW,,UNVERIFIED,UNVERIFIED,UNVERIFIED,UNVERIFIED,NOT_RESEARCHED,UNRESOLVED,,,,Evidence review scaffold; no provider/primary evidence asserted. Manual research required.,2026-09-02T18:17:22.110176+00:00,UNRESOLVED_MANUAL,NO,,,NOT_STARTED
WS:XWAR:ACPP.WA,,,XWAR,,ACPP.WA,PLN,,EXACT,EXACT_PROVIDER_SYMBOL_NO_DATA,ACPP.WA,ACPP.WA,,UNVERIFIED,UNVERIFIED,UNVERIFIED,UNVERIFIED,NOT_RESEARCHED,UNRESOLVED,,,,Evidence review scaffold; no provider/primary evidence asserted. Manual research required.,2026-09-02T18:17:22.110176+00:00,UNRESOLVED_MANUAL,NO,,,NOT_STARTED
WS:XWAR:ALEP.WA,,,XWAR,,ALEP.WA,PLN,,EXACT,EXACT_PROVIDER_SYMBOL_NO_DATA,ALEP.WA,ALEP.WA,,UNVERIFIED,UNVERIFIED,UNVERIFIED,UNVERIFIED,NOT_RESEARCHED,UNRESOLVED,,,,Evidence review scaffold; no provider/primary evidence asserted. Manual research required.,2026-09-02T18:17:22.110176+00:00,UNRESOLVED_MANUAL,NO,,,NOT_STARTED
WS:XWAR:LPPP.WA,,,XWAR,,LPPP.WA,PLN,,EXACT,EXACT_PROVIDER_SYMBOL_NO_DATA,LPPP.WA,LPPP.WA,,UNVERIFIED,UNVERIFIED,UNVERIFIED,UNVERIFIED,NOT_RESEARCHED,UNRESOLVED,,,,Evidence review scaffold; no provider/primary evidence asserted. Manual research required.,2026-09-02T18:17:22.110176+00:00,UNRESOLVED_MANUAL,NO,,,NOT_STARTED
WS:XWAR:MILP.WA,,,XWAR,,MILP.WA,PLN,,EXACT,EXACT_PROVIDER_SYMBOL_NO_DATA,MILP.WA,MILP.WA,,UNVERIFIED,UNVERIFIED,UNVERIFIED,UNVERIFIED,NOT_RESEARCHED,UNRESOLVED,,,,Evidence review scaffold; no provider/primary evidence asserted. Manual research required.,2026-09-02T18:17:22.110176+00:00,UNRESOLVED_MANUAL,NO,,,NOT_STARTED
WS:XWBO:ATSV.VI,,,XWBO,,ATSV.VI,EUR,,EXACT,EXACT_PROVIDER_SYMBOL_NO_DATA,ATSV.VI,ATSV.VI,,UNVERIFIED,UNVERIFIED,UNVERIFIED,UNVERIFIED,NOT_RESEARCHED,UNRESOLVED,,,,Evidence review scaffold; no provider/primary evidence asserted. Manual research required.,2026-09-02T18:17:22.110176+00:00,UNRESOLVED_MANUAL,NO,,,NOT_STARTED
WS:XWBO:BAWG.VI,,,XWBO,,BAWG.VI,EUR,,EXACT,EXACT_PROVIDER_SYMBOL_NO_DATA,BAWG.VI,BAWG.VI,,UNVERIFIED,UNVERIFIED,UNVERIFIED,UNVERIFIED,NOT_RESEARCHED,UNRESOLVED,,,,Evidence review scaffold; no provider/primary evidence asserted. Manual research required.,2026-09-02T18:17:22.110176+00:00,UNRESOLVED_MANUAL,NO,,,NOT_STARTED
WS:XWBO:ERST.VI,,,XWBO,,ERST.VI,EUR,,EXACT,EXACT_PROVIDER_SYMBOL_NO_DATA,ERST.VI,ERST.VI,,UNVERIFIED,UNVERIFIED,UNVERIFIED,UNVERIFIED,NOT_RESEARCHED,UNRESOLVED,,,,Evidence review scaffold; no provider/primary evidence asserted. Manual research required.,2026-09-02T18:17:22.110176+00:00,UNRESOLVED_MANUAL,NO,,,NOT_STARTED
WS:XWBO:OMVV.VI,,,XWBO,,OMVV.VI,EUR,,EXACT,EXACT_PROVIDER_SYMBOL_NO_DATA,OMVV.VI,OMVV.VI,,UNVERIFIED,UNVERIFIED,UNVERIFIED,UNVERIFIED,NOT_RESEARCHED,UNRESOLVED,,,,Evidence review scaffold; no provider/primary evidence asserted. Manual research required.,2026-09-02T18:17:22.110176+00:00,UNRESOLVED_MANUAL,NO,,,NOT_STARTED
WS:XWBO:RBIV.VI,,,XWBO,,RBIV.VI,EUR,,EXACT,EXACT_PROVIDER_SYMBOL_NO_DATA,RBIV.VI,RBIV.VI,,UNVERIFIED,UNVERIFIED,UNVERIFIED,UNVERIFIED,NOT_RESEARCHED,UNRESOLVED,,,,Evidence review scaffold; no provider/primary evidence asserted. Manual research required.,2026-09-02T18:17:22.110176+00:00,UNRESOLVED_MANUAL,NO,,,NOT_STARTED
WS:XWBO:VERB.VI,,,XWBO,,VERB.VI,EUR,,EXACT,EXACT_PROVIDER_SYMBOL_NO_DATA,VERB.VI,VERB.VI,,UNVERIFIED,UNVERIFIED,UNVERIFIED,UNVERIFIED,NOT_RESEARCHED,UNRESOLVED,,,,Evidence review scaffold; no provider/primary evidence asserted. Manual research required.,2026-09-02T18:17:22.110176+00:00,UNRESOLVED_MANUAL,NO,,,NOT_STARTED
WS:XWBO:VOES.VI,,,XWBO,,VOES.VI,EUR,,EXACT,EXACT_PROVIDER_SYMBOL_NO_DATA,VOES.VI,VOES.VI,,UNVERIFIED,UNVERIFIED,UNVERIFIED,UNVERIFIED,NOT_RESEARCHED,UNRESOLVED,,,,Evidence review scaffold; no provider/primary evidence asserted. Manual research required.,2026-09-02T18:17:22.110176+00:00,UNRESOLVED_MANUAL,NO,,,NOT_STARTED
WS:XWBO:WBSV.VI,,,XWBO,,WBSV.VI,EUR,,EXACT,EXACT_PROVIDER_SYMBOL_NO_DATA,WBSV.VI,WBSV.VI,,UNVERIFIED,UNVERIFIED,UNVERIFIED,UNVERIFIED,NOT_RESEARCHED,UNRESOLVED,,,,Evidence review scaffold; no provider/primary evidence asserted. Manual research required.,2026-09-02T18:17:22.110176+00:00,UNRESOLVED_MANUAL,NO,,,NOT_STARTED
