WS_ID,Research_Status,Evidence_AsOf_UTC,Decision
WS:XAMS:ABND.AS,RESEARCHED,2026-09-02T19:20:00Z,CONFIRMED_PROVIDER_SYMBOL_CANDIDATE
WS:XAMS:AEGN.AS,RESEARCHED,2026-09-03T08:56:00.341962+00:00,CONFIRMED_CURRENT_SYMBOL_BUT_PRICE_VERIFY_REQUIRED
WS:XAMS:AKZO.AS,RESEARCHED,2026-09-03T08:56:00.341962+00:00,CONFIRMED_CURRENT_SYMBOL_BUT_PRICE_VERIFY_REQUIRED
WS:XAMS:ARDS.AS,PARTIAL,2026-09-03T08:56:00.341962+00:00,PRIMARY_IDENTITY_REVIEW_REQUIRED
WS:XAMS:ASMI.AS,RESEARCHED,2026-09-03T08:56:00.341962+00:00,CONFIRMED_CURRENT_SYMBOL_BUT_PRICE_VERIFY_REQUIRED
WS:XAMS:BAMN.AS,RESEARCHED,2026-09-03T08:56:00.341962+00:00,CONFIRMED_CURRENT_SYMBOL_BUT_PRICE_VERIFY_REQUIRED
WS:XAMS:EXOR.AS,RESEARCHED,2026-09-03T08:56:00.341962+00:00,CONFIRMED_CURRENT_SYMBOL_BUT_PRICE_VERIFY_REQUIRED
WS:XAMS:MICCT.AS,RESEARCHED,2026-09-03T08:56:00.341962+00:00,CONFIRMED_CURRENT_SYMBOL_BUT_PRICE_VERIFY_REQUIRED
WS:XAMS:PHG.AS,RESEARCHED,2026-09-03T08:56:00.341962+00:00,CONFIRMED_CURRENT_SYMBOL_BUT_PRICE_VERIFY_REQUIRED
WS:XAMS:SHEL.AS,RESEARCHED,2026-09-03T08:56:00.341962+00:00,CONFIRMED_CURRENT_SYMBOL_BUT_PRICE_VERIFY_REQUIRED
WS:XAMS:VOPA.AS,RESEARCHED,2026-09-03T08:56:00.341962+00:00,CONFIRMED_CURRENT_SYMBOL_BUT_PRICE_VERIFY_REQUIRED
WS:XBRU:AGES.BR,RESEARCHED,2026-09-03T09:24:30.484136+00:00,CONFIRMED_PROVIDER_SYMBOL_CANDIDATE
WS:XBRU:AOO.BR,RESEARCHED,2026-09-03T09:24:30.484136+00:00,CONFIRMED_PROVIDER_SYMBOL_CANDIDATE
WS:XBRU:IETB.BR,RESEARCHED,2026-09-03T09:24:30.484136+00:00,CONFIRMED_PROVIDER_SYMBOL_CANDIDATE
WS:XBRU:WDPP.BR,RESEARCHED,2026-09-03T09:24:30.484136+00:00,CONFIRMED_PROVIDER_SYMBOL_CANDIDATE
WS:XCSE:ALKB.CO,RESEARCHED,2026-09-02T19:35:00Z,CONFIRMED_CURRENT_SYMBOL_BUT_PRICE_VERIFY_REQUIRED
WS:XCSE:CARLB.CO,RESEARCHED,2026-09-02T20:10:00Z,CONFIRMED_PROVIDER_SYMBOL_CANDIDATE
WS:XCSE:COLOB.CO,RESEARCHED,2026-09-02T20:10:00Z,CONFIRMED_PROVIDER_SYMBOL_CANDIDATE
WS:XCSE:MAERSKB.CO,RESEARCHED,2026-09-02T20:10:00Z,CONFIRMED_PROVIDER_SYMBOL_CANDIDATE
WS:XCSE:NOVOB.CO,RESEARCHED,2026-09-02T20:10:00Z,CONFIRMED_PROVIDER_SYMBOL_CANDIDATE
WS:XCSE:NSISB.CO,RESEARCHED,2026-09-02T20:10:00Z,CONFIRMED_PROVIDER_SYMBOL_CANDIDATE
WS:XCSE:ROCKB.CO,RESEARCHED,2026-09-02T20:10:00Z,CONFIRMED_PROVIDER_SYMBOL_CANDIDATE
WS:XCSE:ZELA.CO,RESEARCHED,2026-09-03T09:33:08Z,CONFIRMED_PROVIDER_SYMBOL_CANDIDATE
WS:XDUB:AIBG.I,RESEARCHED,2026-09-02T20:25:00Z,CONFIRMED_PROVIDER_SYMBOL_CANDIDATE
WS:XDUB:KSP.I,RESEARCHED,2026-09-02T20:25:00Z,CONFIRMED_PROVIDER_SYMBOL_CANDIDATE
WS:XDUB:KYGA.I,RESEARCHED,2026-09-02T20:25:00Z,CONFIRMED_PROVIDER_SYMBOL_CANDIDATE
WS:XETR:ADSGN.DE,RESEARCHED,2026-09-02T20:40:00Z,CONFIRMED_PROVIDER_SYMBOL_CANDIDATE
WS:XETR:AG1G.DE,RESEARCHED,2026-09-03T20:50:00Z,CONFIRMED_PROVIDER_SYMBOL_CANDIDATE
WS:XETR:AIXGN.DE,RESEARCHED,2026-09-02T20:50:00Z,CONFIRMED_PROVIDER_SYMBOL_CANDIDATE
WS:XETR:ALVG.DE,RESEARCHED,2026-09-03T21:05:00Z,CONFIRMED_PROVIDER_SYMBOL_CANDIDATE
WS:XETR:AMV0N.DE,RESEARCHED,2026-09-02T21:25:00Z,CONFIRMED_PROVIDER_SYMBOL_CANDIDATE
WS:XETR:BASFN.DE,RESEARCHED,2026-09-03T06:49:32Z,CONFIRMED_PROVIDER_SYMBOL_CANDIDATE
WS:XETR:BAYGN.DE,RESEARCHED,2026-09-03T06:49:32Z,CONFIRMED_PROVIDER_SYMBOL_CANDIDATE
WS:XETR:BC8G.DE,RESEARCHED,2026-09-04T04:52:00Z,CONFIRMED_PROVIDER_SYMBOL_CANDIDATE
WS:XETR:BEIG.DE,RESEARCHED,2026-09-04T04:52:01Z,CONFIRMED_PROVIDER_SYMBOL_CANDIDATE
WS:XETR:BMWG.DE,RESEARCHED,2026-09-04T04:57:00Z,CONFIRMED_PROVIDER_SYMBOL_CANDIDATE
WS:XETR:BNRGN.DE,RESEARCHED,2026-09-02T22:00:00Z,CONFIRMED_CURRENT_SYMBOL_BUT_PRICE_VERIFY_REQUIRED
WS:XETR:CBKG.DE,RESEARCHED,2026-09-04T04:52:02Z,CONFIRMED_PROVIDER_SYMBOL_CANDIDATE
WS:XETR:CONG.DE,RESEARCHED,2026-09-04T04:52:03Z,CONFIRMED_PROVIDER_SYMBOL_CANDIDATE
WS:XETR:DB1GN.DE,RESEARCHED,2026-09-03T06:32:51Z,CONFIRMED_PROVIDER_SYMBOL_CANDIDATE
WS:XETR:DBKGN.DE,RESEARCHED,2026-09-02T22:00:00Z,CONFIRMED_CURRENT_SYMBOL_BUT_PRICE_VERIFY_REQUIRED
WS:XETR:DHLN.DE,RESEARCHED,2026-09-02T22:00:00Z,CONFIRMED_CURRENT_SYMBOL_BUT_PRICE_VERIFY_REQUIRED
WS:XETR:DTEGN.DE,RESEARCHED,2026-09-02T22:00:00Z,CONFIRMED_CURRENT_SYMBOL_BUT_PRICE_VERIFY_REQUIRED
WS:XETR:DTGGE.DE,RESEARCHED,2026-09-02T22:00:00Z,CONFIRMED_CURRENT_SYMBOL_BUT_PRICE_VERIFY_REQUIRED
WS:XETR:ENR1N.DE,RESEARCHED,2026-09-02T22:00:00Z,CONFIRMED_CURRENT_SYMBOL_BUT_PRICE_VERIFY_REQUIRED
WS:XETR:EONGN.DE,RESEARCHED,2026-09-02T22:00:00Z,CONFIRMED_CURRENT_SYMBOL_BUT_PRICE_VERIFY_REQUIRED
WS:XETR:EVDG.DE,RESEARCHED,2026-09-04T04:52:04Z,CONFIRMED_PROVIDER_SYMBOL_CANDIDATE
WS:XETR:EVKN.DE,RESEARCHED,2026-09-02T22:00:00Z,CONFIRMED_CURRENT_SYMBOL_BUT_PRICE_VERIFY_REQUIRED
WS:XETR:FMEG.DE,RESEARCHED,2026-09-04T04:52:05Z,CONFIRMED_PROVIDER_SYMBOL_CANDIDATE
WS:XETR:FNTGN.DE,RESEARCHED,2026-09-02T21:45:00Z,CONFIRMED_CURRENT_SYMBOL_BUT_PRICE_VERIFY_REQUIRED
WS:XETR:FPE3_P.DE,RESEARCHED,2026-09-02T22:00:00Z,CONFIRMED_CURRENT_SYMBOL_BUT_PRICE_VERIFY_REQUIRED
WS:XETR:FRAG.DE,RESEARCHED,2026-09-04T04:52:06Z,CONFIRMED_PROVIDER_SYMBOL_CANDIDATE
WS:XETR:FREG.DE,NOT_STARTED,2026-09-02T18:17:22.110176+00:00,UNRESOLVED_MANUAL
WS:XETR:FTKN.DE,RESEARCHED,2026-09-02T21:45:00Z,CONFIRMED_CURRENT_SYMBOL_BUT_PRICE_VERIFY_REQUIRED
WS:XETR:G1AG.DE,RESEARCHED,2026-09-04T04:52:07Z,CONFIRMED_PROVIDER_SYMBOL_CANDIDATE
WS:XETR:G24N.DE,RESEARCHED,2026-09-02T21:45:00Z,CONFIRMED_CURRENT_SYMBOL_BUT_PRICE_VERIFY_REQUIRED
WS:XETR:GBFG.DE,RESEARCHED,2026-09-04T04:52:08Z,CONFIRMED_PROVIDER_SYMBOL_CANDIDATE
WS:XETR:HAGG.DE,RESEARCHED,2026-09-04T04:52:09Z,CONFIRMED_PROVIDER_SYMBOL_CANDIDATE
WS:XETR:HEIG.DE,RESEARCHED,2026-09-04T04:52:10Z,CONFIRMED_PROVIDER_SYMBOL_CANDIDATE
WS:XETR:HNKG_P.DE,RESEARCHED,2026-09-02T22:20:00Z,CONFIRMED_PROVIDER_SYMBOL_CANDIDATE
WS:XETR:HNRGN.DE,RESEARCHED,2026-09-02T21:45:00Z,CONFIRMED_CURRENT_SYMBOL_BUT_PRICE_VERIFY_REQUIRED
WS:XETR:HOTG.DE,RESEARCHED,2026-09-04T04:52:11Z,CONFIRMED_PROVIDER_SYMBOL_CANDIDATE
WS:XETR:IFXGN.DE,RESEARCHED,2026-09-02T21:45:00Z,CONFIRMED_CURRENT_SYMBOL_BUT_PRICE_VERIFY_REQUIRED
WS:XETR:LEGN.DE,RESEARCHED,2026-09-02T21:05:00Z,CONFIRMED_CURRENT_SYMBOL_BUT_PRICE_VERIFY_REQUIRED
WS:XETR:LHAG.DE,RESEARCHED,2026-09-04T04:52:12Z,CONFIRMED_PROVIDER_SYMBOL_CANDIDATE
WS:XETR:MBGN.DE,RESEARCHED,2026-09-02T21:05:00Z,CONFIRMED_CURRENT_SYMBOL_BUT_PRICE_VERIFY_REQUIRED
WS:XETR:MTXGN.DE,RESEARCHED,2026-09-02T21:45:00Z,CONFIRMED_CURRENT_SYMBOL_BUT_PRICE_VERIFY_REQUIRED
WS:XETR:MUVGN.DE,RESEARCHED,2026-09-02T21:05:00Z,CONFIRMED_CURRENT_SYMBOL_BUT_PRICE_VERIFY_REQUIRED
WS:XETR:NAFG.DE,RESEARCHED,2026-09-04T05:16:00Z,CONFIRMED_PROVIDER_SYMBOL_CANDIDATE
WS:XETR:NDXG.DE,RESEARCHED,2026-09-04T04:52:13Z,CONFIRMED_PROVIDER_SYMBOL_CANDIDATE
WS:XETR:NEKG.DE,RESEARCHED,2026-09-04T05:57:00Z,CONFIRMED_PROVIDER_SYMBOL_CANDIDATE
WS:XETR:PSHG_P.DE,RESEARCHED,2026-09-02T21:05:00Z,CONFIRMED_CURRENT_SYMBOL_BUT_PRICE_VERIFY_REQUIRED
WS:XETR:PUMG.DE,RESEARCHED,2026-09-04T04:52:14Z,CONFIRMED_PROVIDER_SYMBOL_CANDIDATE
WS:XETR:RAAG.DE,RESEARCHED,2026-09-04T04:52:15Z,CONFIRMED_PROVIDER_SYMBOL_CANDIDATE
WS:XETR:RHMG.DE,RESEARCHED,2026-09-04T04:52:16Z,CONFIRMED_PROVIDER_SYMBOL_CANDIDATE
WS:XETR:RWEG.DE,RESEARCHED,2026-09-04T04:52:17Z,CONFIRMED_PROVIDER_SYMBOL_CANDIDATE
WS:XETR:SAPG.DE,RESEARCHED,2026-09-04T04:52:18Z,CONFIRMED_PROVIDER_SYMBOL_CANDIDATE
WS:XETR:SATG_P.DE,RESEARCHED,2026-09-02T21:05:00Z,CONFIRMED_CURRENT_SYMBOL_BUT_PRICE_VERIFY_REQUIRED
WS:XETR:SDFGN.DE,RESEARCHED,2026-09-02T21:45:00Z,CONFIRMED_CURRENT_SYMBOL_BUT_PRICE_VERIFY_REQUIRED
WS:XETR:SHLG.DE,RESEARCHED,2026-09-04T04:52:19Z,CONFIRMED_PROVIDER_SYMBOL_CANDIDATE
WS:XETR:SIEGN.DE,RESEARCHED,2026-09-02T21:45:00Z,CONFIRMED_CURRENT_SYMBOL_BUT_PRICE_VERIFY_REQUIRED
WS:XETR:SY1G.DE,RESEARCHED,2026-09-04T04:52:20Z,CONFIRMED_PROVIDER_SYMBOL_CANDIDATE
WS:XETR:TEGG.DE,RESEARCHED,2026-09-04T04:52:21Z,CONFIRMED_PROVIDER_SYMBOL_CANDIDATE
WS:XETR:TKAG.DE,RESEARCHED,2026-09-04T04:52:22Z,CONFIRMED_PROVIDER_SYMBOL_CANDIDATE
WS:XETR:TLXGN.DE,RESEARCHED,2026-09-02T21:45:00Z,CONFIRMED_CURRENT_SYMBOL_BUT_PRICE_VERIFY_REQUIRED
WS:XETR:TUI1N.DE,RESEARCHED,2026-09-02T21:05:00Z,CONFIRMED_CURRENT_SYMBOL_BUT_PRICE_VERIFY_REQUIRED
WS:XETR:VNAN.DE,RESEARCHED,2026-09-02T21:45:00Z,CONFIRMED_CURRENT_SYMBOL_BUT_PRICE_VERIFY_REQUIRED
WS:XETR:VOWG_P.DE,RESEARCHED,2026-09-02T21:05:00Z,CONFIRMED_CURRENT_SYMBOL_BUT_PRICE_VERIFY_REQUIRED
WS:XETR:ZALG.DE,RESEARCHED,2026-09-04T04:52:23Z,CONFIRMED_PROVIDER_SYMBOL_CANDIDATE
WS:XHEL:KCRA.HE,RESEARCHED,2026-09-04T17:10:00Z,CONFIRMED_PROVIDER_SYMBOL_CANDIDATE
WS:XHEL:NDAFI.HE,NOT_STARTED,2026-09-02T18:17:22.110176+00:00,UNRESOLVED_MANUAL
WS:XLON:ADML.L,RESEARCHED,2026-09-04T09:20:00Z,CONFIRMED_PROVIDER_SYMBOL_CANDIDATE
WS:XLON:AUTOA.L,RESEARCHED,2026-09-04T09:20:01Z,CONFIRMED_PROVIDER_SYMBOL_CANDIDATE
WS:XLON:BALF.L,RESEARCHED,2026-09-04T10:10:02Z,CONFIRMED_PROVIDER_SYMBOL_CANDIDATE
WS:XLON:BBOXT.L,RESEARCHED,2026-09-04T09:20:02Z,CONFIRMED_PROVIDER_SYMBOL_CANDIDATE
WS:XLON:BEZG.L,RESEARCHED,2026-09-04T09:20:03Z,CONFIRMED_PROVIDER_SYMBOL_CANDIDATE
WS:XLON:BKGH.L,RESEARCHED,2026-09-04T09:20:04Z,CONFIRMED_PROVIDER_SYMBOL_CANDIDATE
WS:XLON:BPTB.L,RESEARCHED,2026-09-04T09:20:05Z,CONFIRMED_PROVIDER_SYMBOL_CANDIDATE
WS:XLON:BT.L,RESEARCHED,2026-09-04T10:10:00Z,CONFIRMED_PROVIDER_SYMBOL_CANDIDATE
WS:XLON:HOCM.L,RESEARCHED,2026-09-04T09:20:06Z,CONFIRMED_PROVIDER_SYMBOL_CANDIDATE
WS:XLON:ICAG.L,RESEARCHED,2026-09-04T10:10:03Z,CONFIRMED_PROVIDER_SYMBOL_CANDIDATE
WS:XLON:ICGIN.L,RESEARCHED,2026-09-04T10:10:04Z,CONFIRMED_PROVIDER_SYMBOL_CANDIDATE
WS:XLON:MRON.L,RESEARCHED,2026-09-04T09:20:07Z,CONFIRMED_PROVIDER_SYMBOL_CANDIDATE
WS:XLON:PAFR.L,RESEARCHED,2026-09-04T09:20:08Z,CONFIRMED_PROVIDER_SYMBOL_CANDIDATE
WS:XLON:PLUSP.L,RESEARCHED,2026-09-04T09:20:09Z,CONFIRMED_PROVIDER_SYMBOL_CANDIDATE
WS:XLON:RS1R.L,RESEARCHED,2026-09-04T09:20:10Z,CONFIRMED_PROVIDER_SYMBOL_CANDIDATE
WS:XLON:SHCS.L,RESEARCHED,2026-09-04T09:20:11Z,CONFIRMED_PROVIDER_SYMBOL_CANDIDATE
WS:XLON:SJP.L,RESEARCHED,2026-09-04T10:10:01Z,CONFIRMED_PROVIDER_SYMBOL_CANDIDATE
WS:XLON:TCAPI.L,RESEARCHED,2026-09-04T09:20:12Z,CONFIRMED_PROVIDER_SYMBOL_CANDIDATE
WS:XMAD:AMA.MC,RESEARCHED,2026-09-04T16:45:00Z,CONFIRMED_PROVIDER_SYMBOL_CANDIDATE
WS:XMAD:ENAG.MC,RESEARCHED,2026-09-04T16:45:01Z,CONFIRMED_PROVIDER_SYMBOL_CANDIDATE
WS:XMAD:GRLS.MC,RESEARCHED,2026-09-04T16:45:02Z,CONFIRMED_PROVIDER_SYMBOL_CANDIDATE
WS:XMAD:PUIGB.MC,RESEARCHED,2026-09-02T22:35:00Z,CONFIRMED_PROVIDER_SYMBOL_CANDIDATE
WS:XMAD:REDE.MC,RESEARCHED,2026-09-04T16:41:00Z,CONFIRMED_PROVIDER_SYMBOL_CANDIDATE
WS:XMAD:SABE.MC,RESEARCHED,2026-09-04T16:41:01Z,CONFIRMED_PROVIDER_SYMBOL_CANDIDATE
WS:XMIL:A2.MI,RESEARCHED,2026-09-04T16:06:00Z,CONFIRMED_PROVIDER_SYMBOL_CANDIDATE
WS:XMIL:AZMT.MI,RESEARCHED,2026-09-04T15:56:00Z,CONFIRMED_PROVIDER_SYMBOL_CANDIDATE
WS:XMIL:BCU.MI,RESEARCHED,2026-09-04T16:06:01Z,CONFIRMED_PROVIDER_SYMBOL_CANDIDATE
WS:XMIL:CPRI.MI,RESEARCHED,2026-09-04T15:56:01Z,CONFIRMED_PROVIDER_SYMBOL_CANDIDATE
WS:XMIL:CRDI.MI,RESEARCHED,2026-09-04T16:06:02Z,CONFIRMED_PROVIDER_SYMBOL_CANDIDATE
WS:XMIL:EMII.MI,RESEARCHED,2026-09-04T16:06:03Z,CONFIRMED_PROVIDER_SYMBOL_CANDIDATE
WS:XMIL:ENEI.MI,RESEARCHED,2026-09-04T16:06:04Z,CONFIRMED_PROVIDER_SYMBOL_CANDIDATE
WS:XMIL:GASI.MI,RESEARCHED,2026-09-04T16:06:05Z,CONFIRMED_PROVIDER_SYMBOL_CANDIDATE
WS:XMIL:HRA.MI,RESEARCHED,2026-09-04T16:06:06Z,CONFIRMED_PROVIDER_SYMBOL_CANDIDATE
WS:XMIL:ITPG.MI,RESEARCHED,2026-09-04T16:06:07Z,CONFIRMED_PROVIDER_SYMBOL_CANDIDATE
WS:XMIL:LDOF.MI,RESEARCHED,2026-09-04T15:56:02Z,CONFIRMED_PROVIDER_SYMBOL_CANDIDATE
WS:XMIL:NEXII.MI,RESEARCHED,2026-09-04T15:56:03Z,CONFIRMED_PROVIDER_SYMBOL_CANDIDATE
WS:XMIL:RECI.MI,RESEARCHED,2026-09-04T15:56:04Z,CONFIRMED_PROVIDER_SYMBOL_CANDIDATE
WS:XMIL:SPMI.MI,RESEARCHED,2026-09-04T15:56:05Z,CONFIRMED_PROVIDER_SYMBOL_CANDIDATE
WS:XMIL:TENR.MI,RESEARCHED,2026-09-04T15:56:06Z,CONFIRMED_PROVIDER_SYMBOL_CANDIDATE
WS:XMIL:TLIT.MI,RESEARCHED,2026-09-04T16:06:08Z,CONFIRMED_PROVIDER_SYMBOL_CANDIDATE
WS:XMIL:UNPI.MI,RESEARCHED,2026-09-04T16:06:09Z,CONFIRMED_PROVIDER_SYMBOL_CANDIDATE
WS:XOSL:GJFG.OL,NOT_STARTED,2026-09-02T18:17:22.110176+00:00,UNRESOLVED_MANUAL
WS:XPAR:ACCP.PA,RESEARCHED,2026-09-04T06:22:00Z,CONFIRMED_PROVIDER_SYMBOL_CANDIDATE
WS:XPAR:AIRP.PA,RESEARCHED,2026-09-04T07:35:00Z,CONFIRMED_PROVIDER_SYMBOL_CANDIDATE
WS:XPAR:ALSO.PA,RESEARCHED,2026-09-04T06:22:01Z,CONFIRMED_PROVIDER_SYMBOL_CANDIDATE
WS:XPAR:AXAF.PA,RESEARCHED,2026-09-04T07:35:01Z,CONFIRMED_PROVIDER_SYMBOL_CANDIDATE
WS:XPAR:BIOX.PA,RESEARCHED,2026-09-04T06:22:02Z,CONFIRMED_PROVIDER_SYMBOL_CANDIDATE
WS:XPAR:BNPP.PA,RESEARCHED,2026-09-04T06:22:03Z,CONFIRMED_PROVIDER_SYMBOL_CANDIDATE
WS:XPAR:BOLL.PA,RESEARCHED,2026-09-04T06:22:04Z,CONFIRMED_PROVIDER_SYMBOL_CANDIDATE
WS:XPAR:BOUY.PA,RESEARCHED,2026-09-04T07:35:02Z,CONFIRMED_PROVIDER_SYMBOL_CANDIDATE
WS:XPAR:CAGR.PA,RESEARCHED,2026-09-04T06:22:05Z,CONFIRMED_PROVIDER_SYMBOL_CANDIDATE
WS:XPAR:CAPP.PA,RESEARCHED,2026-09-04T06:22:06Z,CONFIRMED_PROVIDER_SYMBOL_CANDIDATE
WS:XPAR:CARR.PA,RESEARCHED,2026-09-04T06:22:07Z,CONFIRMED_PROVIDER_SYMBOL_CANDIDATE
WS:XPAR:CVO.PA,RESEARCHED,2026-09-04T06:22:08Z,CONFIRMED_PROVIDER_SYMBOL_CANDIDATE
WS:XPAR:DANO.PA,RESEARCHED,2026-09-04T07:35:03Z,CONFIRMED_PROVIDER_SYMBOL_CANDIDATE
WS:XPAR:DAST.PA,RESEARCHED,2026-09-04T06:22:09Z,CONFIRMED_PROVIDER_SYMBOL_CANDIDATE
WS:XPAR:ENGIE.PA,RESEARCHED,2026-09-04T06:22:10Z,CONFIRMED_PROVIDER_SYMBOL_CANDIDATE
WS:XPAR:ESLX.PA,RESEARCHED,2026-09-04T06:22:11Z,CONFIRMED_PROVIDER_SYMBOL_CANDIDATE
WS:XPAR:EUFI.PA,RESEARCHED,2026-09-04T06:22:12Z,CONFIRMED_PROVIDER_SYMBOL_CANDIDATE
WS:XPAR:EXHO.PA,RESEARCHED,2026-09-04T07:35:04Z,CONFIRMED_PROVIDER_SYMBOL_CANDIDATE
WS:XPAR:FOUG.PA,RESEARCHED,2026-09-04T06:22:13Z,CONFIRMED_PROVIDER_SYMBOL_CANDIDATE
WS:XPAR:GETP.PA,RESEARCHED,2026-09-04T06:22:14Z,CONFIRMED_PROVIDER_SYMBOL_CANDIDATE
WS:XPAR:GFCP.PA,RESEARCHED,2026-09-04T06:22:15Z,CONFIRMED_PROVIDER_SYMBOL_CANDIDATE
WS:XPAR:HRMS.PA,RESEARCHED,2026-09-04T06:22:16Z,CONFIRMED_PROVIDER_SYMBOL_CANDIDATE
WS:XPAR:LEGD.PA,RESEARCHED,2026-09-04T06:22:17Z,CONFIRMED_PROVIDER_SYMBOL_CANDIDATE
WS:XPAR:LOIM.PA,RESEARCHED,2026-09-04T06:22:18Z,CONFIRMED_PROVIDER_SYMBOL_CANDIDATE
WS:XPAR:LVMH.PA,RESEARCHED,2026-09-04T06:22:19Z,CONFIRMED_PROVIDER_SYMBOL_CANDIDATE
WS:XPAR:MICP.PA,RESEARCHED,2026-09-04T06:22:20Z,CONFIRMED_PROVIDER_SYMBOL_CANDIDATE
WS:XPAR:NEXS.PA,RESEARCHED,2026-09-04T06:22:21Z,CONFIRMED_PROVIDER_SYMBOL_CANDIDATE
WS:XPAR:ORAN.PA,RESEARCHED,2026-09-04T06:22:22Z,CONFIRMED_PROVIDER_SYMBOL_CANDIDATE
WS:XPAR:OREP.PA,RESEARCHED,2026-09-04T06:22:23Z,CONFIRMED_PROVIDER_SYMBOL_CANDIDATE
WS:XPAR:PERP.PA,RESEARCHED,2026-09-04T06:22:24Z,CONFIRMED_PROVIDER_SYMBOL_CANDIDATE
WS:XPAR:PRTP.PA,RESEARCHED,2026-09-04T06:22:25Z,CONFIRMED_PROVIDER_SYMBOL_CANDIDATE
WS:XPAR:PUBP.PA,RESEARCHED,2026-09-04T06:22:26Z,CONFIRMED_PROVIDER_SYMBOL_CANDIDATE
WS:XPAR:RENA.PA,RESEARCHED,2026-09-04T06:22:27Z,CONFIRMED_PROVIDER_SYMBOL_CANDIDATE
WS:XPAR:RUBF.PA,RESEARCHED,2026-09-04T06:22:28Z,CONFIRMED_PROVIDER_SYMBOL_CANDIDATE
WS:XPAR:SASY.PA,RESEARCHED,2026-09-04T06:22:29Z,CONFIRMED_PROVIDER_SYMBOL_CANDIDATE
WS:XPAR:SCHN.PA,RESEARCHED,2026-09-04T06:22:30Z,CONFIRMED_PROVIDER_SYMBOL_CANDIDATE
WS:XPAR:SCOR.PA,RESEARCHED,2026-09-04T06:22:31Z,CONFIRMED_PROVIDER_SYMBOL_CANDIDATE
WS:XPAR:SESFD.PA,RESEARCHED,2026-09-02T22:50:00Z,CONFIRMED_PROVIDER_SYMBOL_CANDIDATE
WS:XPAR:SGEF.PA,RESEARCHED,2026-09-04T07:35:05Z,CONFIRMED_PROVIDER_SYMBOL_CANDIDATE
WS:XPAR:SGOB.PA,RESEARCHED,2026-09-04T06:22:32Z,CONFIRMED_PROVIDER_SYMBOL_CANDIDATE
WS:XPAR:SOGN.PA,RESEARCHED,2026-09-04T06:22:33Z,CONFIRMED_PROVIDER_SYMBOL_CANDIDATE
WS:XPAR:SOIT.PA,RESEARCHED,2026-09-04T06:22:34Z,CONFIRMED_PROVIDER_SYMBOL_CANDIDATE
WS:XPAR:SOPR.PA,RESEARCHED,2026-09-04T06:22:35Z,CONFIRMED_PROVIDER_SYMBOL_CANDIDATE
WS:XPAR:STDM.PA,RESEARCHED,2026-09-04T07:35:06Z,CONFIRMED_PROVIDER_SYMBOL_CANDIDATE
WS:XPAR:TCFP.PA,RESEARCHED,2026-09-04T07:35:07Z,CONFIRMED_PROVIDER_SYMBOL_CANDIDATE
WS:XPAR:TEPRF.PA,RESEARCHED,2026-09-04T06:22:36Z,CONFIRMED_PROVIDER_SYMBOL_CANDIDATE
WS:XPAR:TTEF.PA,RESEARCHED,2026-09-04T06:22:37Z,CONFIRMED_PROVIDER_SYMBOL_CANDIDATE
WS:XPAR:VLLP.PA,RESEARCHED,2026-09-04T06:22:38Z,CONFIRMED_PROVIDER_SYMBOL_CANDIDATE
WS:XPAR:VLOF.PA,RESEARCHED,2026-09-04T07:35:08Z,CONFIRMED_PROVIDER_SYMBOL_CANDIDATE
WS:XSTO:ADDTB.ST,RESEARCHED,2026-09-02T21:06:21Z,CONFIRMED_CURRENT_SYMBOL_BUT_PRICE_VERIFY_REQUIRED
WS:XSTO:ASSAB.ST,RESEARCHED,2026-09-02T21:06:21Z,CONFIRMED_CURRENT_SYMBOL_BUT_PRICE_VERIFY_REQUIRED
WS:XSTO:ATCOA.ST,RESEARCHED,2026-09-02T21:06:21Z,CONFIRMED_CURRENT_SYMBOL_BUT_PRICE_VERIFY_REQUIRED
WS:XSTO:AVANZ.ST,RESEARCHED,2026-09-04T17:02:00Z,CONFIRMED_PROVIDER_SYMBOL_CANDIDATE
WS:XSTO:BALDB.ST,RESEARCHED,2026-09-02T21:06:21Z,CONFIRMED_CURRENT_SYMBOL_BUT_PRICE_VERIFY_REQUIRED
WS:XSTO:BEIJB.ST,RESEARCHED,2026-09-02T21:06:21Z,CONFIRMED_CURRENT_SYMBOL_BUT_PRICE_VERIFY_REQUIRED
WS:XSTO:EPIRA.ST,RESEARCHED,2026-09-02T21:06:21Z,CONFIRMED_CURRENT_SYMBOL_BUT_PRICE_VERIFY_REQUIRED
WS:XSTO:ERICB.ST,RESEARCHED,2026-09-02T21:06:21Z,CONFIRMED_CURRENT_SYMBOL_BUT_PRICE_VERIFY_REQUIRED
WS:XSTO:ESSITYB.ST,RESEARCHED,2026-09-02T21:06:21Z,CONFIRMED_CURRENT_SYMBOL_BUT_PRICE_VERIFY_REQUIRED
WS:XSTO:EVOG.ST,RESEARCHED,2026-09-04T16:57:00Z,CONFIRMED_PROVIDER_SYMBOL_CANDIDATE
WS:XSTO:GETIB.ST,RESEARCHED,2026-09-02T21:06:21Z,CONFIRMED_CURRENT_SYMBOL_BUT_PRICE_VERIFY_REQUIRED
WS:XSTO:HEXAB.ST,RESEARCHED,2026-09-02T21:06:21Z,CONFIRMED_CURRENT_SYMBOL_BUT_PRICE_VERIFY_REQUIRED
WS:XSTO:HMB.ST,RESEARCHED,2026-09-02T21:06:21Z,CONFIRMED_CURRENT_SYMBOL_BUT_PRICE_VERIFY_REQUIRED
WS:XSTO:HOLMB.ST,RESEARCHED,2026-09-02T21:06:21Z,CONFIRMED_CURRENT_SYMBOL_BUT_PRICE_VERIFY_REQUIRED
WS:XSTO:INDUC.ST,RESEARCHED,2026-09-02T21:06:21Z,CONFIRMED_CURRENT_SYMBOL_BUT_PRICE_VERIFY_REQUIRED
WS:XSTO:INVEB.ST,RESEARCHED,2026-09-02T21:06:21Z,CONFIRMED_CURRENT_SYMBOL_BUT_PRICE_VERIFY_REQUIRED
WS:XSTO:LAGRB.ST,RESEARCHED,2026-09-02T21:06:21Z,CONFIRMED_CURRENT_SYMBOL_BUT_PRICE_VERIFY_REQUIRED
WS:XSTO:LATOB.ST,RESEARCHED,2026-09-02T21:06:21Z,CONFIRMED_CURRENT_SYMBOL_BUT_PRICE_VERIFY_REQUIRED
WS:XSTO:LIFCOB.ST,RESEARCHED,2026-09-02T21:06:21Z,CONFIRMED_CURRENT_SYMBOL_BUT_PRICE_VERIFY_REQUIRED
WS:XSTO:LUNDB.ST,RESEARCHED,2026-09-02T21:06:21Z,CONFIRMED_CURRENT_SYMBOL_BUT_PRICE_VERIFY_REQUIRED
WS:XSTO:NIBEB.ST,RESEARCHED,2026-09-02T21:08:02Z,CONFIRMED_CURRENT_SYMBOL_BUT_PRICE_VERIFY_REQUIRED
WS:XSTO:OCTVSDB.ST,RESEARCHED,2026-09-02T21:08:02Z,CONFIRMED_CURRENT_SYMBOL_BUT_PRICE_VERIFY_REQUIRED
WS:XSTO:SAABB.ST,RESEARCHED,2026-09-02T21:11:27Z,CONFIRMED_CURRENT_SYMBOL_BUT_PRICE_VERIFY_REQUIRED
WS:XSTO:SAGAB.ST,RESEARCHED,2026-09-02T21:11:27Z,CONFIRMED_CURRENT_SYMBOL_BUT_PRICE_VERIFY_REQUIRED
WS:XSTO:SCAB.ST,RESEARCHED,2026-09-02T21:11:27Z,CONFIRMED_CURRENT_SYMBOL_BUT_PRICE_VERIFY_REQUIRED
WS:XSTO:SEBA.ST,RESEARCHED,2026-09-02T20:57:59Z,CONFIRMED_CURRENT_SYMBOL_BUT_PRICE_VERIFY_REQUIRED
WS:XSTO:SECTB.ST,RESEARCHED,2026-09-02T20:57:59Z,CONFIRMED_CURRENT_SYMBOL_BUT_PRICE_VERIFY_REQUIRED
WS:XSTO:SECUB.ST,RESEARCHED,2026-09-02T20:57:59Z,CONFIRMED_CURRENT_SYMBOL_BUT_PRICE_VERIFY_REQUIRED
WS:XSTO:SHBA.ST,RESEARCHED,2026-09-02T20:57:59Z,CONFIRMED_CURRENT_SYMBOL_BUT_PRICE_VERIFY_REQUIRED
WS:XSTO:SKAB.ST,RESEARCHED,2026-09-02T20:57:59Z,CONFIRMED_CURRENT_SYMBOL_BUT_PRICE_VERIFY_REQUIRED
WS:XSTO:SKFB.ST,RESEARCHED,2026-09-02T20:57:59Z,CONFIRMED_CURRENT_SYMBOL_BUT_PRICE_VERIFY_REQUIRED
WS:XSTO:SOBIV.ST,RESEARCHED,2026-09-04T16:57:01Z,CONFIRMED_PROVIDER_SYMBOL_CANDIDATE
WS:XSTO:SSABB.ST,RESEARCHED,2026-09-02T20:57:59Z,CONFIRMED_CURRENT_SYMBOL_BUT_PRICE_VERIFY_REQUIRED
WS:XSTO:SWECB.ST,RESEARCHED,2026-09-02T20:57:59Z,CONFIRMED_CURRENT_SYMBOL_BUT_PRICE_VERIFY_REQUIRED
WS:XSTO:SWEDA.ST,RESEARCHED,2026-09-02T20:57:59Z,CONFIRMED_CURRENT_SYMBOL_BUT_PRICE_VERIFY_REQUIRED
WS:XSTO:TEL2B.ST,RESEARCHED,2026-09-02T20:57:59Z,CONFIRMED_CURRENT_SYMBOL_BUT_PRICE_VERIFY_REQUIRED
WS:XSTO:TRELB.ST,RESEARCHED,2026-09-02T20:57:59Z,CONFIRMED_CURRENT_SYMBOL_BUT_PRICE_VERIFY_REQUIRED
WS:XSTO:VOLVB.ST,RESEARCHED,2026-09-02T20:57:59Z,CONFIRMED_CURRENT_SYMBOL_BUT_PRICE_VERIFY_REQUIRED
WS:XSWX:ALCC.S,RESEARCHED,2026-09-02T21:27:00Z,CONFIRMED_CURRENT_SYMBOL_BUT_PRICE_VERIFY_REQUIRED
WS:XSWX:BKWB.S,RESEARCHED,2026-09-02T21:27:00Z,CONFIRMED_CURRENT_SYMBOL_BUT_PRICE_VERIFY_REQUIRED
WS:XSWX:COTNE.S,RESEARCHED,2026-09-02T21:27:00Z,CONFIRMED_CURRENT_SYMBOL_BUT_PRICE_VERIFY_REQUIRED
WS:XSWX:HBANC.S,RESEARCHED,2026-09-02T21:27:00Z,CONFIRMED_CURRENT_SYMBOL_BUT_PRICE_VERIFY_REQUIRED
WS:XSWX:ROPC.S,RESEARCHED,2026-09-02T21:27:00Z,CONFIRMED_CURRENT_SYMBOL_BUT_PRICE_VERIFY_REQUIRED
WS:XSWX:SIGNC.S,RESEARCHED,2026-09-02T21:27:00Z,CONFIRMED_CURRENT_SYMBOL_BUT_PRICE_VERIFY_REQUIRED
WS:XSWX:SRENH.S,RESEARCHED,2026-09-02T21:27:00Z,CONFIRMED_CURRENT_SYMBOL_BUT_PRICE_VERIFY_REQUIRED
WS:XWAR:ACPP.WA,RESEARCHED,2026-09-04T16:49:00Z,CONFIRMED_PROVIDER_SYMBOL_CANDIDATE
WS:XWAR:ALEP.WA,RESEARCHED,2026-09-04T16:49:01Z,CONFIRMED_PROVIDER_SYMBOL_CANDIDATE
WS:XWAR:LPPP.WA,RESEARCHED,2026-09-04T16:49:02Z,CONFIRMED_PROVIDER_SYMBOL_CANDIDATE
WS:XWAR:MILP.WA,RESEARCHED,2026-09-04T16:49:03Z,CONFIRMED_PROVIDER_SYMBOL_CANDIDATE
WS:XWBO:ATSV.VI,RESEARCHED,2026-09-04T16:23:00Z,CONFIRMED_PROVIDER_SYMBOL_CANDIDATE
WS:XWBO:BAWG.VI,RESEARCHED,2026-09-04T16:35:00Z,CONFIRMED_PROVIDER_SYMBOL_CANDIDATE
WS:XWBO:ERST.VI,RESEARCHED,2026-09-04T16:35:01Z,CONFIRMED_PROVIDER_SYMBOL_CANDIDATE
WS:XWBO:OMVV.VI,RESEARCHED,2026-09-04T16:23:01Z,CONFIRMED_PROVIDER_SYMBOL_CANDIDATE
WS:XWBO:RBIV.VI,RESEARCHED,2026-09-04T16:23:02Z,CONFIRMED_PROVIDER_SYMBOL_CANDIDATE
WS:XWBO:VERB.VI,RESEARCHED,2026-09-04T16:23:03Z,CONFIRMED_PROVIDER_SYMBOL_CANDIDATE
WS:XWBO:VOES.VI,RESEARCHED,2026-09-04T16:23:04Z,CONFIRMED_PROVIDER_SYMBOL_CANDIDATE
WS:XWBO:WBSV.VI,RESEARCHED,2026-09-04T16:35:02Z,CONFIRMED_PROVIDER_SYMBOL_CANDIDATE
