Group_ID,Classification,Normalized_Issuer_Name,WS_ID,Name,Primary_Universe_Index,Primary_MIC,Primary_Ticker,Yahoo_Symbol,ISIN
NAME:788316fe08a4,CROSS_LISTING_OR_DUAL_LISTING_NON_BLOCKING,life360,WS:XASX:360,Life360,AU_ASX200,XASX,360,360.AX,
NAME:788316fe08a4,CROSS_LISTING_OR_DUAL_LISTING_NON_BLOCKING,life360,WS:US:LIF,Life360,US_SP1500,,LIF,LIF,
NAME:8305fb1607a0,CROSS_LISTING_OR_DUAL_LISTING_NON_BLOCKING,a2 milk,WS:XASX:A2M,a2 Milk Company,AU_ASX200,XASX,A2M,A2M.AX,
NAME:8305fb1607a0,CROSS_LISTING_OR_DUAL_LISTING_NON_BLOCKING,a2 milk,WS:XNZE:ATM,The a2 Milk Company Limited,NZ_NZX50,XNZE,ATM,ATM.NZ,
NAME:a4f51af9d392,CROSS_LISTING_OR_DUAL_LISTING_NON_BLOCKING,alcoa,WS:XASX:AAI,Alcoa,AU_ASX200,XASX,AAI,AAI.AX,
NAME:a4f51af9d392,CROSS_LISTING_OR_DUAL_LISTING_NON_BLOCKING,alcoa,WS:US:AA,Alcoa,US_SP1500,,AA,AA,
NAME:0ed3abbd8c5c,CROSS_LISTING_OR_DUAL_LISTING_NON_BLOCKING,auckland international airport,WS:XASX:AIA,Auckland International Airport Limited,AU_ASX200,XASX,AIA,AIA.AX,
NAME:0ed3abbd8c5c,CROSS_LISTING_OR_DUAL_LISTING_NON_BLOCKING,auckland international airport,WS:XNZE:AIA,Auckland International Airport Limited,NZ_NZX50,XNZE,AIA,AIA.NZ,
NAME:499f2cf37b8b,CROSS_LISTING_OR_DUAL_LISTING_NON_BLOCKING,amcor,WS:XASX:AMC,Amcor,AU_ASX200,XASX,AMC,AMC.AX,
NAME:499f2cf37b8b,CROSS_LISTING_OR_DUAL_LISTING_NON_BLOCKING,amcor,WS:US:AMCR,Amcor,US_SP1500,,AMCR,AMCR,
NAME:c4f89db729da,CROSS_LISTING_OR_DUAL_LISTING_NON_BLOCKING,bhp,WS:XASX:BHP,BHP,AU_ASX200,XASX,BHP,BHP.AX,
NAME:c4f89db729da,CROSS_LISTING_OR_DUAL_LISTING_NON_BLOCKING,bhp,WS:SRC:ZA_TOP40:C4F89DB729DA585F,BHP,ZA_TOP40,XJSE,,,
NAME:6338c51903b0,CROSS_LISTING_OR_DUAL_LISTING_NON_BLOCKING,contact energy,WS:XASX:CEN,Contact Energy,AU_ASX200,XASX,CEN,CEN.AX,
NAME:6338c51903b0,CROSS_LISTING_OR_DUAL_LISTING_NON_BLOCKING,contact energy,WS:XNZE:CEN,Contact Energy Limited,NZ_NZX50,XNZE,CEN,CEN.NZ,
NAME:ca6e99a67a7a,CROSS_LISTING_OR_DUAL_LISTING_NON_BLOCKING,chorus,WS:XASX:CNU,Chorus,AU_ASX200,XASX,CNU,CNU.AX,
NAME:ca6e99a67a7a,CROSS_LISTING_OR_DUAL_LISTING_NON_BLOCKING,chorus,WS:XNZE:CNU,Chorus Limited,NZ_NZX50,XNZE,CNU,CNU.NZ,
NAME:f8d28c359d0f,CROSS_LISTING_OR_DUAL_LISTING_NON_BLOCKING,capstone copper,WS:XASX:CSC,Capstone Copper,AU_ASX200,XASX,CSC,CSC.AX,
NAME:f8d28c359d0f,CROSS_LISTING_OR_DUAL_LISTING_NON_BLOCKING,capstone copper,WS:XTSE:CS,Capstone Copper Corp.,CA_TSX,XTSE,CS,CS.TO,
NAME:6a72ea26ce00,CROSS_LISTING_OR_DUAL_LISTING_NON_BLOCKING,ebos group,WS:XASX:EBO,EBOS Group,AU_ASX200,XASX,EBO,EBO.AX,
NAME:6a72ea26ce00,CROSS_LISTING_OR_DUAL_LISTING_NON_BLOCKING,ebos group,WS:XNZE:EBO,EBOS Group Limited,NZ_NZX50,XNZE,EBO,EBO.NZ,
NAME:3af266929940,CROSS_LISTING_OR_DUAL_LISTING_NON_BLOCKING,fletcher building,WS:XASX:FBU,Fletcher Building,AU_ASX200,XASX,FBU,FBU.AX,
NAME:3af266929940,CROSS_LISTING_OR_DUAL_LISTING_NON_BLOCKING,fletcher building,WS:XNZE:FBU,Fletcher Building Limited,NZ_NZX50,XNZE,FBU,FBU.NZ,
NAME:6dbc1a40f69b,CROSS_LISTING_OR_DUAL_LISTING_NON_BLOCKING,fisher and paykel healthcare,WS:XASX:FPH,Fisher & Paykel Healthcare,AU_ASX200,XASX,FPH,FPH.AX,
NAME:6dbc1a40f69b,CROSS_LISTING_OR_DUAL_LISTING_NON_BLOCKING,fisher and paykel healthcare,WS:XNZE:FPH,Fisher & Paykel Healthcare Corporation Limited,NZ_NZX50,XNZE,FPH,FPH.NZ,
NAME:16bf4920ef50,CROSS_LISTING_OR_DUAL_LISTING_NON_BLOCKING,freightways group,WS:XASX:FRW,Freightways Group,AU_ASX200,XASX,FRW,FRW.AX,
NAME:16bf4920ef50,CROSS_LISTING_OR_DUAL_LISTING_NON_BLOCKING,freightways group,WS:XNZE:FRW,Freightways Group Limited,NZ_NZX50,XNZE,FRW,FRW.NZ,
NAME:94fa5d54dbf3,CROSS_LISTING_OR_DUAL_LISTING_NON_BLOCKING,genesis energy,WS:XASX:GNE,Genesis Energy,AU_ASX200,XASX,GNE,GNE.AX,
NAME:94fa5d54dbf3,CROSS_LISTING_OR_DUAL_LISTING_NON_BLOCKING,genesis energy,WS:XNZE:GNE,Genesis Energy Limited,NZ_NZX50,XNZE,GNE,GNE.NZ,
NAME:6474195827c7,CROSS_LISTING_OR_DUAL_LISTING_NON_BLOCKING,infratil,WS:XASX:IFT,Infratil,AU_ASX200,XASX,IFT,IFT.AX,
NAME:6474195827c7,CROSS_LISTING_OR_DUAL_LISTING_NON_BLOCKING,infratil,WS:XNZE:IFT,Infratil Limited,NZ_NZX50,XNZE,IFT,IFT.NZ,
NAME:8f9696ef082f,CROSS_LISTING_OR_DUAL_LISTING_NON_BLOCKING,mercury nz,WS:XASX:MCY,Mercury NZ,AU_ASX200,XASX,MCY,MCY.AX,
NAME:8f9696ef082f,CROSS_LISTING_OR_DUAL_LISTING_NON_BLOCKING,mercury nz,WS:XNZE:MCY,Mercury NZ Limited,NZ_NZX50,XNZE,MCY,MCY.NZ,
NAME:50e99cdb7c02,CROSS_LISTING_OR_DUAL_LISTING_NON_BLOCKING,meridian energy,WS:XASX:MEZ,Meridian Energy,AU_ASX200,XASX,MEZ,MEZ.AX,
NAME:50e99cdb7c02,CROSS_LISTING_OR_DUAL_LISTING_NON_BLOCKING,meridian energy,WS:XNZE:MEL,Meridian Energy Limited,NZ_NZX50,XNZE,MEL,MEL.NZ,
NAME:71d7da66f751,CROSS_LISTING_OR_DUAL_LISTING_NON_BLOCKING,newmont,WS:XASX:NEM,Newmont,AU_ASX200,XASX,NEM,NEM.AX,
NAME:71d7da66f751,CROSS_LISTING_OR_DUAL_LISTING_NON_BLOCKING,newmont,WS:US:NEM,Newmont,US_SP1500,,NEM,NEM,
NAME:aebd0c9e79a8,CROSS_LISTING_OR_DUAL_LISTING_NON_BLOCKING,news corp class b,WS:XASX:NWS,News Corp Class B,AU_ASX200,XASX,NWS,NWS.AX,
NAME:aebd0c9e79a8,CROSS_LISTING_OR_DUAL_LISTING_NON_BLOCKING,news corp class b,WS:US:NWS,News Corp (Class B),US_SP1500,,NWS,NWS,
NAME:460e48e8c6fe,CROSS_LISTING_OR_DUAL_LISTING_NON_BLOCKING,nexgen energy,WS:XASX:NXG,Nexgen Energy,AU_ASX200,XASX,NXG,NXG.AX,
NAME:460e48e8c6fe,CROSS_LISTING_OR_DUAL_LISTING_NON_BLOCKING,nexgen energy,WS:XTSE:NXE,NexGen Energy Ltd.,CA_TSX,XTSE,NXE,NXE.TO,
NAME:088aa4c28a5a,CROSS_LISTING_OR_DUAL_LISTING_NON_BLOCKING,rio tinto,WS:XASX:RIO,Rio Tinto,AU_ASX200,XASX,RIO,RIO.AX,
NAME:088aa4c28a5a,CROSS_LISTING_OR_DUAL_LISTING_NON_BLOCKING,rio tinto,WS:XLON:RIO.L,RIO TINTO,EU_STOXX600,XLON,RIO.L,RIO.L,
NAME:1da1212641d4,CROSS_LISTING_OR_DUAL_LISTING_NON_BLOCKING,resmed,WS:XASX:RMD,ResMed,AU_ASX200,XASX,RMD,RMD.AX,
NAME:1da1212641d4,CROSS_LISTING_OR_DUAL_LISTING_NON_BLOCKING,resmed,WS:US:RMD,ResMed|,US_SP1500,,RMD,RMD,
NAME:dda55fd2042e,CROSS_LISTING_OR_DUAL_LISTING_NON_BLOCKING,ryman healthcare,WS:XASX:RYM,Ryman Healthcare,AU_ASX200,XASX,RYM,RYM.AX,
NAME:dda55fd2042e,CROSS_LISTING_OR_DUAL_LISTING_NON_BLOCKING,ryman healthcare,WS:XNZE:RYM,Ryman Healthcare Limited,NZ_NZX50,XNZE,RYM,RYM.NZ,
NAME:c11a8b335938,CROSS_LISTING_OR_DUAL_LISTING_NON_BLOCKING,summerset group holdings,WS:XASX:SNZ,Summerset Group Holdings,AU_ASX200,XASX,SNZ,SNZ.AX,
NAME:c11a8b335938,CROSS_LISTING_OR_DUAL_LISTING_NON_BLOCKING,summerset group holdings,WS:XNZE:SUM,Summerset Group Holdings Limited,NZ_NZX50,XNZE,SUM,SUM.NZ,
NAME:d50e276aaa64,CROSS_LISTING_OR_DUAL_LISTING_NON_BLOCKING,spark new zealand,WS:XASX:SPK,Spark New Zealand,AU_ASX200,XASX,SPK,SPK.AX,
NAME:d50e276aaa64,CROSS_LISTING_OR_DUAL_LISTING_NON_BLOCKING,spark new zealand,WS:XNZE:SPK,Spark New Zealand Limited,NZ_NZX50,XNZE,SPK,SPK.NZ,
NAME:496aca80e4d8,CROSS_LISTING_OR_DUAL_LISTING_NON_BLOCKING,block,WS:XASX:XYX,"Block, Inc.",AU_ASX200,XASX,XYX,XYX.AX,
NAME:496aca80e4d8,CROSS_LISTING_OR_DUAL_LISTING_NON_BLOCKING,block,WS:US:XYZ,"Block, Inc.",US_SP1500,,XYZ,XYZ,
NAME:d99448961d1f,CROSS_LISTING_OR_DUAL_LISTING_NON_BLOCKING,rb global,WS:XTSE:RBA,RB Global Inc.,CA_TSX,XTSE,RBA,RBA.TO,
NAME:d99448961d1f,CROSS_LISTING_OR_DUAL_LISTING_NON_BLOCKING,rb global,WS:US:RBA,RB Global,US_SP1500,,RBA,RBA,
NAME:3689afe63615,CROSS_LISTING_OR_DUAL_LISTING_NON_BLOCKING,midea group,WS:XSHE:000333,"Midea Group CO., LTD",CN_CSI300,XSHE,000333,000333.SZ,
NAME:3689afe63615,CROSS_LISTING_OR_DUAL_LISTING_NON_BLOCKING,midea group,WS:XHKG:300,MIDEA GROUP,HK_HSI,XHKG,300,0300.HK,
NAME:f25bbea0b95d,CROSS_LISTING_OR_DUAL_LISTING_NON_BLOCKING,byd,WS:XSHE:002594,BYD Co Ltd,CN_CSI300,XSHE,002594,002594.SZ,
NAME:f25bbea0b95d,CROSS_LISTING_OR_DUAL_LISTING_NON_BLOCKING,byd,WS:XHKG:1211,BYD COMPANY,HK_HSI,XHKG,1211,1211.HK,
NAME:3e9baf33b150,CROSS_LISTING_OR_DUAL_LISTING_NON_BLOCKING,cnooc,WS:XSHG:600938,CNOOC Limited,CN_CSI300,XSHG,600938,600938.SS,
NAME:3e9baf33b150,CROSS_LISTING_OR_DUAL_LISTING_NON_BLOCKING,cnooc,WS:XHKG:883,CNOOC,HK_HSI,XHKG,883,0883.HK,
NAME:85e206838921,CROSS_LISTING_OR_DUAL_LISTING_NON_BLOCKING,china mobile,WS:XSHG:600941,China Mobile Limited,CN_CSI300,XSHG,600941,600941.SS,
NAME:85e206838921,CROSS_LISTING_OR_DUAL_LISTING_NON_BLOCKING,china mobile,WS:XHKG:941,CHINA MOBILE,HK_HSI,XHKG,941,0941.HK,
NAME:2f4cdd3b31b9,CROSS_LISTING_OR_DUAL_LISTING_NON_BLOCKING,china telecom,WS:XSHG:601728,China Telecom Corporation Limited,CN_CSI300,XSHG,601728,601728.SS,
NAME:2f4cdd3b31b9,CROSS_LISTING_OR_DUAL_LISTING_NON_BLOCKING,china telecom,WS:XHKG:728,CHINA TELECOM,HK_HSI,XHKG,728,0728.HK,
NAME:e5c416b13065,CROSS_LISTING_OR_DUAL_LISTING_NON_BLOCKING,petrochina,WS:XSHG:601857,PetroChina Co Ltd,CN_CSI300,XSHG,601857,601857.SS,
NAME:e5c416b13065,CROSS_LISTING_OR_DUAL_LISTING_NON_BLOCKING,petrochina,WS:XHKG:857,PETROCHINA,HK_HSI,XHKG,857,0857.HK,
NAME:ba8c12a6f091,CROSS_LISTING_OR_DUAL_LISTING_NON_BLOCKING,bank of china,WS:XSHG:601988,Bank of China Ltd,CN_CSI300,XSHG,601988,601988.SS,
NAME:ba8c12a6f091,CROSS_LISTING_OR_DUAL_LISTING_NON_BLOCKING,bank of china,WS:XHKG:3988,BANK OF CHINA,HK_HSI,XHKG,3988,3988.HK,
NAME:ed7077680c73,CROSS_LISTING_OR_DUAL_LISTING_NON_BLOCKING,wuxi apptec,WS:XSHG:603259,"WuXi AppTec Co., Ltd.",CN_CSI300,XSHG,603259,603259.SS,
NAME:ed7077680c73,CROSS_LISTING_OR_DUAL_LISTING_NON_BLOCKING,wuxi apptec,WS:XHKG:2359,WUXI APPTEC,HK_HSI,XHKG,2359,2359.HK,
NAME:302aa746912a,CROSS_LISTING_OR_DUAL_LISTING_NON_BLOCKING,prosus,WS:XAMS:PRX.AS,Prosus,EU_STOXX600,XAMS,PRX.AS,PRX.AS,
NAME:302aa746912a,CROSS_LISTING_OR_DUAL_LISTING_NON_BLOCKING,prosus,WS:SRC:ZA_TOP40:302AA746912AD383,Prosus,ZA_TOP40,XJSE,,PRX.JO,
NAME:c46c9a1e2438,CROSS_LISTING_OR_DUAL_LISTING_NON_BLOCKING,anglo american,WS:XLON:AAL.L,ANGLO AMERICAN,EU_STOXX600,XLON,AAL.L,AAL.L,
NAME:c46c9a1e2438,CROSS_LISTING_OR_DUAL_LISTING_NON_BLOCKING,anglo american,WS:SRC:ZA_TOP40:C46C9A1E2438665A,Anglo American,ZA_TOP40,XJSE,,AGL.JO,
NAME:856ed7b9e6cb,CROSS_LISTING_OR_DUAL_LISTING_NON_BLOCKING,glencore,WS:XLON:GLEN.L,GLENCORE PLC,EU_STOXX600,XLON,GLEN.L,GLEN.L,
NAME:856ed7b9e6cb,CROSS_LISTING_OR_DUAL_LISTING_NON_BLOCKING,glencore,WS:SRC:ZA_TOP40:856ED7B9E6CBDE42,Glencore,ZA_TOP40,XJSE,,GLN.JO,
NAME:8f58aec30b98,CROSS_LISTING_OR_DUAL_LISTING_NON_BLOCKING,investec,WS:XLON:INVP.L,INVESTEC,EU_STOXX600,XLON,INVP.L,INVP.L,
NAME:8f58aec30b98,CROSS_LISTING_OR_DUAL_LISTING_NON_BLOCKING,investec,WS:SRC:ZA_TOP40:13F6B84E5B9DFB4E,Investec PLC,ZA_TOP40,XJSE,,INP.JO,
NAME:8f58aec30b98,CROSS_LISTING_OR_DUAL_LISTING_NON_BLOCKING,investec,WS:SRC:ZA_TOP40:226ACE3524DC99B3,Investec Ltd,ZA_TOP40,XJSE,,,
NAME:dffde2958f9e,CROSS_LISTING_OR_DUAL_LISTING_NON_BLOCKING,mondi,WS:XLON:MNDI.L,MONDI,EU_STOXX600,XLON,MNDI.L,MNDI.L,
NAME:dffde2958f9e,CROSS_LISTING_OR_DUAL_LISTING_NON_BLOCKING,mondi,WS:SRC:ZA_TOP40:DFFDE2958F9E4E6C,Mondi,ZA_TOP40,XJSE,,,
NAME:2870a1790f1d,CROSS_LISTING_OR_DUAL_LISTING_NON_BLOCKING,eqt,WS:XSTO:EQTAB.ST,EQT,EU_STOXX600,XSTO,EQTAB.ST,EQT.ST,
NAME:2870a1790f1d,CROSS_LISTING_OR_DUAL_LISTING_NON_BLOCKING,eqt,WS:US:EQT,EQT Corporation,US_SP1500,,EQT,EQT,
