WS_ID,Name,Primary_Universe_Index,Country,Primary_MIC,Primary_Ticker_Source,Yahoo_Symbol_Before,Yahoo_Status_Before,Yahoo_Symbol_After,Yahoo_Status_After,Remediation_Method,Changed,Detail_Reason,Detail_Result_Name,Detail_Exchange,Detail_Name_Score,Detail_Margin,Detail_Candidate_Count,Canonical_WS_ID_Candidate,Provider_Unresolved,Same_Venue_Duplicate_Review,Needs_Review
WS:XAMS:AKZO.AS,AKZO NOBEL,EU_STOXX600,NL,XAMS,AKZO.AS,,SEARCH_AMBIGUOUS,,SEARCH_AMBIGUOUS,CARRY_FORWARD,False,EU_REVIEW_REQUIRED,,,,,,,True,False,True
WS:XAMS:ARDS.AS,ARCADIS,EU_STOXX600,NL,XAMS,ARDS.AS,,SEARCH_AMBIGUOUS,,SEARCH_AMBIGUOUS,CARRY_FORWARD,False,EU_REVIEW_REQUIRED,,,,,,,True,False,True
WS:XAMS:BAMN.AS,BAM GROEP KON.,EU_STOXX600,NL,XAMS,BAMN.AS,,SEARCH_NO_QUOTES,,SEARCH_NO_QUOTES,CARRY_FORWARD,False,EU_REVIEW_REQUIRED,,,,,,,True,False,True
WS:XAMS:EXOR.AS,EXOR NV,EU_STOXX600,NL,XAMS,EXOR.AS,,SEARCH_AMBIGUOUS,,SEARCH_AMBIGUOUS,CARRY_FORWARD,False,EU_REVIEW_REQUIRED,,,,,,,True,False,True
WS:XAMS:PHG.AS,PHILIPS,EU_STOXX600,NL,XAMS,PHG.AS,,SEARCH_AMBIGUOUS,,SEARCH_AMBIGUOUS,CARRY_FORWARD,False,EU_REVIEW_REQUIRED,,,,,,,True,False,True
WS:XAMS:VOPA.AS,VOPAK,EU_STOXX600,NL,XAMS,VOPA.AS,,SEARCH_AMBIGUOUS,,SEARCH_AMBIGUOUS,CARRY_FORWARD,False,EU_REVIEW_REQUIRED,,,,,,,True,False,True
WS:XBRU:WDPP.BR,WDP,EU_STOXX600,BE,XBRU,WDPP.BR,,SEARCH_AMBIGUOUS,,SEARCH_AMBIGUOUS,CARRY_FORWARD,False,EU_REVIEW_REQUIRED,,,,,,,True,False,True
WS:XCSE:ALKB.CO,ALK-ABELLO B,EU_STOXX600,DK,XCSE,ALKb.CO,,SEARCH_AMBIGUOUS,,SEARCH_AMBIGUOUS,CARRY_FORWARD,False,EU_REVIEW_REQUIRED,,,,,,,True,False,True
WS:XCSE:MAERSKB.CO,A.P.MOLLER-MAERSK B,EU_STOXX600,DK,XCSE,MAERSKb.CO,,SEARCH_NO_QUOTES,,SEARCH_NO_QUOTES,CARRY_FORWARD,False,EU_REVIEW_REQUIRED,,,,,,,True,False,True
WS:XCSE:ROCKB.CO,ROCKWOOL B,EU_STOXX600,DK,XCSE,ROCKb.CO,,SEARCH_NO_QUOTES,,SEARCH_NO_QUOTES,CARRY_FORWARD,False,EU_REVIEW_REQUIRED,,,,,,,True,False,True
WS:XDUB:KSP.I,KINGSPAN GRP,EU_STOXX600,IE,XDUB,KSP.I,,SEARCH_NO_QUOTES,,SEARCH_NO_QUOTES,CARRY_FORWARD,False,EU_REVIEW_REQUIRED,,,,,,,True,False,True
WS:XDUB:KYGA.I,KERRY GRP,EU_STOXX600,IE,XDUB,KYGa.I,,SEARCH_NO_QUOTES,,SEARCH_NO_QUOTES,CARRY_FORWARD,False,EU_REVIEW_REQUIRED,,,,,,,True,False,True
WS:XETR:AG1G.DE,AUTO1 GROUP,EU_STOXX600,DE,XETR,AG1G.DE,,SEARCH_AMBIGUOUS,,SEARCH_AMBIGUOUS,CARRY_FORWARD,False,EU_REVIEW_REQUIRED,,,,,,,True,False,True
WS:XETR:BEIG.DE,BEIERSDORF,EU_STOXX600,DE,XETR,BEIG.DE,,SEARCH_AMBIGUOUS,,SEARCH_AMBIGUOUS,CARRY_FORWARD,False,EU_REVIEW_REQUIRED,,,,,,,True,False,True
WS:XETR:BMWG.DE,BMW,EU_STOXX600,DE,XETR,BMWG.DE,,SEARCH_AMBIGUOUS,,SEARCH_AMBIGUOUS,CARRY_FORWARD,False,EU_REVIEW_REQUIRED,,,,,,,True,False,True
WS:XETR:DB1GN.DE,DEUTSCHE BOERSE,EU_STOXX600,DE,XETR,DB1Gn.DE,,SEARCH_AMBIGUOUS,,SEARCH_AMBIGUOUS,CARRY_FORWARD,False,EU_REVIEW_REQUIRED,,,,,,,True,False,True
WS:XETR:EONGN.DE,E.ON,EU_STOXX600,DE,XETR,EONGn.DE,,SEARCH_AMBIGUOUS,,SEARCH_AMBIGUOUS,CARRY_FORWARD,False,EU_REVIEW_REQUIRED,,,,,,,True,False,True
WS:XETR:FMEG.DE,FRESENIUS MEDICAL CARE,EU_STOXX600,DE,XETR,FMEG.DE,,SEARCH_AMBIGUOUS,,SEARCH_AMBIGUOUS,CARRY_FORWARD,False,EU_REVIEW_REQUIRED,,,,,,,True,False,True
WS:XETR:FPE3_P.DE,FUCHS PREF,EU_STOXX600,DE,XETR,FPE3_p.DE,,SEARCH_NO_QUOTES,,SEARCH_NO_QUOTES,CARRY_FORWARD,False,EU_REVIEW_REQUIRED,,,,,,,True,False,True
WS:XETR:FREG.DE,FRESENIUS,EU_STOXX600,DE,XETR,FREG.DE,,SEARCH_AMBIGUOUS,,SEARCH_AMBIGUOUS,CARRY_FORWARD,False,EU_REVIEW_REQUIRED,,,,,,,True,False,True
WS:XETR:FTKN.DE,FLATEXDEGIRO N,EU_STOXX600,DE,XETR,FTKn.DE,,SEARCH_NO_QUOTES,,SEARCH_NO_QUOTES,CARRY_FORWARD,False,EU_REVIEW_REQUIRED,,,,,,,True,False,True
WS:XETR:G1AG.DE,GEA GRP,EU_STOXX600,DE,XETR,G1AG.DE,,SEARCH_NO_QUOTES,,SEARCH_NO_QUOTES,CARRY_FORWARD,False,EU_REVIEW_REQUIRED,,,,,,,True,False,True
WS:XETR:HNKG_P.DE,HENKEL PREF,EU_STOXX600,DE,XETR,HNKG_p.DE,,SEARCH_NO_QUOTES,,SEARCH_NO_QUOTES,CARRY_FORWARD,False,EU_REVIEW_REQUIRED,,,,,,,True,False,True
WS:XETR:MUVGN.DE,MUENCHENER RUECK,EU_STOXX600,DE,XETR,MUVGn.DE,,SEARCH_AMBIGUOUS,,SEARCH_AMBIGUOUS,CARRY_FORWARD,False,EU_REVIEW_REQUIRED,,,,,,,True,False,True
WS:XETR:PSHG_P.DE,PORSCHE AUTOMOBIL HLDG PREF,EU_STOXX600,DE,XETR,PSHG_p.DE,,SEARCH_NO_QUOTES,,SEARCH_NO_QUOTES,CARRY_FORWARD,False,EU_REVIEW_REQUIRED,,,,,,,True,False,True
WS:XETR:RAAG.DE,RATIONAL,EU_STOXX600,DE,XETR,RAAG.DE,,SEARCH_AMBIGUOUS,,SEARCH_AMBIGUOUS,CARRY_FORWARD,False,EU_REVIEW_REQUIRED,,,,,,,True,False,True
WS:XETR:SATG_P.DE,SARTORIUS PREF.,EU_STOXX600,DE,XETR,SATG_p.DE,,SEARCH_AMBIGUOUS,,SEARCH_AMBIGUOUS,CARRY_FORWARD,False,EU_REVIEW_REQUIRED,,,,,,,True,False,True
WS:XETR:SDFGN.DE,K + S,EU_STOXX600,DE,XETR,SDFGn.DE,,SEARCH_AMBIGUOUS,,SEARCH_AMBIGUOUS,CARRY_FORWARD,False,EU_REVIEW_REQUIRED,,,,,,,True,False,True
WS:XETR:SIEGN.DE,SIEMENS,EU_STOXX600,DE,XETR,SIEGn.DE,,SEARCH_AMBIGUOUS,,SEARCH_AMBIGUOUS,CARRY_FORWARD,False,EU_REVIEW_REQUIRED,,,,,,,True,False,True
WS:XETR:VOWG_P.DE,VOLKSWAGEN PREF,EU_STOXX600,DE,XETR,VOWG_p.DE,,SEARCH_NO_QUOTES,,SEARCH_NO_QUOTES,CARRY_FORWARD,False,EU_REVIEW_REQUIRED,,,,,,,True,False,True
WS:XLON:ADML.L,ADMIRAL GRP,EU_STOXX600,GB,XLON,ADML.L,,SEARCH_NO_QUOTES,,SEARCH_NO_QUOTES,CARRY_FORWARD,False,EU_REVIEW_REQUIRED,,,,,,,True,False,True
WS:XLON:BKGH.L,BERKELEY GRP HLDG,EU_STOXX600,GB,XLON,BKGH.L,,SEARCH_NO_QUOTES,,SEARCH_NO_QUOTES,CARRY_FORWARD,False,EU_REVIEW_REQUIRED,,,,,,,True,False,True
WS:XLON:BT.L,BT GRP,EU_STOXX600,GB,XLON,BT.L,,SEARCH_NO_QUOTES,,SEARCH_NO_QUOTES,CARRY_FORWARD,False,EU_REVIEW_REQUIRED,,,,,,,True,False,True
WS:XLON:ICAG.L,IAG,EU_STOXX600,GB,XLON,ICAG.L,,SEARCH_AMBIGUOUS,,SEARCH_AMBIGUOUS,CARRY_FORWARD,False,EU_REVIEW_REQUIRED,,,,,,,True,False,True
WS:XLON:ICGIN.L,ICG,EU_STOXX600,GB,XLON,ICGIN.L,,SEARCH_AMBIGUOUS,,SEARCH_AMBIGUOUS,CARRY_FORWARD,False,EU_REVIEW_REQUIRED,,,,,,,True,False,True
WS:XLON:SJP.L,ST.JAMES'S PLACE CAPITAL,EU_STOXX600,GB,XLON,SJP.L,,SEARCH_NO_QUOTES,,SEARCH_NO_QUOTES,CARRY_FORWARD,False,EU_REVIEW_REQUIRED,,,,,,,True,False,True
WS:XMAD:AMA.MC,AMADEUS IT GROUP,EU_STOXX600,ES,XMAD,AMA.MC,,SEARCH_AMBIGUOUS,,SEARCH_AMBIGUOUS,CARRY_FORWARD,False,EU_REVIEW_REQUIRED,,,,,,,True,False,True
WS:XMAD:PUIGB.MC,PUIG BRANDS B,EU_STOXX600,ES,XMAD,PUIGb.MC,,SEARCH_NO_QUOTES,,SEARCH_NO_QUOTES,CARRY_FORWARD,False,EU_REVIEW_REQUIRED,,,,,,,True,False,True
WS:XMAD:SABE.MC,BCO SABADELL,EU_STOXX600,ES,XMAD,SABE.MC,,SEARCH_NO_QUOTES,,SEARCH_NO_QUOTES,CARRY_FORWARD,False,EU_REVIEW_REQUIRED,,,,,,,True,False,True
WS:XMIL:A2.MI,A2A,EU_STOXX600,IT,XMIL,A2.MI,,SEARCH_AMBIGUOUS,,SEARCH_AMBIGUOUS,CARRY_FORWARD,False,EU_REVIEW_REQUIRED,,,,,,,True,False,True
WS:XMIL:AZMT.MI,AZIMUT HLDG,EU_STOXX600,IT,XMIL,AZMT.MI,,SEARCH_NO_QUOTES,,SEARCH_NO_QUOTES,CARRY_FORWARD,False,EU_REVIEW_REQUIRED,,,,,,,True,False,True
WS:XMIL:BCU.MI,BRUNELLO CUCINELLI,EU_STOXX600,IT,XMIL,BCU.MI,,SEARCH_AMBIGUOUS,,SEARCH_AMBIGUOUS,CARRY_FORWARD,False,EU_REVIEW_REQUIRED,,,,,,,True,False,True
WS:XMIL:GASI.MI,ASSICURAZIONI GENERALI,EU_STOXX600,IT,XMIL,GASI.MI,,SEARCH_AMBIGUOUS,,SEARCH_AMBIGUOUS,CARRY_FORWARD,False,EU_REVIEW_REQUIRED,,,,,,,True,False,True
WS:XMIL:HRA.MI,HERA,EU_STOXX600,IT,XMIL,HRA.MI,,SEARCH_AMBIGUOUS,,SEARCH_AMBIGUOUS,CARRY_FORWARD,False,EU_REVIEW_REQUIRED,,,,,,,True,False,True
WS:XMIL:ITPG.MI,INTERPUMP GRP,EU_STOXX600,IT,XMIL,ITPG.MI,,SEARCH_NO_QUOTES,,SEARCH_NO_QUOTES,CARRY_FORWARD,False,EU_REVIEW_REQUIRED,,,,,,,True,False,True
WS:XMIL:NEXII.MI,NEXI SPA,EU_STOXX600,IT,XMIL,NEXII.MI,,SEARCH_AMBIGUOUS,,SEARCH_AMBIGUOUS,CARRY_FORWARD,False,EU_REVIEW_REQUIRED,,,,,,,True,False,True
WS:XMIL:RECI.MI,RECORDATI,EU_STOXX600,IT,XMIL,RECI.MI,,SEARCH_AMBIGUOUS,,SEARCH_AMBIGUOUS,CARRY_FORWARD,False,EU_REVIEW_REQUIRED,,,,,,,True,False,True
WS:XMIL:TENR.MI,TENARIS,EU_STOXX600,IT,XMIL,TENR.MI,,SEARCH_AMBIGUOUS,,SEARCH_AMBIGUOUS,CARRY_FORWARD,False,EU_REVIEW_REQUIRED,,,,,,,True,False,True
WS:XOSL:GJFG.OL,GJENSIDIGE FORSIKRING,EU_STOXX600,NO,XOSL,GJFG.OL,,SEARCH_AMBIGUOUS,,SEARCH_AMBIGUOUS,CARRY_FORWARD,False,EU_REVIEW_REQUIRED,,,,,,,True,False,True
WS:XPAR:BOUY.PA,BOUYGUES,EU_STOXX600,FR,XPAR,BOUY.PA,,SEARCH_AMBIGUOUS,,SEARCH_AMBIGUOUS,CARRY_FORWARD,False,EU_REVIEW_REQUIRED,,,,,,,True,False,True
WS:XPAR:CAGR.PA,CREDIT AGRICOLE,EU_STOXX600,FR,XPAR,CAGR.PA,,SEARCH_AMBIGUOUS,,SEARCH_AMBIGUOUS,CARRY_FORWARD,False,EU_REVIEW_REQUIRED,,,,,,,True,False,True
WS:XPAR:CAPP.PA,CAP GEMINI,EU_STOXX600,FR,XPAR,CAPP.PA,,SEARCH_NO_QUOTES,,SEARCH_NO_QUOTES,CARRY_FORWARD,False,EU_REVIEW_REQUIRED,,,,,,,True,False,True
WS:XPAR:DAST.PA,DASSAULT SYSTEMS,EU_STOXX600,FR,XPAR,DAST.PA,,SEARCH_NO_QUOTES,,SEARCH_NO_QUOTES,CARRY_FORWARD,False,EU_REVIEW_REQUIRED,,,,,,,True,False,True
WS:XPAR:HRMS.PA,HERMES INTERNATIONAL,EU_STOXX600,FR,XPAR,HRMS.PA,,SEARCH_AMBIGUOUS,,SEARCH_AMBIGUOUS,CARRY_FORWARD,False,EU_REVIEW_REQUIRED,,,,,,,True,False,True
WS:XPAR:LVMH.PA,LVMH MOET HENNESSY,EU_STOXX600,FR,XPAR,LVMH.PA,,SEARCH_AMBIGUOUS,,SEARCH_AMBIGUOUS,CARRY_FORWARD,False,EU_REVIEW_REQUIRED,,,,,,,True,False,True
WS:XPAR:MICP.PA,MICHELIN,EU_STOXX600,FR,XPAR,MICP.PA,,SEARCH_AMBIGUOUS,,SEARCH_AMBIGUOUS,CARRY_FORWARD,False,EU_REVIEW_REQUIRED,,,,,,,True,False,True
WS:XPAR:PUBP.PA,PUBLICIS GRP,EU_STOXX600,FR,XPAR,PUBP.PA,,SEARCH_NO_QUOTES,,SEARCH_NO_QUOTES,CARRY_FORWARD,False,EU_REVIEW_REQUIRED,,,,,,,True,False,True
WS:XPAR:SCOR.PA,SCOR,EU_STOXX600,FR,XPAR,SCOR.PA,,SEARCH_AMBIGUOUS,,SEARCH_AMBIGUOUS,CARRY_FORWARD,False,EU_REVIEW_REQUIRED,,,,,,,True,False,True
WS:XPAR:SOGN.PA,GRP SOCIETE GENERALE,EU_STOXX600,FR,XPAR,SOGN.PA,,SEARCH_NO_QUOTES,,SEARCH_NO_QUOTES,CARRY_FORWARD,False,EU_REVIEW_REQUIRED,,,,,,,True,False,True
WS:XSTO:ADDTB.ST,ADDTECH B,EU_STOXX600,SE,XSTO,ADDTb.ST,,SEARCH_AMBIGUOUS,,SEARCH_AMBIGUOUS,CARRY_FORWARD,False,EU_REVIEW_REQUIRED,,,,,,,True,False,True
WS:XSTO:AVANZ.ST,AVANZA BANK HLDG,EU_STOXX600,SE,XSTO,AVANZ.ST,,SEARCH_NO_QUOTES,,SEARCH_NO_QUOTES,CARRY_FORWARD,False,EU_REVIEW_REQUIRED,,,,,,,True,False,True
WS:XSTO:BALDB.ST,FASTIGHETS BALDER B,EU_STOXX600,SE,XSTO,BALDb.ST,,SEARCH_NO_QUOTES,,SEARCH_NO_QUOTES,CARRY_FORWARD,False,EU_REVIEW_REQUIRED,,,,,,,True,False,True
WS:XSTO:BEIJB.ST,BEIJER REF AB,EU_STOXX600,SE,XSTO,BEIJb.ST,,SEARCH_AMBIGUOUS,,SEARCH_AMBIGUOUS,CARRY_FORWARD,False,EU_REVIEW_REQUIRED,,,,,,,True,False,True
WS:XSTO:EPIRA.ST,EPIROC A,EU_STOXX600,SE,XSTO,EPIRa.ST,,SEARCH_AMBIGUOUS,,SEARCH_AMBIGUOUS,CARRY_FORWARD,False,EU_REVIEW_REQUIRED,,,,,,,True,False,True
WS:XSTO:ERICB.ST,ERICSSON LM B,EU_STOXX600,SE,XSTO,ERICb.ST,,SEARCH_NO_QUOTES,,SEARCH_NO_QUOTES,CARRY_FORWARD,False,EU_REVIEW_REQUIRED,,,,,,,True,False,True
WS:XSTO:ESSITYB.ST,Essity B,EU_STOXX600,SE,XSTO,ESSITYb.ST,,SEARCH_NO_QUOTES,,SEARCH_NO_QUOTES,CARRY_FORWARD,False,EU_REVIEW_REQUIRED,,,,,,,True,False,True
WS:XSTO:GETIB.ST,GETINGE B,EU_STOXX600,SE,XSTO,GETIb.ST,,SEARCH_AMBIGUOUS,,SEARCH_AMBIGUOUS,CARRY_FORWARD,False,EU_REVIEW_REQUIRED,,,,,,,True,False,True
WS:XSTO:HEXAB.ST,HEXAGON B,EU_STOXX600,SE,XSTO,HEXAb.ST,,SEARCH_AMBIGUOUS,,SEARCH_AMBIGUOUS,CARRY_FORWARD,False,EU_REVIEW_REQUIRED,,,,,,,True,False,True
WS:XSTO:HMB.ST,HENNES & MAURITZ B,EU_STOXX600,SE,XSTO,HMb.ST,,SEARCH_NO_QUOTES,,SEARCH_NO_QUOTES,CARRY_FORWARD,False,EU_REVIEW_REQUIRED,,,,,,,True,False,True
WS:XSTO:HOLMB.ST,HOLMEN B,EU_STOXX600,SE,XSTO,HOLMb.ST,,SEARCH_AMBIGUOUS,,SEARCH_AMBIGUOUS,CARRY_FORWARD,False,EU_REVIEW_REQUIRED,,,,,,,True,False,True
WS:XSTO:INDUC.ST,INDUSTRIVARDEN C,EU_STOXX600,SE,XSTO,INDUc.ST,,SEARCH_NO_QUOTES,,SEARCH_NO_QUOTES,CARRY_FORWARD,False,EU_REVIEW_REQUIRED,,,,,,,True,False,True
WS:XSTO:INVEB.ST,INVESTOR B,EU_STOXX600,SE,XSTO,INVEb.ST,,SEARCH_AMBIGUOUS,,SEARCH_AMBIGUOUS,CARRY_FORWARD,False,EU_REVIEW_REQUIRED,,,,,,,True,False,True
WS:XSTO:LAGRB.ST,LAGERCRANTZ GROUP 'B',EU_STOXX600,SE,XSTO,LAGRb.ST,,SEARCH_NO_QUOTES,,SEARCH_NO_QUOTES,CARRY_FORWARD,False,EU_REVIEW_REQUIRED,,,,,,,True,False,True
WS:XSTO:LATOB.ST,LATOUR INVESTMENT B,EU_STOXX600,SE,XSTO,LATOb.ST,,SEARCH_NO_QUOTES,,SEARCH_NO_QUOTES,CARRY_FORWARD,False,EU_REVIEW_REQUIRED,,,,,,,True,False,True
WS:XSTO:LIFCOB.ST,LIFCO B,EU_STOXX600,SE,XSTO,LIFCOb.ST,,SEARCH_NO_QUOTES,,SEARCH_NO_QUOTES,CARRY_FORWARD,False,EU_REVIEW_REQUIRED,,,,,,,True,False,True
WS:XSTO:LUNDB.ST,LUNDBERGFORETAGEN B,EU_STOXX600,SE,XSTO,LUNDb.ST,,SEARCH_NO_QUOTES,,SEARCH_NO_QUOTES,CARRY_FORWARD,False,EU_REVIEW_REQUIRED,,,,,,,True,False,True
WS:XSTO:NIBEB.ST,NIBE INDUSTRIER B,EU_STOXX600,SE,XSTO,NIBEb.ST,,SEARCH_AMBIGUOUS,,SEARCH_AMBIGUOUS,CARRY_FORWARD,False,EU_REVIEW_REQUIRED,,,,,,,True,False,True
WS:XSTO:OCTVSDB.ST,OCTAVE INTELLIGENCE SDR,EU_STOXX600,SE,XSTO,OCTVsdb.ST,,SEARCH_NO_QUOTES,,SEARCH_NO_QUOTES,CARRY_FORWARD,False,EU_REVIEW_REQUIRED,,,,,,,True,False,True
WS:XSTO:SAABB.ST,SAAB B,EU_STOXX600,SE,XSTO,SAABb.ST,,SEARCH_AMBIGUOUS,,SEARCH_AMBIGUOUS,CARRY_FORWARD,False,EU_REVIEW_REQUIRED,,,,,,,True,False,True
WS:XSTO:SAGAB.ST,SAGAX 'B',EU_STOXX600,SE,XSTO,SAGAb.ST,,SEARCH_NO_QUOTES,,SEARCH_NO_QUOTES,CARRY_FORWARD,False,EU_REVIEW_REQUIRED,,,,,,,True,False,True
WS:XSTO:SCAB.ST,SVENSKA CELLULOSA AKTIE. SCA B,EU_STOXX600,SE,XSTO,SCAb.ST,,SEARCH_NO_QUOTES,,SEARCH_NO_QUOTES,CARRY_FORWARD,False,EU_REVIEW_REQUIRED,,,,,,,True,False,True
WS:XSTO:SEBA.ST,SKANDINAVISKA ENSKILDA BK A,EU_STOXX600,SE,XSTO,SEBa.ST,,SEARCH_NO_QUOTES,,SEARCH_NO_QUOTES,CARRY_FORWARD,False,EU_REVIEW_REQUIRED,,,,,,,True,False,True
WS:XSTO:SECTB.ST,SECTRA 'B',EU_STOXX600,SE,XSTO,SECTb.ST,,SEARCH_NO_QUOTES,,SEARCH_NO_QUOTES,CARRY_FORWARD,False,EU_REVIEW_REQUIRED,,,,,,,True,False,True
WS:XSTO:SECUB.ST,SECURITAS B,EU_STOXX600,SE,XSTO,SECUb.ST,,SEARCH_AMBIGUOUS,,SEARCH_AMBIGUOUS,CARRY_FORWARD,False,EU_REVIEW_REQUIRED,,,,,,,True,False,True
WS:XSTO:SKAB.ST,SKANSKA B,EU_STOXX600,SE,XSTO,SKAb.ST,,SEARCH_AMBIGUOUS,,SEARCH_AMBIGUOUS,CARRY_FORWARD,False,EU_REVIEW_REQUIRED,,,,,,,True,False,True
WS:XSTO:SKFB.ST,SKF B,EU_STOXX600,SE,XSTO,SKFb.ST,,SEARCH_AMBIGUOUS,,SEARCH_AMBIGUOUS,CARRY_FORWARD,False,EU_REVIEW_REQUIRED,,,,,,,True,False,True
WS:XSTO:SSABB.ST,SSAB B,EU_STOXX600,SE,XSTO,SSABb.ST,,SEARCH_NO_QUOTES,,SEARCH_NO_QUOTES,CARRY_FORWARD,False,EU_REVIEW_REQUIRED,,,,,,,True,False,True
WS:XSTO:SWECB.ST,SWECO 'B',EU_STOXX600,SE,XSTO,SWECb.ST,,SEARCH_AMBIGUOUS,,SEARCH_AMBIGUOUS,CARRY_FORWARD,False,EU_REVIEW_REQUIRED,,,,,,,True,False,True
WS:XSTO:TEL2B.ST,TELE2 B,EU_STOXX600,SE,XSTO,TEL2b.ST,,SEARCH_AMBIGUOUS,,SEARCH_AMBIGUOUS,CARRY_FORWARD,False,EU_REVIEW_REQUIRED,,,,,,,True,False,True
WS:XSTO:TRELB.ST,TRELLEBORG B,EU_STOXX600,SE,XSTO,TRELb.ST,,SEARCH_AMBIGUOUS,,SEARCH_AMBIGUOUS,CARRY_FORWARD,False,EU_REVIEW_REQUIRED,,,,,,,True,False,True
WS:XSTO:VOLVB.ST,VOLVO B,EU_STOXX600,SE,XSTO,VOLVb.ST,,SEARCH_AMBIGUOUS,,SEARCH_AMBIGUOUS,CARRY_FORWARD,False,EU_REVIEW_REQUIRED,,,,,,,True,False,True
WS:XSWX:ALCC.S,ALCON,EU_STOXX600,CH,XSWX,ALCC.S,,SEARCH_AMBIGUOUS,,SEARCH_AMBIGUOUS,CARRY_FORWARD,False,EU_REVIEW_REQUIRED,,,,,,,True,False,True
WS:XSWX:COTNE.S,COMET HOLDINGS 'R',EU_STOXX600,CH,XSWX,COTNE.S,,SEARCH_NO_QUOTES,,SEARCH_NO_QUOTES,CARRY_FORWARD,False,EU_REVIEW_REQUIRED,,,,,,,True,False,True
WS:XSWX:HBANC.S,HELVETIA BALOISE HLDG,EU_STOXX600,CH,XSWX,HBANC.S,,SEARCH_NO_QUOTES,,SEARCH_NO_QUOTES,CARRY_FORWARD,False,EU_REVIEW_REQUIRED,,,,,,,True,False,True
WS:XSWX:ROPC.S,ROCHE PS,EU_STOXX600,CH,XSWX,ROPC.S,,SEARCH_AMBIGUOUS,,SEARCH_AMBIGUOUS,CARRY_FORWARD,False,EU_REVIEW_REQUIRED,,,,,,,True,False,True
WS:XSWX:SRENH.S,SWISS REINSURANCE COMPANY,EU_STOXX600,CH,XSWX,SRENH.S,,SEARCH_NO_QUOTES,,SEARCH_NO_QUOTES,CARRY_FORWARD,False,EU_REVIEW_REQUIRED,,,,,,,True,False,True
WS:XWBO:OMVV.VI,OMV,EU_STOXX600,AT,XWBO,OMVV.VI,,SEARCH_AMBIGUOUS,,SEARCH_AMBIGUOUS,CARRY_FORWARD,False,EU_REVIEW_REQUIRED,,,,,,,True,False,True
WS:XMEX:ALFAA,ALFA,MX_IPC,Mexico,XMEX,ALFA A,,SEARCH_AMBIGUOUS,,SEARCH_AMBIGUOUS,CARRY_FORWARD,False,MX_REVIEW_REQUIRED,,,,,,,True,False,True
WS:XMEX:FEMSAUBD,FEMSA,MX_IPC,Mexico,XMEX,FEMSA UBD,,SEARCH_AMBIGUOUS,,SEARCH_AMBIGUOUS,CARRY_FORWARD,False,MX_REVIEW_REQUIRED,,,,,,,True,False,True
WS:XMEX:GFINBURO,Inbursa,MX_IPC,Mexico,XMEX,GFINBUR O,,SEARCH_AMBIGUOUS,,SEARCH_AMBIGUOUS,CARRY_FORWARD,False,MX_REVIEW_REQUIRED,,,,,,,True,False,True
WS:XMEX:GFNORTEO,Banorte,MX_IPC,Mexico,XMEX,GFNORTE O,,SEARCH_AMBIGUOUS,,SEARCH_AMBIGUOUS,CARRY_FORWARD,False,MX_REVIEW_REQUIRED,,,,,,,True,False,True
WS:XMEX:MEGACPO,Megacable,MX_IPC,Mexico,XMEX,MEGA CPO,,SEARCH_AMBIGUOUS,,SEARCH_AMBIGUOUS,CARRY_FORWARD,False,MX_REVIEW_REQUIRED,,,,,,,True,False,True
WS:XMEX:VOLARA,Volaris,MX_IPC,Mexico,XMEX,VOLAR A,,SEARCH_NO_QUOTES,,SEARCH_NO_QUOTES,CARRY_FORWARD,False,MX_REVIEW_REQUIRED,,,,,,,True,False,True
WS:SRC:ZA_TOP40:226ACE3524DC99B3,Investec Ltd,ZA_TOP40,South Africa,XJSE,,,SEARCH_AMBIGUOUS,,JSE_MULTI_SECURITY_REVIEW,JSE_REVALIDATION_REVIEW,True,JSE_MULTI_SECURITY_REVIEW,,,,,2,,True,False,True
WS:SRC:ZA_TOP40:269DEF2006BCDC3A,Implats,ZA_TOP40,South Africa,XJSE,,,SEARCH_NO_QUOTES,,JSE_NO_UNIQUE_MARKET_EQUITY,JSE_REVALIDATION_REVIEW,True,JSE_NO_UNIQUE_MARKET_EQUITY,,,,,0,,True,False,True
WS:SRC:ZA_TOP40:2DF0FDC7A9EB6AF3,AB InBev,ZA_TOP40,South Africa,XJSE,,,SEARCH_AMBIGUOUS,,JSE_NO_UNIQUE_MARKET_EQUITY,JSE_REVALIDATION_REVIEW,True,JSE_NO_UNIQUE_MARKET_EQUITY,,,,,0,,True,False,True
WS:SRC:ZA_TOP40:3372028E3DD353C9,Absa Group,ZA_TOP40,South Africa,XJSE,,,SEARCH_AMBIGUOUS,,JSE_NO_UNIQUE_MARKET_EQUITY,JSE_REVALIDATION_REVIEW,True,JSE_NO_UNIQUE_MARKET_EQUITY,,,,,0,,True,False,True
WS:SRC:ZA_TOP40:3598A879F2EA6E99,Sanlam,ZA_TOP40,South Africa,XJSE,,,SEARCH_AMBIGUOUS,,JSE_NO_UNIQUE_MARKET_EQUITY,JSE_REVALIDATION_REVIEW,True,JSE_NO_UNIQUE_MARKET_EQUITY,,,,,0,,True,False,True
WS:SRC:ZA_TOP40:8096AB44770BB485,MultiChoice,ZA_TOP40,South Africa,XJSE,,,SEARCH_NO_QUOTES,,JSE_NO_UNIQUE_MARKET_EQUITY,JSE_REVALIDATION_REVIEW,True,JSE_NO_UNIQUE_MARKET_EQUITY,,,,,0,,True,False,True
WS:SRC:ZA_TOP40:826AEDDC44AC58D6,RMH,ZA_TOP40,South Africa,XJSE,,,SEARCH_AMBIGUOUS,,JSE_NO_UNIQUE_MARKET_EQUITY,JSE_REVALIDATION_REVIEW,True,JSE_NO_UNIQUE_MARKET_EQUITY,,,,,0,,True,False,True
WS:SRC:ZA_TOP40:8D915874D6D1F74D,Growthpoint Properties,ZA_TOP40,South Africa,XJSE,,,SEARCH_AMBIGUOUS,,JSE_NO_UNIQUE_MARKET_EQUITY,JSE_REVALIDATION_REVIEW,True,JSE_NO_UNIQUE_MARKET_EQUITY,,,,,0,,True,False,True
WS:SRC:ZA_TOP40:A5EBFF44983C436F,Bidcorp,ZA_TOP40,South Africa,XJSE,,,SEARCH_NO_QUOTES,,JSE_NO_UNIQUE_MARKET_EQUITY,JSE_REVALIDATION_REVIEW,True,JSE_NO_UNIQUE_MARKET_EQUITY,,,,,0,,True,False,True
WS:SRC:ZA_TOP40:A707BAE04D25DE84,Gold Fields,ZA_TOP40,South Africa,XJSE,,,SEARCH_AMBIGUOUS,,JSE_NO_UNIQUE_MARKET_EQUITY,JSE_REVALIDATION_REVIEW,True,JSE_NO_UNIQUE_MARKET_EQUITY,,,,,0,,True,False,True
WS:SRC:ZA_TOP40:B9672938BA6AA893,FirstRand,ZA_TOP40,South Africa,XJSE,,,SEARCH_AMBIGUOUS,,JSE_MULTI_SECURITY_REVIEW,JSE_REVALIDATION_REVIEW,True,JSE_MULTI_SECURITY_REVIEW,,,,,2,,True,False,True
WS:SRC:ZA_TOP40:C3D446CB310D4D8C,Capitec,ZA_TOP40,South Africa,XJSE,,,SEARCH_AMBIGUOUS,,JSE_MULTI_SECURITY_REVIEW,JSE_REVALIDATION_REVIEW,True,JSE_MULTI_SECURITY_REVIEW,,,,,2,,True,False,True
WS:SRC:ZA_TOP40:C4F89DB729DA585F,BHP,ZA_TOP40,South Africa,XJSE,,,SEARCH_AMBIGUOUS,,JSE_NO_UNIQUE_MARKET_EQUITY,JSE_REVALIDATION_REVIEW,True,JSE_NO_UNIQUE_MARKET_EQUITY,,,,,0,,True,False,True
WS:SRC:ZA_TOP40:CA5BCEC12F716F44,BAT,ZA_TOP40,South Africa,XJSE,,,SEARCH_AMBIGUOUS,,JSE_NO_UNIQUE_MARKET_EQUITY,JSE_REVALIDATION_REVIEW,True,JSE_NO_UNIQUE_MARKET_EQUITY,,,,,0,,True,False,True
WS:SRC:ZA_TOP40:CCFFACA1ACD941D3,Standard Bank,ZA_TOP40,South Africa,XJSE,,,SEARCH_AMBIGUOUS,,JSE_MULTI_SECURITY_REVIEW,JSE_REVALIDATION_REVIEW,True,JSE_MULTI_SECURITY_REVIEW,,,,,3,,True,False,True
WS:SRC:ZA_TOP40:DFFDE2958F9E4E6C,Mondi,ZA_TOP40,South Africa,XJSE,,,SEARCH_AMBIGUOUS,,JSE_NO_UNIQUE_MARKET_EQUITY,JSE_REVALIDATION_REVIEW,True,JSE_NO_UNIQUE_MARKET_EQUITY,,,,,0,,True,False,True
WS:SRC:ZA_TOP40:EEEF37437472AD5D,Aspen Pharmacare,ZA_TOP40,South Africa,XJSE,,,SEARCH_AMBIGUOUS,,JSE_NO_UNIQUE_MARKET_EQUITY,JSE_REVALIDATION_REVIEW,True,JSE_NO_UNIQUE_MARKET_EQUITY,,,,,0,,True,False,True
WS:SRC:ZA_TOP40:FA44132B238E6795,Discovery,ZA_TOP40,South Africa,XJSE,,,SEARCH_AMBIGUOUS,,JSE_NO_UNIQUE_MARKET_EQUITY,JSE_REVALIDATION_REVIEW,True,JSE_NO_UNIQUE_MARKET_EQUITY,,,,,0,,True,False,True
