ws_id,yahoo_symbol,mapping_status,status,reason_code,unique_bars,valid_bars,repaired_rows,suspicious_returns,zero_volume_share,first_bar_date,last_bar_date,last_fetch_utc,batch_id,last_error
WS:BVMF:NATU3,NATU3.SA,EXPLICIT,QUARANTINE,SUSPICIOUS_RETURN_NEEDS_REPAIR,296,296,0,1,0.013513513513513514,2025-06-26,2026-08-28,2026-09-01T04:50:04+00:00,YF-20260901T045004149351-78862e8c-R,NO_DATA_IN_BATCH
WS:XAMS:AEGN.AS,AEGN.AS,DERIVED_RULE_NORMALIZED,DOWNLOAD_FAILED,NO_DATA_IN_BATCH,0,0,0,0,,,,2026-09-01T04:49:51+00:00,YF-20260901T044941520671-c5772feb,NO_DATA_IN_BATCH
WS:XAMS:AKZO.AS,AKZO.AS,DERIVED_RULE_NORMALIZED,DOWNLOAD_FAILED,NO_DATA_IN_BATCH,0,0,0,0,,,,2026-09-01T04:49:51+00:00,YF-20260901T044941520671-c5772feb,NO_DATA_IN_BATCH
WS:XAMS:ARDS.AS,ARDS.AS,DERIVED_RULE_NORMALIZED,DOWNLOAD_FAILED,NO_DATA_IN_BATCH,0,0,0,0,,,,2026-09-01T04:49:51+00:00,YF-20260901T044941520671-c5772feb,NO_DATA_IN_BATCH
WS:XAMS:ASMI.AS,ASMI.AS,DERIVED_RULE_NORMALIZED,DOWNLOAD_FAILED,NO_DATA_IN_BATCH,0,0,0,0,,,,2026-09-01T04:49:51+00:00,YF-20260901T044941520671-c5772feb,NO_DATA_IN_BATCH
WS:XAMS:BAMN.AS,BAMN.AS,DERIVED_RULE_NORMALIZED,DOWNLOAD_FAILED,NO_DATA_IN_BATCH,0,0,0,0,,,,2026-09-01T04:49:51+00:00,YF-20260901T044941520671-c5772feb,NO_DATA_IN_BATCH
WS:XAMS:CSG.AS,CSG.AS,DERIVED_RULE_NORMALIZED,QUARANTINE,INVALID_OHLC_OR_VOLUME,154,153,0,0,0.0,2026-01-23,2026-08-28,2026-09-01T04:50:04+00:00,YF-20260901T045004149351-78862e8c-R,NO_DATA_IN_BATCH
WS:XAMS:EXOR.AS,EXOR.AS,DERIVED_RULE_NORMALIZED,DOWNLOAD_FAILED,NO_DATA_IN_BATCH,0,0,0,0,,,,2026-09-01T04:49:51+00:00,YF-20260901T044941520671-c5772feb,NO_DATA_IN_BATCH
WS:XAMS:MICCT.AS,MICCT.AS,DERIVED_RULE_NORMALIZED,DOWNLOAD_FAILED,NO_DATA_IN_BATCH,0,0,0,0,,,,2026-09-01T04:49:51+00:00,YF-20260901T044941520671-c5772feb,NO_DATA_IN_BATCH
WS:XAMS:PHG.AS,PHG.AS,DERIVED_RULE_NORMALIZED,DOWNLOAD_FAILED,NO_DATA_IN_BATCH,0,0,0,0,,,,2026-09-01T04:49:51+00:00,YF-20260901T044941520671-c5772feb,NO_DATA_IN_BATCH
WS:XAMS:SHEL.AS,SHEL.AS,DERIVED_RULE_NORMALIZED,DOWNLOAD_FAILED,NO_DATA_IN_BATCH,0,0,0,0,,,,2026-09-01T04:49:51+00:00,YF-20260901T044941520671-c5772feb,NO_DATA_IN_BATCH
WS:XAMS:VOPA.AS,VOPA.AS,DERIVED_RULE_NORMALIZED,DOWNLOAD_FAILED,NO_DATA_IN_BATCH,0,0,0,0,,,,2026-09-01T04:49:51+00:00,YF-20260901T044941520671-c5772feb,NO_DATA_IN_BATCH
WS:XBRU:AGES.BR,AGES.BR,DERIVED_RULE_NORMALIZED,DOWNLOAD_FAILED,NO_DATA_IN_BATCH,0,0,0,0,,,,2026-09-01T04:49:51+00:00,YF-20260901T044941520671-c5772feb,NO_DATA_IN_BATCH
WS:XBRU:AOO.BR,AOO.BR,DERIVED_RULE_NORMALIZED,DOWNLOAD_FAILED,NO_DATA_IN_BATCH,0,0,0,0,,,,2026-09-01T04:49:51+00:00,YF-20260901T044941520671-c5772feb,NO_DATA_IN_BATCH
WS:XBRU:IETB.BR,IETB.BR,DERIVED_RULE_NORMALIZED,DOWNLOAD_FAILED,NO_DATA_IN_BATCH,0,0,0,0,,,,2026-09-01T04:49:51+00:00,YF-20260901T044941520671-c5772feb,NO_DATA_IN_BATCH
WS:XBRU:WDPP.BR,WDPP.BR,DERIVED_RULE_NORMALIZED,DOWNLOAD_FAILED,NO_DATA_IN_BATCH,0,0,0,0,,,,2026-09-01T04:49:51+00:00,YF-20260901T044941520671-c5772feb,NO_DATA_IN_BATCH
WS:XCSE:ZELA.CO,ZELA.CO,DERIVED_RULE_NORMALIZED,DOWNLOAD_FAILED,NO_DATA_IN_BATCH,0,0,0,0,,,,2026-09-01T04:49:51+00:00,YF-20260901T044941520671-c5772feb,NO_DATA_IN_BATCH
WS:XETR:AG1G.DE,AG1G.DE,DERIVED_RULE_NORMALIZED,DOWNLOAD_FAILED,NO_DATA_IN_BATCH,0,0,0,0,,,,2026-09-01T04:49:51+00:00,YF-20260901T044941520671-c5772feb,NO_DATA_IN_BATCH
WS:XETR:ALVG.DE,ALVG.DE,DERIVED_RULE_NORMALIZED,DOWNLOAD_FAILED,NO_DATA_IN_BATCH,0,0,0,0,,,,2026-09-01T04:49:51+00:00,YF-20260901T044941520671-c5772feb,NO_DATA_IN_BATCH
WS:XETR:BC8G.DE,BC8G.DE,DERIVED_RULE_NORMALIZED,DOWNLOAD_FAILED,NO_DATA_IN_BATCH,0,0,0,0,,,,2026-09-01T04:49:51+00:00,YF-20260901T044941520671-c5772feb,NO_DATA_IN_BATCH
WS:XETR:BEIG.DE,BEIG.DE,DERIVED_RULE_NORMALIZED,DOWNLOAD_FAILED,NO_DATA_IN_BATCH,0,0,0,0,,,,2026-09-01T04:49:51+00:00,YF-20260901T044941520671-c5772feb,NO_DATA_IN_BATCH
WS:XETR:BMWG.DE,BMWG.DE,DERIVED_RULE_NORMALIZED,DOWNLOAD_FAILED,NO_DATA_IN_BATCH,0,0,0,0,,,,2026-09-01T04:49:51+00:00,YF-20260901T044941520671-c5772feb,NO_DATA_IN_BATCH
WS:XETR:CBKG.DE,CBKG.DE,DERIVED_RULE_NORMALIZED,DOWNLOAD_FAILED,NO_DATA_IN_BATCH,0,0,0,0,,,,2026-09-01T04:49:51+00:00,YF-20260901T044941520671-c5772feb,NO_DATA_IN_BATCH
WS:XETR:CONG.DE,CONG.DE,DERIVED_RULE_NORMALIZED,DOWNLOAD_FAILED,NO_DATA_IN_BATCH,0,0,0,0,,,,2026-09-01T04:49:51+00:00,YF-20260901T044941520671-c5772feb,NO_DATA_IN_BATCH
WS:XETR:EVDG.DE,EVDG.DE,DERIVED_RULE_NORMALIZED,DOWNLOAD_FAILED,NO_DATA_IN_BATCH,0,0,0,0,,,,2026-09-01T04:49:51+00:00,YF-20260901T044941520671-c5772feb,NO_DATA_IN_BATCH
WS:XETR:FMEG.DE,FMEG.DE,DERIVED_RULE_NORMALIZED,DOWNLOAD_FAILED,NO_DATA_IN_BATCH,0,0,0,0,,,,2026-09-01T04:49:51+00:00,YF-20260901T044941520671-c5772feb,NO_DATA_IN_BATCH
WS:XETR:FRAG.DE,FRAG.DE,DERIVED_RULE_NORMALIZED,DOWNLOAD_FAILED,NO_DATA_IN_BATCH,0,0,0,0,,,,2026-09-01T04:49:51+00:00,YF-20260901T044941520671-c5772feb,NO_DATA_IN_BATCH
WS:XETR:FREG.DE,FREG.DE,DERIVED_RULE_NORMALIZED,DOWNLOAD_FAILED,NO_DATA_IN_BATCH,0,0,0,0,,,,2026-09-01T04:49:51+00:00,YF-20260901T044941520671-c5772feb,NO_DATA_IN_BATCH
WS:XETR:G1AG.DE,G1AG.DE,DERIVED_RULE_NORMALIZED,DOWNLOAD_FAILED,NO_DATA_IN_BATCH,0,0,0,0,,,,2026-09-01T04:49:51+00:00,YF-20260901T044941520671-c5772feb,NO_DATA_IN_BATCH
WS:XETR:GBFG.DE,GBFG.DE,DERIVED_RULE_NORMALIZED,DOWNLOAD_FAILED,NO_DATA_IN_BATCH,0,0,0,0,,,,2026-09-01T04:49:51+00:00,YF-20260901T044941520671-c5772feb,NO_DATA_IN_BATCH
WS:XETR:HAGG.DE,HAGG.DE,DERIVED_RULE_NORMALIZED,DOWNLOAD_FAILED,NO_DATA_IN_BATCH,0,0,0,0,,,,2026-09-01T04:49:51+00:00,YF-20260901T044941520671-c5772feb,NO_DATA_IN_BATCH
WS:XETR:HEIG.DE,HEIG.DE,DERIVED_RULE_NORMALIZED,DOWNLOAD_FAILED,NO_DATA_IN_BATCH,0,0,0,0,,,,2026-09-01T04:49:51+00:00,YF-20260901T044941520671-c5772feb,NO_DATA_IN_BATCH
WS:XETR:HOTG.DE,HOTG.DE,DERIVED_RULE_NORMALIZED,DOWNLOAD_FAILED,NO_DATA_IN_BATCH,0,0,0,0,,,,2026-09-01T04:49:51+00:00,YF-20260901T044941520671-c5772feb,NO_DATA_IN_BATCH
WS:XETR:LHAG.DE,LHAG.DE,DERIVED_RULE_NORMALIZED,DOWNLOAD_FAILED,NO_DATA_IN_BATCH,0,0,0,0,,,,2026-09-01T04:49:51+00:00,YF-20260901T044941520671-c5772feb,NO_DATA_IN_BATCH
WS:XETR:NAFG.DE,NAFG.DE,DERIVED_RULE_NORMALIZED,DOWNLOAD_FAILED,NO_DATA_IN_BATCH,0,0,0,0,,,,2026-09-01T04:49:51+00:00,YF-20260901T044941520671-c5772feb,NO_DATA_IN_BATCH
WS:XETR:NDXG.DE,NDXG.DE,DERIVED_RULE_NORMALIZED,DOWNLOAD_FAILED,NO_DATA_IN_BATCH,0,0,0,0,,,,2026-09-01T04:49:51+00:00,YF-20260901T044941520671-c5772feb,NO_DATA_IN_BATCH
WS:XETR:NEKG.DE,NEKG.DE,DERIVED_RULE_NORMALIZED,DOWNLOAD_FAILED,NO_DATA_IN_BATCH,0,0,0,0,,,,2026-09-01T04:49:51+00:00,YF-20260901T044941520671-c5772feb,NO_DATA_IN_BATCH
WS:XETR:PUMG.DE,PUMG.DE,DERIVED_RULE_NORMALIZED,DOWNLOAD_FAILED,NO_DATA_IN_BATCH,0,0,0,0,,,,2026-09-01T04:49:51+00:00,YF-20260901T044941520671-c5772feb,NO_DATA_IN_BATCH
WS:XETR:RAAG.DE,RAAG.DE,DERIVED_RULE_NORMALIZED,DOWNLOAD_FAILED,NO_DATA_IN_BATCH,0,0,0,0,,,,2026-09-01T04:49:51+00:00,YF-20260901T044941520671-c5772feb,NO_DATA_IN_BATCH
WS:XETR:RHMG.DE,RHMG.DE,DERIVED_RULE_NORMALIZED,DOWNLOAD_FAILED,NO_DATA_IN_BATCH,0,0,0,0,,,,2026-09-01T04:49:51+00:00,YF-20260901T044941520671-c5772feb,NO_DATA_IN_BATCH
WS:XETR:RWEG.DE,RWEG.DE,DERIVED_RULE_NORMALIZED,DOWNLOAD_FAILED,NO_DATA_IN_BATCH,0,0,0,0,,,,2026-09-01T04:49:51+00:00,YF-20260901T044941520671-c5772feb,NO_DATA_IN_BATCH
WS:XETR:SAPG.DE,SAPG.DE,DERIVED_RULE_NORMALIZED,DOWNLOAD_FAILED,NO_DATA_IN_BATCH,0,0,0,0,,,,2026-09-01T04:49:51+00:00,YF-20260901T044941520671-c5772feb,NO_DATA_IN_BATCH
WS:XETR:SHLG.DE,SHLG.DE,DERIVED_RULE_NORMALIZED,DOWNLOAD_FAILED,NO_DATA_IN_BATCH,0,0,0,0,,,,2026-09-01T04:49:51+00:00,YF-20260901T044941520671-c5772feb,NO_DATA_IN_BATCH
WS:XETR:SY1G.DE,SY1G.DE,DERIVED_RULE_NORMALIZED,DOWNLOAD_FAILED,NO_DATA_IN_BATCH,0,0,0,0,,,,2026-09-01T04:49:51+00:00,YF-20260901T044941520671-c5772feb,NO_DATA_IN_BATCH
WS:XETR:TEGG.DE,TEGG.DE,DERIVED_RULE_NORMALIZED,DOWNLOAD_FAILED,NO_DATA_IN_BATCH,0,0,0,0,,,,2026-09-01T04:49:51+00:00,YF-20260901T044941520671-c5772feb,NO_DATA_IN_BATCH
WS:XETR:TKAG.DE,TKAG.DE,DERIVED_RULE_NORMALIZED,DOWNLOAD_FAILED,NO_DATA_IN_BATCH,0,0,0,0,,,,2026-09-01T04:49:51+00:00,YF-20260901T044941520671-c5772feb,NO_DATA_IN_BATCH
WS:XETR:ZALG.DE,ZALG.DE,DERIVED_RULE_NORMALIZED,DOWNLOAD_FAILED,NO_DATA_IN_BATCH,0,0,0,0,,,,2026-09-01T04:49:51+00:00,YF-20260901T044941520671-c5772feb,NO_DATA_IN_BATCH
WS:XHEL:KCRA.HE,KCRA.HE,DERIVED_RULE_NORMALIZED,DOWNLOAD_FAILED,NO_DATA_IN_BATCH,0,0,0,0,,,,2026-09-01T04:49:51+00:00,YF-20260901T044941520671-c5772feb,NO_DATA_IN_BATCH
WS:XHEL:NDAFI.HE,NDAFI.HE,DERIVED_RULE_NORMALIZED,DOWNLOAD_FAILED,NO_DATA_IN_BATCH,0,0,0,0,,,,2026-09-01T04:49:51+00:00,YF-20260901T044941520671-c5772feb,NO_DATA_IN_BATCH
WS:XLON:ADML.L,ADML.L,DERIVED_RULE_NORMALIZED,DOWNLOAD_FAILED,NO_DATA_IN_BATCH,0,0,0,0,,,,2026-09-01T04:49:51+00:00,YF-20260901T044941520671-c5772feb,NO_DATA_IN_BATCH
WS:XLON:AUTOA.L,AUTOA.L,DERIVED_RULE_NORMALIZED,DOWNLOAD_FAILED,NO_DATA_IN_BATCH,0,0,0,0,,,,2026-09-01T04:49:51+00:00,YF-20260901T044941520671-c5772feb,NO_DATA_IN_BATCH
WS:XLON:BALF.L,BALF.L,DERIVED_RULE_NORMALIZED,DOWNLOAD_FAILED,NO_DATA_IN_BATCH,0,0,0,0,,,,2026-09-01T04:49:51+00:00,YF-20260901T044941520671-c5772feb,NO_DATA_IN_BATCH
WS:XLON:BBOXT.L,BBOXT.L,DERIVED_RULE_NORMALIZED,DOWNLOAD_FAILED,NO_DATA_IN_BATCH,0,0,0,0,,,,2026-09-01T04:49:51+00:00,YF-20260901T044941520671-c5772feb,NO_DATA_IN_BATCH
WS:XLON:BEZG.L,BEZG.L,DERIVED_RULE_NORMALIZED,DOWNLOAD_FAILED,NO_DATA_IN_BATCH,0,0,0,0,,,,2026-09-01T04:49:51+00:00,YF-20260901T044941520671-c5772feb,NO_DATA_IN_BATCH
WS:XLON:BKGH.L,BKGH.L,DERIVED_RULE_NORMALIZED,DOWNLOAD_FAILED,NO_DATA_IN_BATCH,0,0,0,0,,,,2026-09-01T04:49:51+00:00,YF-20260901T044941520671-c5772feb,NO_DATA_IN_BATCH
WS:XLON:BPTB.L,BPTB.L,DERIVED_RULE_NORMALIZED,DOWNLOAD_FAILED,NO_DATA_IN_BATCH,0,0,0,0,,,,2026-09-01T04:49:51+00:00,YF-20260901T044941520671-c5772feb,NO_DATA_IN_BATCH
WS:XLON:BT.L,BT.L,DERIVED_RULE_NORMALIZED,DOWNLOAD_FAILED,NO_DATA_IN_BATCH,0,0,0,0,,,,2026-09-01T04:49:51+00:00,YF-20260901T044941520671-c5772feb,NO_DATA_IN_BATCH
WS:XLON:HOCM.L,HOCM.L,DERIVED_RULE_NORMALIZED,DOWNLOAD_FAILED,NO_DATA_IN_BATCH,0,0,0,0,,,,2026-09-01T04:49:51+00:00,YF-20260901T044941520671-c5772feb,NO_DATA_IN_BATCH
WS:XLON:ICAG.L,ICAG.L,DERIVED_RULE_NORMALIZED,DOWNLOAD_FAILED,NO_DATA_IN_BATCH,0,0,0,0,,,,2026-09-01T04:50:00+00:00,YF-20260901T044951222880-ea84d0a7,NO_DATA_IN_BATCH
WS:XLON:ICGIN.L,ICGIN.L,DERIVED_RULE_NORMALIZED,DOWNLOAD_FAILED,NO_DATA_IN_BATCH,0,0,0,0,,,,2026-09-01T04:50:00+00:00,YF-20260901T044951222880-ea84d0a7,NO_DATA_IN_BATCH
WS:XLON:MRON.L,MRON.L,DERIVED_RULE_NORMALIZED,DOWNLOAD_FAILED,NO_DATA_IN_BATCH,0,0,0,0,,,,2026-09-01T04:50:00+00:00,YF-20260901T044951222880-ea84d0a7,NO_DATA_IN_BATCH
WS:XLON:PAFR.L,PAFR.L,DERIVED_RULE_NORMALIZED,DOWNLOAD_FAILED,NO_DATA_IN_BATCH,0,0,0,0,,,,2026-09-01T04:50:00+00:00,YF-20260901T044951222880-ea84d0a7,NO_DATA_IN_BATCH
WS:XLON:PLUSP.L,PLUSP.L,DERIVED_RULE_NORMALIZED,DOWNLOAD_FAILED,NO_DATA_IN_BATCH,0,0,0,0,,,,2026-09-01T04:50:00+00:00,YF-20260901T044951222880-ea84d0a7,NO_DATA_IN_BATCH
WS:XLON:ROR.L,ROR.L,DERIVED_RULE_NORMALIZED,QUARANTINE,SUSPICIOUS_RETURN_NEEDS_REPAIR,508,508,0,1,0.0,2024-08-28,2026-08-28,2026-09-01T04:50:04+00:00,YF-20260901T045004149351-78862e8c-R,NO_DATA_IN_BATCH
WS:XLON:RS1R.L,RS1R.L,DERIVED_RULE_NORMALIZED,DOWNLOAD_FAILED,NO_DATA_IN_BATCH,0,0,0,0,,,,2026-09-01T04:50:00+00:00,YF-20260901T044951222880-ea84d0a7,NO_DATA_IN_BATCH
WS:XLON:SHCS.L,SHCS.L,DERIVED_RULE_NORMALIZED,DOWNLOAD_FAILED,NO_DATA_IN_BATCH,0,0,0,0,,,,2026-09-01T04:50:00+00:00,YF-20260901T044951222880-ea84d0a7,NO_DATA_IN_BATCH
WS:XLON:SJP.L,SJP.L,DERIVED_RULE_NORMALIZED,DOWNLOAD_FAILED,NO_DATA_IN_BATCH,0,0,0,0,,,,2026-09-01T04:50:00+00:00,YF-20260901T044951222880-ea84d0a7,NO_DATA_IN_BATCH
WS:XLON:TCAPI.L,TCAPI.L,DERIVED_RULE_NORMALIZED,DOWNLOAD_FAILED,NO_DATA_IN_BATCH,0,0,0,0,,,,2026-09-01T04:50:00+00:00,YF-20260901T044951222880-ea84d0a7,NO_DATA_IN_BATCH
WS:XMAD:AMA.MC,AMA.MC,DERIVED_RULE_NORMALIZED,DOWNLOAD_FAILED,NO_DATA_IN_BATCH,0,0,0,0,,,,2026-09-01T04:50:00+00:00,YF-20260901T044951222880-ea84d0a7,NO_DATA_IN_BATCH
WS:XMAD:ENAG.MC,ENAG.MC,DERIVED_RULE_NORMALIZED,DOWNLOAD_FAILED,NO_DATA_IN_BATCH,0,0,0,0,,,,2026-09-01T04:50:00+00:00,YF-20260901T044951222880-ea84d0a7,NO_DATA_IN_BATCH
WS:XMAD:GRLS.MC,GRLS.MC,DERIVED_RULE_NORMALIZED,DOWNLOAD_FAILED,NO_DATA_IN_BATCH,0,0,0,0,,,,2026-09-01T04:50:00+00:00,YF-20260901T044951222880-ea84d0a7,NO_DATA_IN_BATCH
WS:XMAD:REDE.MC,REDE.MC,DERIVED_RULE_NORMALIZED,DOWNLOAD_FAILED,NO_DATA_IN_BATCH,0,0,0,0,,,,2026-09-01T04:50:00+00:00,YF-20260901T044951222880-ea84d0a7,NO_DATA_IN_BATCH
WS:XMAD:SABE.MC,SABE.MC,DERIVED_RULE_NORMALIZED,DOWNLOAD_FAILED,NO_DATA_IN_BATCH,0,0,0,0,,,,2026-09-01T04:50:00+00:00,YF-20260901T044951222880-ea84d0a7,NO_DATA_IN_BATCH
WS:XMIL:A2.MI,A2.MI,DERIVED_RULE_NORMALIZED,DOWNLOAD_FAILED,NO_DATA_IN_BATCH,0,0,0,0,,,,2026-09-01T04:50:00+00:00,YF-20260901T044951222880-ea84d0a7,NO_DATA_IN_BATCH
WS:XMIL:AZMT.MI,AZMT.MI,DERIVED_RULE_NORMALIZED,DOWNLOAD_FAILED,NO_DATA_IN_BATCH,0,0,0,0,,,,2026-09-01T04:50:00+00:00,YF-20260901T044951222880-ea84d0a7,NO_DATA_IN_BATCH
WS:XMIL:BCU.MI,BCU.MI,DERIVED_RULE_NORMALIZED,DOWNLOAD_FAILED,NO_DATA_IN_BATCH,0,0,0,0,,,,2026-09-01T04:50:00+00:00,YF-20260901T044951222880-ea84d0a7,NO_DATA_IN_BATCH
WS:XMIL:CPRI.MI,CPRI.MI,DERIVED_RULE_NORMALIZED,DOWNLOAD_FAILED,NO_DATA_IN_BATCH,0,0,0,0,,,,2026-09-01T04:50:00+00:00,YF-20260901T044951222880-ea84d0a7,NO_DATA_IN_BATCH
WS:XMIL:CRDI.MI,CRDI.MI,DERIVED_RULE_NORMALIZED,DOWNLOAD_FAILED,NO_DATA_IN_BATCH,0,0,0,0,,,,2026-09-01T04:50:00+00:00,YF-20260901T044951222880-ea84d0a7,NO_DATA_IN_BATCH
WS:XMIL:EMII.MI,EMII.MI,DERIVED_RULE_NORMALIZED,DOWNLOAD_FAILED,NO_DATA_IN_BATCH,0,0,0,0,,,,2026-09-01T04:50:00+00:00,YF-20260901T044951222880-ea84d0a7,NO_DATA_IN_BATCH
WS:XMIL:ENEI.MI,ENEI.MI,DERIVED_RULE_NORMALIZED,DOWNLOAD_FAILED,NO_DATA_IN_BATCH,0,0,0,0,,,,2026-09-01T04:50:00+00:00,YF-20260901T044951222880-ea84d0a7,NO_DATA_IN_BATCH
WS:XMIL:GASI.MI,GASI.MI,DERIVED_RULE_NORMALIZED,DOWNLOAD_FAILED,NO_DATA_IN_BATCH,0,0,0,0,,,,2026-09-01T04:50:00+00:00,YF-20260901T044951222880-ea84d0a7,NO_DATA_IN_BATCH
WS:XMIL:HRA.MI,HRA.MI,DERIVED_RULE_NORMALIZED,DOWNLOAD_FAILED,NO_DATA_IN_BATCH,0,0,0,0,,,,2026-09-01T04:50:00+00:00,YF-20260901T044951222880-ea84d0a7,NO_DATA_IN_BATCH
WS:XMIL:ITPG.MI,ITPG.MI,DERIVED_RULE_NORMALIZED,DOWNLOAD_FAILED,NO_DATA_IN_BATCH,0,0,0,0,,,,2026-09-01T04:50:00+00:00,YF-20260901T044951222880-ea84d0a7,NO_DATA_IN_BATCH
WS:XMIL:LDOF.MI,LDOF.MI,DERIVED_RULE_NORMALIZED,DOWNLOAD_FAILED,NO_DATA_IN_BATCH,0,0,0,0,,,,2026-09-01T04:50:00+00:00,YF-20260901T044951222880-ea84d0a7,NO_DATA_IN_BATCH
WS:XMIL:NEXII.MI,NEXII.MI,DERIVED_RULE_NORMALIZED,DOWNLOAD_FAILED,NO_DATA_IN_BATCH,0,0,0,0,,,,2026-09-01T04:50:00+00:00,YF-20260901T044951222880-ea84d0a7,NO_DATA_IN_BATCH
WS:XMIL:RECI.MI,RECI.MI,DERIVED_RULE_NORMALIZED,DOWNLOAD_FAILED,NO_DATA_IN_BATCH,0,0,0,0,,,,2026-09-01T04:50:00+00:00,YF-20260901T044951222880-ea84d0a7,NO_DATA_IN_BATCH
WS:XMIL:SPMI.MI,SPMI.MI,DERIVED_RULE_NORMALIZED,DOWNLOAD_FAILED,NO_DATA_IN_BATCH,0,0,0,0,,,,2026-09-01T04:50:00+00:00,YF-20260901T044951222880-ea84d0a7,NO_DATA_IN_BATCH
WS:XMIL:TENR.MI,TENR.MI,DERIVED_RULE_NORMALIZED,DOWNLOAD_FAILED,NO_DATA_IN_BATCH,0,0,0,0,,,,2026-09-01T04:50:00+00:00,YF-20260901T044951222880-ea84d0a7,NO_DATA_IN_BATCH
WS:XMIL:TLIT.MI,TLIT.MI,DERIVED_RULE_NORMALIZED,DOWNLOAD_FAILED,NO_DATA_IN_BATCH,0,0,0,0,,,,2026-09-01T04:50:00+00:00,YF-20260901T044951222880-ea84d0a7,NO_DATA_IN_BATCH
WS:XMIL:UNPI.MI,UNPI.MI,DERIVED_RULE_NORMALIZED,DOWNLOAD_FAILED,NO_DATA_IN_BATCH,0,0,0,0,,,,2026-09-01T04:50:00+00:00,YF-20260901T044951222880-ea84d0a7,NO_DATA_IN_BATCH
WS:XOSL:GJFG.OL,GJFG.OL,DERIVED_RULE_NORMALIZED,DOWNLOAD_FAILED,NO_DATA_IN_BATCH,0,0,0,0,,,,2026-09-01T04:50:00+00:00,YF-20260901T044951222880-ea84d0a7,NO_DATA_IN_BATCH
WS:XOSL:KMAR.OL,KMAR.OL,DERIVED_RULE_NORMALIZED,QUARANTINE,INVALID_OHLC_OR_VOLUME,90,89,0,0,0.0,2026-04-23,2026-08-28,2026-09-01T04:50:04+00:00,YF-20260901T045004149351-78862e8c-R,NO_DATA_IN_BATCH
WS:XPAR:ABVX.PA,ABVX.PA,DERIVED_RULE_NORMALIZED,QUARANTINE,SUSPICIOUS_RETURN_NEEDS_REPAIR,509,508,0,1,0.0,2024-09-02,2026-08-28,2026-09-01T04:50:04+00:00,YF-20260901T045004149351-78862e8c-R,NO_DATA_IN_BATCH
WS:XPAR:ACCP.PA,ACCP.PA,DERIVED_RULE_NORMALIZED,DOWNLOAD_FAILED,NO_DATA_IN_BATCH,0,0,0,0,,,,2026-09-01T04:50:00+00:00,YF-20260901T044951222880-ea84d0a7,NO_DATA_IN_BATCH
WS:XPAR:AIRP.PA,AIRP.PA,DERIVED_RULE_NORMALIZED,DOWNLOAD_FAILED,NO_DATA_IN_BATCH,0,0,0,0,,,,2026-09-01T04:50:00+00:00,YF-20260901T044951222880-ea84d0a7,NO_DATA_IN_BATCH
WS:XPAR:ALSO.PA,ALSO.PA,DERIVED_RULE_NORMALIZED,DOWNLOAD_FAILED,NO_DATA_IN_BATCH,0,0,0,0,,,,2026-09-01T04:50:00+00:00,YF-20260901T044951222880-ea84d0a7,NO_DATA_IN_BATCH
WS:XPAR:AXAF.PA,AXAF.PA,DERIVED_RULE_NORMALIZED,DOWNLOAD_FAILED,NO_DATA_IN_BATCH,0,0,0,0,,,,2026-09-01T04:50:00+00:00,YF-20260901T044951222880-ea84d0a7,NO_DATA_IN_BATCH
WS:XPAR:BIOX.PA,BIOX.PA,DERIVED_RULE_NORMALIZED,DOWNLOAD_FAILED,NO_DATA_IN_BATCH,0,0,0,0,,,,2026-09-01T04:50:00+00:00,YF-20260901T044951222880-ea84d0a7,NO_DATA_IN_BATCH
WS:XPAR:BNPP.PA,BNPP.PA,DERIVED_RULE_NORMALIZED,DOWNLOAD_FAILED,NO_DATA_IN_BATCH,0,0,0,0,,,,2026-09-01T04:50:00+00:00,YF-20260901T044951222880-ea84d0a7,NO_DATA_IN_BATCH
WS:XPAR:BOLL.PA,BOLL.PA,DERIVED_RULE_NORMALIZED,DOWNLOAD_FAILED,NO_DATA_IN_BATCH,0,0,0,0,,,,2026-09-01T04:50:00+00:00,YF-20260901T044951222880-ea84d0a7,NO_DATA_IN_BATCH
WS:XPAR:BOUY.PA,BOUY.PA,DERIVED_RULE_NORMALIZED,DOWNLOAD_FAILED,NO_DATA_IN_BATCH,0,0,0,0,,,,2026-09-01T04:50:00+00:00,YF-20260901T044951222880-ea84d0a7,NO_DATA_IN_BATCH
WS:XPAR:CAGR.PA,CAGR.PA,DERIVED_RULE_NORMALIZED,DOWNLOAD_FAILED,NO_DATA_IN_BATCH,0,0,0,0,,,,2026-09-01T04:50:00+00:00,YF-20260901T044951222880-ea84d0a7,NO_DATA_IN_BATCH
WS:XPAR:CAPP.PA,CAPP.PA,DERIVED_RULE_NORMALIZED,DOWNLOAD_FAILED,NO_DATA_IN_BATCH,0,0,0,0,,,,2026-09-01T04:50:00+00:00,YF-20260901T044951222880-ea84d0a7,NO_DATA_IN_BATCH
WS:XPAR:CARR.PA,CARR.PA,DERIVED_RULE_NORMALIZED,DOWNLOAD_FAILED,NO_DATA_IN_BATCH,0,0,0,0,,,,2026-09-01T04:50:00+00:00,YF-20260901T044951222880-ea84d0a7,NO_DATA_IN_BATCH
WS:XPAR:CVO.PA,CVO.PA,DERIVED_RULE_NORMALIZED,DOWNLOAD_FAILED,NO_DATA_IN_BATCH,0,0,0,0,,,,2026-09-01T04:50:00+00:00,YF-20260901T044951222880-ea84d0a7,NO_DATA_IN_BATCH
WS:XPAR:DANO.PA,DANO.PA,DERIVED_RULE_NORMALIZED,DOWNLOAD_FAILED,NO_DATA_IN_BATCH,0,0,0,0,,,,2026-09-01T04:50:00+00:00,YF-20260901T044951222880-ea84d0a7,NO_DATA_IN_BATCH
WS:XPAR:DAST.PA,DAST.PA,DERIVED_RULE_NORMALIZED,DOWNLOAD_FAILED,NO_DATA_IN_BATCH,0,0,0,0,,,,2026-09-01T04:50:00+00:00,YF-20260901T044951222880-ea84d0a7,NO_DATA_IN_BATCH
WS:XPAR:ENGIE.PA,ENGIE.PA,DERIVED_RULE_NORMALIZED,DOWNLOAD_FAILED,NO_DATA_IN_BATCH,0,0,0,0,,,,2026-09-01T04:50:00+00:00,YF-20260901T044951222880-ea84d0a7,NO_DATA_IN_BATCH
WS:XPAR:ESLX.PA,ESLX.PA,DERIVED_RULE_NORMALIZED,DOWNLOAD_FAILED,NO_DATA_IN_BATCH,0,0,0,0,,,,2026-09-01T04:50:00+00:00,YF-20260901T044951222880-ea84d0a7,NO_DATA_IN_BATCH
WS:XPAR:EUFI.PA,EUFI.PA,DERIVED_RULE_NORMALIZED,DOWNLOAD_FAILED,NO_DATA_IN_BATCH,0,0,0,0,,,,2026-09-01T04:50:00+00:00,YF-20260901T044951222880-ea84d0a7,NO_DATA_IN_BATCH
WS:XPAR:EXHO.PA,EXHO.PA,DERIVED_RULE_NORMALIZED,DOWNLOAD_FAILED,NO_DATA_IN_BATCH,0,0,0,0,,,,2026-09-01T04:50:00+00:00,YF-20260901T044951222880-ea84d0a7,NO_DATA_IN_BATCH
WS:XPAR:FOUG.PA,FOUG.PA,DERIVED_RULE_NORMALIZED,DOWNLOAD_FAILED,NO_DATA_IN_BATCH,0,0,0,0,,,,2026-09-01T04:50:00+00:00,YF-20260901T044951222880-ea84d0a7,NO_DATA_IN_BATCH
WS:XPAR:GETP.PA,GETP.PA,DERIVED_RULE_NORMALIZED,DOWNLOAD_FAILED,NO_DATA_IN_BATCH,0,0,0,0,,,,2026-09-01T04:50:00+00:00,YF-20260901T044951222880-ea84d0a7,NO_DATA_IN_BATCH
WS:XPAR:GFCP.PA,GFCP.PA,DERIVED_RULE_NORMALIZED,DOWNLOAD_FAILED,NO_DATA_IN_BATCH,0,0,0,0,,,,2026-09-01T04:50:00+00:00,YF-20260901T044951222880-ea84d0a7,NO_DATA_IN_BATCH
WS:XPAR:HRMS.PA,HRMS.PA,DERIVED_RULE_NORMALIZED,DOWNLOAD_FAILED,NO_DATA_IN_BATCH,0,0,0,0,,,,2026-09-01T04:50:00+00:00,YF-20260901T044951222880-ea84d0a7,NO_DATA_IN_BATCH
WS:XPAR:LEGD.PA,LEGD.PA,DERIVED_RULE_NORMALIZED,DOWNLOAD_FAILED,NO_DATA_IN_BATCH,0,0,0,0,,,,2026-09-01T04:50:00+00:00,YF-20260901T044951222880-ea84d0a7,NO_DATA_IN_BATCH
WS:XPAR:LOIM.PA,LOIM.PA,DERIVED_RULE_NORMALIZED,DOWNLOAD_FAILED,NO_DATA_IN_BATCH,0,0,0,0,,,,2026-09-01T04:50:00+00:00,YF-20260901T044951222880-ea84d0a7,NO_DATA_IN_BATCH
WS:XPAR:LVMH.PA,LVMH.PA,DERIVED_RULE_NORMALIZED,DOWNLOAD_FAILED,NO_DATA_IN_BATCH,0,0,0,0,,,,2026-09-01T04:50:00+00:00,YF-20260901T044951222880-ea84d0a7,NO_DATA_IN_BATCH
WS:XPAR:MICP.PA,MICP.PA,DERIVED_RULE_NORMALIZED,DOWNLOAD_FAILED,NO_DATA_IN_BATCH,0,0,0,0,,,,2026-09-01T04:50:00+00:00,YF-20260901T044951222880-ea84d0a7,NO_DATA_IN_BATCH
WS:XPAR:NEXS.PA,NEXS.PA,DERIVED_RULE_NORMALIZED,DOWNLOAD_FAILED,NO_DATA_IN_BATCH,0,0,0,0,,,,2026-09-01T04:50:00+00:00,YF-20260901T044951222880-ea84d0a7,NO_DATA_IN_BATCH
WS:XPAR:ORAN.PA,ORAN.PA,DERIVED_RULE_NORMALIZED,DOWNLOAD_FAILED,NO_DATA_IN_BATCH,0,0,0,0,,,,2026-09-01T04:50:00+00:00,YF-20260901T044951222880-ea84d0a7,NO_DATA_IN_BATCH
WS:XPAR:OREP.PA,OREP.PA,DERIVED_RULE_NORMALIZED,DOWNLOAD_FAILED,NO_DATA_IN_BATCH,0,0,0,0,,,,2026-09-01T04:50:00+00:00,YF-20260901T044951222880-ea84d0a7,NO_DATA_IN_BATCH
WS:XPAR:PERP.PA,PERP.PA,DERIVED_RULE_NORMALIZED,DOWNLOAD_FAILED,NO_DATA_IN_BATCH,0,0,0,0,,,,2026-09-01T04:50:00+00:00,YF-20260901T044951222880-ea84d0a7,NO_DATA_IN_BATCH
WS:XPAR:PRTP.PA,PRTP.PA,DERIVED_RULE_NORMALIZED,DOWNLOAD_FAILED,NO_DATA_IN_BATCH,0,0,0,0,,,,2026-09-01T04:50:00+00:00,YF-20260901T044951222880-ea84d0a7,NO_DATA_IN_BATCH
WS:XPAR:PUBP.PA,PUBP.PA,DERIVED_RULE_NORMALIZED,DOWNLOAD_FAILED,NO_DATA_IN_BATCH,0,0,0,0,,,,2026-09-01T04:50:00+00:00,YF-20260901T044951222880-ea84d0a7,NO_DATA_IN_BATCH
WS:XPAR:RENA.PA,RENA.PA,DERIVED_RULE_NORMALIZED,DOWNLOAD_FAILED,NO_DATA_IN_BATCH,0,0,0,0,,,,2026-09-01T04:50:00+00:00,YF-20260901T044951222880-ea84d0a7,NO_DATA_IN_BATCH
WS:XPAR:RUBF.PA,RUBF.PA,DERIVED_RULE_NORMALIZED,DOWNLOAD_FAILED,NO_DATA_IN_BATCH,0,0,0,0,,,,2026-09-01T04:50:00+00:00,YF-20260901T044951222880-ea84d0a7,NO_DATA_IN_BATCH
WS:XPAR:SASY.PA,SASY.PA,DERIVED_RULE_NORMALIZED,DOWNLOAD_FAILED,NO_DATA_IN_BATCH,0,0,0,0,,,,2026-09-01T04:50:00+00:00,YF-20260901T044951222880-ea84d0a7,NO_DATA_IN_BATCH
WS:XPAR:SCHN.PA,SCHN.PA,DERIVED_RULE_NORMALIZED,DOWNLOAD_FAILED,NO_DATA_IN_BATCH,0,0,0,0,,,,2026-09-01T04:50:00+00:00,YF-20260901T044951222880-ea84d0a7,NO_DATA_IN_BATCH
WS:XPAR:SCOR.PA,SCOR.PA,DERIVED_RULE_NORMALIZED,DOWNLOAD_FAILED,NO_DATA_IN_BATCH,0,0,0,0,,,,2026-09-01T04:50:00+00:00,YF-20260901T044951222880-ea84d0a7,NO_DATA_IN_BATCH
WS:XPAR:SGEF.PA,SGEF.PA,DERIVED_RULE_NORMALIZED,DOWNLOAD_FAILED,NO_DATA_IN_BATCH,0,0,0,0,,,,2026-09-01T04:50:00+00:00,YF-20260901T044951222880-ea84d0a7,NO_DATA_IN_BATCH
WS:XPAR:SGOB.PA,SGOB.PA,DERIVED_RULE_NORMALIZED,DOWNLOAD_FAILED,NO_DATA_IN_BATCH,0,0,0,0,,,,2026-09-01T04:50:00+00:00,YF-20260901T044951222880-ea84d0a7,NO_DATA_IN_BATCH
WS:XPAR:SOGN.PA,SOGN.PA,DERIVED_RULE_NORMALIZED,DOWNLOAD_FAILED,NO_DATA_IN_BATCH,0,0,0,0,,,,2026-09-01T04:50:00+00:00,YF-20260901T044951222880-ea84d0a7,NO_DATA_IN_BATCH
WS:XPAR:SOIT.PA,SOIT.PA,DERIVED_RULE_NORMALIZED,DOWNLOAD_FAILED,NO_DATA_IN_BATCH,0,0,0,0,,,,2026-09-01T04:50:00+00:00,YF-20260901T044951222880-ea84d0a7,NO_DATA_IN_BATCH
WS:XPAR:SOPR.PA,SOPR.PA,DERIVED_RULE_NORMALIZED,DOWNLOAD_FAILED,NO_DATA_IN_BATCH,0,0,0,0,,,,2026-09-01T04:50:00+00:00,YF-20260901T044951222880-ea84d0a7,NO_DATA_IN_BATCH
WS:XPAR:STDM.PA,STDM.PA,DERIVED_RULE_NORMALIZED,DOWNLOAD_FAILED,NO_DATA_IN_BATCH,0,0,0,0,,,,2026-09-01T04:50:00+00:00,YF-20260901T044951222880-ea84d0a7,NO_DATA_IN_BATCH
WS:XPAR:TCFP.PA,TCFP.PA,DERIVED_RULE_NORMALIZED,DOWNLOAD_FAILED,NO_DATA_IN_BATCH,0,0,0,0,,,,2026-09-01T04:50:00+00:00,YF-20260901T044951222880-ea84d0a7,NO_DATA_IN_BATCH
WS:XPAR:TEPRF.PA,TEPRF.PA,DERIVED_RULE_NORMALIZED,DOWNLOAD_FAILED,NO_DATA_IN_BATCH,0,0,0,0,,,,2026-09-01T04:50:00+00:00,YF-20260901T044951222880-ea84d0a7,NO_DATA_IN_BATCH
WS:XPAR:TTEF.PA,TTEF.PA,DERIVED_RULE_NORMALIZED,DOWNLOAD_FAILED,NO_DATA_IN_BATCH,0,0,0,0,,,,2026-09-01T04:50:00+00:00,YF-20260901T044951222880-ea84d0a7,NO_DATA_IN_BATCH
WS:XPAR:VLLP.PA,VLLP.PA,DERIVED_RULE_NORMALIZED,DOWNLOAD_FAILED,NO_DATA_IN_BATCH,0,0,0,0,,,,2026-09-01T04:50:00+00:00,YF-20260901T044951222880-ea84d0a7,NO_DATA_IN_BATCH
WS:XPAR:VLOF.PA,VLOF.PA,DERIVED_RULE_NORMALIZED,DOWNLOAD_FAILED,NO_DATA_IN_BATCH,0,0,0,0,,,,2026-09-01T04:50:00+00:00,YF-20260901T044951222880-ea84d0a7,NO_DATA_IN_BATCH
WS:XSTO:AVANZ.ST,AVANZ.ST,DERIVED_RULE_NORMALIZED,DOWNLOAD_FAILED,NO_DATA_IN_BATCH,0,0,0,0,,,,2026-09-01T04:50:00+00:00,YF-20260901T044951222880-ea84d0a7,NO_DATA_IN_BATCH
WS:XSTO:EVOG.ST,EVOG.ST,DERIVED_RULE_NORMALIZED,DOWNLOAD_FAILED,NO_DATA_IN_BATCH,0,0,0,0,,,,2026-09-01T04:50:00+00:00,YF-20260901T044951222880-ea84d0a7,NO_DATA_IN_BATCH
WS:XSTO:SOBIV.ST,SOBIV.ST,DERIVED_RULE_NORMALIZED,DOWNLOAD_FAILED,NO_DATA_IN_BATCH,0,0,0,0,,,,2026-09-01T04:50:04+00:00,YF-20260901T045000095543-3f6ee8f4,NO_DATA_IN_BATCH
WS:XTSE:IAU,IAU.TO,DERIVED_RULE,QUARANTINE,SUSPICIOUS_RETURN_NEEDS_REPAIR,500,500,0,1,0.0,2024-09-03,2026-08-31,2026-09-01T04:50:04+00:00,YF-20260901T045004149351-78862e8c-R,NO_DATA_IN_BATCH
WS:XTSE:LAC,LAC.TO,DERIVED_RULE,QUARANTINE,SUSPICIOUS_RETURN_NEEDS_REPAIR,500,500,0,1,0.0,2024-09-03,2026-08-31,2026-09-01T04:50:04+00:00,YF-20260901T045004149351-78862e8c-R,NO_DATA_IN_BATCH
WS:XWAR:ACPP.WA,ACPP.WA,DERIVED_RULE_NORMALIZED,DOWNLOAD_FAILED,NO_DATA_IN_BATCH,0,0,0,0,,,,2026-09-01T04:50:04+00:00,YF-20260901T045000095543-3f6ee8f4,NO_DATA_IN_BATCH
WS:XWAR:ALEP.WA,ALEP.WA,DERIVED_RULE_NORMALIZED,DOWNLOAD_FAILED,NO_DATA_IN_BATCH,0,0,0,0,,,,2026-09-01T04:50:04+00:00,YF-20260901T045000095543-3f6ee8f4,NO_DATA_IN_BATCH
WS:XWAR:LPPP.WA,LPPP.WA,DERIVED_RULE_NORMALIZED,DOWNLOAD_FAILED,NO_DATA_IN_BATCH,0,0,0,0,,,,2026-09-01T04:50:04+00:00,YF-20260901T045000095543-3f6ee8f4,NO_DATA_IN_BATCH
WS:XWAR:MILP.WA,MILP.WA,DERIVED_RULE_NORMALIZED,DOWNLOAD_FAILED,NO_DATA_IN_BATCH,0,0,0,0,,,,2026-09-01T04:50:04+00:00,YF-20260901T045000095543-3f6ee8f4,NO_DATA_IN_BATCH
WS:XWBO:ATSV.VI,ATSV.VI,DERIVED_RULE_NORMALIZED,DOWNLOAD_FAILED,NO_DATA_IN_BATCH,0,0,0,0,,,,2026-09-01T04:50:04+00:00,YF-20260901T045000095543-3f6ee8f4,NO_DATA_IN_BATCH
WS:XWBO:BAWG.VI,BAWG.VI,DERIVED_RULE_NORMALIZED,DOWNLOAD_FAILED,NO_DATA_IN_BATCH,0,0,0,0,,,,2026-09-01T04:50:04+00:00,YF-20260901T045000095543-3f6ee8f4,NO_DATA_IN_BATCH
WS:XWBO:ERST.VI,ERST.VI,DERIVED_RULE_NORMALIZED,DOWNLOAD_FAILED,NO_DATA_IN_BATCH,0,0,0,0,,,,2026-09-01T04:50:04+00:00,YF-20260901T045000095543-3f6ee8f4,NO_DATA_IN_BATCH
WS:XWBO:OMVV.VI,OMVV.VI,DERIVED_RULE_NORMALIZED,DOWNLOAD_FAILED,NO_DATA_IN_BATCH,0,0,0,0,,,,2026-09-01T04:50:04+00:00,YF-20260901T045000095543-3f6ee8f4,NO_DATA_IN_BATCH
WS:XWBO:RBIV.VI,RBIV.VI,DERIVED_RULE_NORMALIZED,DOWNLOAD_FAILED,NO_DATA_IN_BATCH,0,0,0,0,,,,2026-09-01T04:50:04+00:00,YF-20260901T045000095543-3f6ee8f4,NO_DATA_IN_BATCH
WS:XWBO:VERB.VI,VERB.VI,DERIVED_RULE_NORMALIZED,DOWNLOAD_FAILED,NO_DATA_IN_BATCH,0,0,0,0,,,,2026-09-01T04:50:04+00:00,YF-20260901T045000095543-3f6ee8f4,NO_DATA_IN_BATCH
WS:XWBO:VOES.VI,VOES.VI,DERIVED_RULE_NORMALIZED,DOWNLOAD_FAILED,NO_DATA_IN_BATCH,0,0,0,0,,,,2026-09-01T04:50:04+00:00,YF-20260901T045000095543-3f6ee8f4,NO_DATA_IN_BATCH
WS:XWBO:WBSV.VI,WBSV.VI,DERIVED_RULE_NORMALIZED,DOWNLOAD_FAILED,NO_DATA_IN_BATCH,0,0,0,0,,,,2026-09-01T04:50:04+00:00,YF-20260901T045000095543-3f6ee8f4,NO_DATA_IN_BATCH
